,col
0,0.0
1,0.0
2,0.0
3,0.0
4,0.0
5,0.0
6,4.0
7,0.0
8,5.5
9,326.5
10,776.5
11,1285.0
12,1855.0
13,1502.5
14,1051.0
15,252.5
16,1.0
17,0.5
18,0.0
19,0.0
20,0.0
21,0.0
22,0.0
23,0.0
24,0.0
25,0.0
26,0.0
27,0.0
28,0.0
29,0.0
30,0.0
31,0.0
32,4.5
33,46.0
34,176.0
35,337.0
36,479.0
37,510.5
38,228.5
39,27.5
40,10.5
41,3.5
42,0.0
43,0.0
44,0.0
45,0.0
46,0.0
47,0.0
48,0.0
49,0.0
50,0.0
51,0.0
52,0.0
53,0.0
54,0.0
55,0.0
56,16.5
57,604.0
58,1415.0
59,1785.0
60,2010.0
61,1531.0
62,771.5
63,102.0
64,7.0
65,5.0
66,0.5
67,0.0
68,0.0
69,0.0
70,0.0
71,0.0
72,0.0
73,0.0
74,0.0
75,0.0
76,0.0
77,0.0
78,0.0
79,0.0
80,64.0
81,180.0
82,657.5
83,969.5
84,1150.0
85,1310.0
86,892.0
87,271.0
88,0.5
89,0.0
90,0.0
91,0.0
92,0.0
93,0.0
94,0.0
95,0.0
96,0.0
97,0.0
98,0.0
99,0.0
100,0.0
101,0.0
102,0.0
103,0.0
104,29.0
105,499.5
106,1265.0
107,1885.0
108,2045.0
109,1511.5
110,1052.0
111,220.0
112,5.0
113,5.0
114,2.0
115,0.0
116,0.0
117,0.0
118,0.0
119,0.0
120,0.0
121,0.0
122,0.0
123,0.0
124,0.0
125,0.0
126,0.0
127,0.0
128,71.75
129,459.0
130,1275.0
131,1785.0
132,1765.0
133,1598.5
134,922.5
135,243.5
136,6.0
137,1.0
138,0.5
139,0.0
140,0.0
141,0.0
142,0.0
143,0.0
144,0.0
145,0.0
146,0.0
147,0.0
148,0.0
149,0.0
150,0.0
151,0.0
152,116.5
153,1218.0
154,2690.0
155,3675.0
156,4170.0
157,3257.5
158,2595.0
159,784.5
160,15.5
161,2.0
162,0.5
163,0.0
164,0.0
165,0.0
166,0.0
167,0.0
168,0.0
169,0.0
170,0.0
171,0.0
172,0.0
173,0.0
174,0.0
175,0.0
176,30.0
177,496.5
178,1090.0
179,1255.0
180,1130.0
181,1049.5
182,379.0
183,48.5
184,0.0
185,0.0
186,0.0
187,0.0
188,0.0
189,0.0
190,0.0
191,0.0
192,0.0
193,0.0
194,0.0
195,0.0
196,0.0
197,0.0
198,0.0
199,1.0
200,50.0
201,42.5
202,180.5
203,291.0
204,351.0
205,552.0
206,144.0
207,24.5
208,0.0
209,0.0
210,0.0
211,0.0
212,0.0
213,0.0
214,0.0
215,0.0
216,0.0
217,0.0
218,0.0
219,0.0
220,0.0
221,0.0
222,0.0
223,0.0
224,90.5
225,852.0
226,1850.0
227,2480.0
228,2880.0
229,2180.5
230,1595.0
231,534.5
232,9.0
233,2.5
234,0.0
235,0.0
236,0.0
237,0.0
238,0.0
239,0.0
240,0.0
241,0.0
242,0.0
243,0.0
244,0.0
245,0.0
246,0.0
247,0.0
248,40.5
249,433.0
250,1093.0
251,1625.0
252,1795.0
253,1524.5
254,1032.5
255,326.0
256,10.0
257,0.5
258,0.0
259,0.0
260,0.0
261,0.0
262,0.0
263,0.0
264,0.0
265,0.0
266,0.0
267,0.0
268,0.0
269,0.0
270,0.0
271,0.0
272,35.5
273,317.5
274,727.0
275,1095.0
276,1160.0
277,1270.5
278,665.0
279,183.75
280,1.5
281,0.0
282,0.0
283,0.0
284,0.0
285,0.0
286,0.0
287,0.0
288,0.0
289,0.0
290,0.0
291,0.0
292,0.0
293,0.0
294,0.0
295,1.5
296,27.0
297,201.0
298,493.0
299,722.5
300,715.5
301,554.5
302,336.0
303,90.5
304,1.5
305,0.0
306,0.0
307,0.0
308,0.0
309,0.0
310,0.0
311,0.0
312,0.0
313,0.0
314,0.0
315,0.0
316,0.0
317,0.0
318,0.0
319,0.0
320,19.5
321,220.0
322,651.5
323,1000.0
324,1170.0
325,1005.5
326,604.5
327,183.5
328,3.5
329,1.0
330,0.0
331,0.0
332,0.0
333,0.0
334,0.0
335,0.0
336,0.0
337,0.0
338,0.0
339,0.0
340,0.0
341,0.0
342,1.5
343,0.0
344,12.5
345,160.0
346,528.5
347,955.0
348,1295.0
349,1198.5
350,1149.0
351,516.5
352,16.5
353,0.5
354,0.0
355,0.0
356,0.0
357,0.0
358,0.0
359,0.0
360,0.0
361,0.0
362,0.0
363,0.0
364,0.0
365,0.0
366,0.0
367,0.0
368,195.0
369,1229.0
370,2385.0
371,3165.0
372,3095.0
373,2085.0
374,1078.0
375,290.0
376,7.5
377,3.5
378,0.0
379,0.0
380,0.0
381,0.0
382,0.0
383,0.0
384,0.0
385,0.0
386,0.0
387,0.0
388,0.0
389,0.0
390,0.0
391,0.0
392,239.0
393,1555.0
394,2870.0
395,3665.0
396,3495.0
397,2526.0
398,1760.0
399,611.0
400,13.5
401,0.5
402,0.5
403,0.0
404,0.0
405,0.0
406,0.0
407,0.0
408,0.0
409,0.0
410,0.0
411,0.0
412,0.0
413,0.0
414,1.5
415,0.5
416,236.5
417,1355.0
418,2555.0
419,2965.0
420,2420.0
421,1951.5
422,1390.0
423,563.5
424,34.0
425,5.0
426,3.5
427,1.0
428,0.0
429,0.0
430,0.0
431,0.0
432,0.0
433,0.0
434,0.0
435,0.0
436,0.0
437,0.0
438,1.5
439,1.0
440,339.5
441,1685.0
442,3045.0
443,3780.0
444,3745.0
445,2746.5
446,1970.0
447,763.5
448,28.5
449,0.0
450,0.0
451,0.0
452,0.0
453,0.0
454,0.0
455,0.0
456,0.0
457,0.0
458,0.0
459,0.0
460,0.0
461,0.0
462,0.0
463,1.5
464,22.5
465,237.0
466,589.0
467,819.0
468,823.5
469,681.0
470,768.5
471,418.5
472,20.5
473,1.0
474,0.5
475,0.0
476,0.0
477,0.0
478,0.0
479,0.0
480,0.0
481,0.0
482,0.0
483,0.0
484,0.0
485,0.0
486,0.0
487,0.0
488,16.0
489,147.0
490,319.0
491,382.0
492,352.5
493,258.5
494,174.0
495,46.5
496,1.5
497,0.0
498,0.0
499,0.0
500,0.0
501,0.0
502,0.0
503,0.0
504,0.0
505,0.0
506,0.0
507,0.0
508,0.0
509,0.0
510,0.0
511,0.0
512,92.5
513,811.0
514,1730.0
515,2395.0
516,2320.0
517,1938.5
518,1083.0
519,316.5
520,17.5
521,5.0
522,0.5
523,0.0
524,0.0
525,0.0
526,0.0
527,0.0
528,0.0
529,0.0
530,0.0
531,0.0
532,0.0
533,0.0
534,1.0
535,0.0
536,18.5
537,193.0
538,391.5
539,884.0
540,1115.0
541,1059.5
542,732.5
543,291.5
544,16.5
545,0.5
546,0.0
547,0.0
548,0.0
549,0.0
550,0.0
551,0.0
552,0.0
553,0.0
554,0.0
555,0.0
556,0.0
557,0.0
558,0.0
559,0.0
560,19.0
561,156.5
562,420.0
563,634.5
564,762.0
565,992.5
566,810.5
567,412.5
568,45.0
569,0.0
570,0.0
571,0.0
572,0.0
573,0.0
574,0.0
575,0.0
576,0.0
577,0.0
578,0.0
579,0.0
580,0.0
581,0.0
582,0.0
583,0.0
584,314.5
585,1745.0
586,3210.0
587,3790.0
588,3640.0
589,2777.5
590,1955.0
591,811.5
592,74.0
593,3.0
594,1.0
595,0.5
596,0.0
597,0.0
598,0.0
599,0.0
600,0.0
601,0.0
602,0.0
603,0.0
604,0.0
605,0.0
606,1.5
607,0.5
608,186.5
609,1034.5
610,2190.0
611,3145.0
612,3400.0
613,2810.0
614,2170.0
615,792.0
616,54.5
617,4.5
618,1.5
619,0.5
620,0.0
621,0.0
622,0.0
623,0.0
624,0.0
625,0.0
626,0.0
627,0.0
628,0.0
629,0.0
630,1.5
631,15.0
632,191.5
633,601.5
634,877.5
635,790.5
636,679.5
637,537.5
638,433.5
639,198.0
640,13.5
641,0.0
642,0.0
643,0.0
644,0.0
645,0.0
646,0.0
647,0.0
648,0.0
649,0.0
650,0.0
651,0.0
652,0.0
653,0.0
654,0.0
655,0.0
656,108.5
657,680.0
658,1515.0
659,1865.0
660,1955.0
661,1350.0
662,1121.5
663,437.0
664,42.5
665,0.0
666,0.0
667,0.0
668,0.0
669,0.0
670,0.0
671,0.0
672,0.0
673,0.0
674,0.0
675,0.0
676,0.0
677,0.0
678,0.0
679,1.5
680,127.0
681,553.0
682,853.0
683,1160.0
684,1510.0
685,1403.5
686,1695.0
687,1064.0
688,151.0
689,15.4
690,6.6000000000000005
691,0.0
692,0.0
693,0.0
694,0.0
695,0.0
696,0.0
697,0.0
698,0.0
699,0.0
700,0.0
701,0.0
702,0.0
703,5.0
704,493.5
705,1860.0
706,3145.0
707,3760.0
708,3810.0
709,3067.5
710,1775.0
711,729.5
712,76.5
713,7.0
714,0.0
715,0.0
716,0.0
717,0.0
718,0.0
719,0.0
720,0.0
721,0.0
722,0.0
723,0.0
724,0.0
725,0.0
726,1.0
727,1.0
728,83.5
729,656.0
730,1490.0
731,2240.0
732,2660.0
733,2547.0
734,2440.0
735,1302.5
736,196.0
737,5.5
738,0.0
739,0.5
740,0.0
741,0.0
742,0.0
743,0.0
744,0.0
745,0.0
746,0.0
747,0.0
748,0.0
749,0.0
750,0.5
751,6.0
752,605.5
753,2030.0
754,3400.0
755,4185.0
756,4110.0
757,3237.5
758,2335.0
759,1230.5
760,228.0
761,2.5
762,1.0
763,0.0
764,0.0
765,0.0
766,0.0
767,0.0
768,0.0
769,0.0
770,0.0
771,0.0
772,0.0
773,0.0
774,1.5
775,2.5
776,365.5
777,1545.0
778,2870.0
779,3820.0
780,3580.0
781,3088.5
782,2250.0
783,1138.5
784,185.5
785,5.0
786,1.5
787,0.0
788,0.0
789,0.0
790,0.0
791,0.0
792,0.0
793,0.0
794,0.0
795,0.0
796,0.0
797,0.0
798,1.0
799,12.0
800,83.5
801,414.5
802,885.0
803,1150.0
804,1130.0
805,901.5
806,768.0
807,437.0
808,78.5
809,4.5
810,3.0
811,1.5
812,0.0
813,0.0
814,0.0
815,0.0
816,0.0
817,0.0
818,0.0
819,0.0
820,0.0
821,0.0
822,0.0
823,4.0
824,460.5
825,1775.0
826,3100.0
827,3880.0
828,3465.0
829,2926.5
830,1735.0
831,935.0
832,183.0
833,8.5
834,3.0
835,0.0
836,0.0
837,0.0
838,0.0
839,0.0
840,0.0
841,0.0
842,0.0
843,0.0
844,0.0
845,0.0
846,0.0
847,7.0
848,510.5
849,1645.0
850,2660.0
851,3230.0
852,3135.0
853,3033.5
854,1935.0
855,1070.5
856,217.5
857,1.0
858,0.5
859,0.0
860,0.0
861,0.0
862,0.0
863,0.0
864,0.0
865,0.0
866,0.0
867,0.0
868,0.0
869,0.0
870,0.0
871,4.5
872,399.5
873,1380.0
874,2235.0
875,2740.0
876,2715.0
877,2544.0
878,1640.0
879,886.0
880,186.5
881,3.5
882,0.5
883,0.5
884,0.0
885,0.0
886,0.0
887,0.0
888,0.0
889,0.0
890,0.0
891,0.0
892,0.0
893,0.0
894,1.5
895,14.0
896,861.5
897,2610.0
898,4115.0
899,5190.0
900,5320.0
901,4291.0
902,2875.0
903,1270.0
904,195.0
905,3.0
906,0.5
907,0.0
908,0.0
909,0.0
910,0.0
911,0.0
912,0.0
913,0.0
914,0.0
915,0.0
916,0.0
917,0.0
918,1.5
919,34.0
920,615.0
921,1505.0
922,2150.0
923,2420.0
924,2110.0
925,1444.5
926,1053.5
927,526.5
928,95.0
929,5.0
930,2.0
931,0.0
932,0.0
933,0.0
934,0.0
935,0.0
936,0.0
937,0.0
938,0.0
939,0.0
940,0.0
941,0.0
942,1.5
943,6.0
944,415.0
945,1400.0
946,2500.0
947,3200.0
948,3555.0
949,3437.0
950,3095.0
951,1995.0
952,578.0
953,16.5
954,0.5
955,0.5
956,0.0
957,0.0
958,0.0
959,0.0
960,0.0
961,0.0
962,0.0
963,0.0
964,0.0
965,0.0
966,0.0
967,53.0
968,300.5
969,655.5
970,1019.5
971,1200.0
972,1185.0
973,734.75
974,875.5
975,438.5
976,81.5
977,0.0
978,0.0
979,0.0
980,0.0
981,0.0
982,0.0
983,0.0
984,0.0
985,0.0
986,0.0
987,0.0
988,0.0
989,0.0
990,0.0
991,63.5
992,1081.5
993,2740.0
994,3775.0
995,4195.0
996,4080.0
997,3551.5
998,2940.0
999,1685.0
1000,533.0
1001,27.5
1002,12.0
1003,0.0
1004,0.0
1005,0.0
1006,0.0
1007,0.0
1008,0.0
1009,0.0
1010,0.0
1011,0.0
1012,0.0
1013,0.0
1014,1.5
1015,78.0
1016,1278.5
1017,3040.0
1018,4525.0
1019,5265.0
1020,5205.0
1021,4310.0
1022,3355.0
1023,2150.0
1024,672.5
1025,6.5
1026,2.0
1027,1.0
1028,0.0
1029,0.0
1030,0.0
1031,0.0
1032,0.0
1033,0.0
1034,0.0
1035,0.0
1036,0.0
1037,0.0
1038,2.5
1039,20.5
1040,233.0
1041,598.0
1042,1031.0
1043,1465.0
1044,1765.0
1045,1713.5
1046,1825.0
1047,1555.0
1048,644.5
1049,11.5
1050,1.0
1051,0.5
1052,0.0
1053,0.0
1054,0.0
1055,0.0
1056,0.0
1057,0.0
1058,0.0
1059,0.0
1060,0.0
1061,0.0
1062,0.0
1063,71.0
1064,553.5
1065,1085.0
1066,1235.0
1067,1160.0
1068,998.5
1069,783.0
1070,481.5
1071,204.0
1072,34.0
1073,7.0
1074,3.5
1075,0.0
1076,0.0
1077,0.0
1078,0.0
1079,0.0
1080,0.0
1081,0.0
1082,0.0
1083,0.0
1084,0.0
1085,0.0
1086,0.0
1087,72.5
1088,1209.5
1089,2805.0
1090,4280.0
1091,5390.0
1092,5620.0
1093,5085.0
1094,4200.0
1095,2570.0
1096,903.5
1097,24.0
1098,9.0
1099,0.0
1100,0.0
1101,0.0
1102,0.0
1103,0.0
1104,0.0
1105,0.0
1106,0.0
1107,0.0
1108,0.0
1109,0.0
1110,1.0
1111,154.0
1112,1645.0
1113,3395.0
1114,4725.0
1115,5540.0
1116,5465.0
1117,5043.0
1118,3695.0
1119,1980.0
1120,545.5
1121,14.5
1122,3.0
1123,2.0
1124,0.5
1125,0.0
1126,0.0
1127,0.0
1128,0.0
1129,0.0
1130,0.0
1131,0.0
1132,0.0
1133,0.0
1134,1.0
1135,123.5
1136,897.0
1137,2080.0
1138,3360.0
1139,4240.0
1140,4495.0
1141,3950.5
1142,3350.0
1143,2160.0
1144,693.0
1145,21.0
1146,5.5
1147,0.5
1148,0.0
1149,0.0
1150,0.0
1151,0.0
1152,0.0
1153,0.0
1154,0.0
1155,0.0
1156,0.0
1157,0.0
1158,0.5
1159,75.0
1160,692.5
1161,1390.0
1162,2185.0
1163,2630.0
1164,2610.0
1165,2288.0
1166,1290.0
1167,674.0
1168,186.0
1169,4.0
1170,1.0
1171,0.0
1172,0.0
1173,0.0
1174,0.0
1175,0.0
1176,0.0
1177,0.0
1178,0.0
1179,0.0
1180,0.0
1181,0.0
1182,1.5
1183,6.0
1184,122.5
1185,393.5
1186,702.5
1187,1062.0
1188,1260.0
1189,1465.0
1190,970.5
1191,572.5
1192,210.5
1193,8.5
1194,0.0
1195,0.0
1196,0.0
1197,0.0
1198,0.0
1199,0.0
1200,0.0
1201,0.0
1202,0.0
1203,0.0
1204,0.0
1205,0.0
1206,0.0
1207,82.5
1208,998.0
1209,2190.0
1210,3160.0
1211,3795.0
1212,4370.0
1213,4536.0
1214,3480.0
1215,2240.0
1216,919.0
1217,60.5
1218,5.0
1219,1.5
1220,0.0
1221,0.0
1222,0.0
1223,0.0
1224,0.0
1225,0.0
1226,0.0
1227,0.0
1228,0.0
1229,0.0
1230,0.5
1231,114.5
1232,908.5
1233,1955.0
1234,2820.0
1235,3290.0
1236,3290.0
1237,3447.0
1238,2290.0
1239,1485.0
1240,586.0
1241,34.0
1242,4.5
1243,1.0
1244,0.0
1245,0.0
1246,0.0
1247,0.0
1248,0.0
1249,0.0
1250,0.0
1251,0.0
1252,0.0
1253,0.0
1254,1.5
1255,98.5
1256,888.0
1257,2000.0
1258,2695.0
1259,3250.0
1260,3690.0
1261,4104.5
1262,3290.0
1263,2405.0
1264,1005.0
1265,53.0
1266,1.5
1267,0.0
1268,0.0
1269,0.0
1270,0.0
1271,0.0
1272,0.0
1273,0.0
1274,0.0
1275,0.0
1276,0.0
1277,0.0
1278,1.0
1279,205.5
1280,1435.0
1281,2930.0
1282,4135.0
1283,4420.0
1284,4535.0
1285,4732.5
1286,3700.0
1287,2470.0
1288,1012.5
1289,58.0
1290,5.5
1291,3.0
1292,0.0
1293,0.0
1294,0.0
1295,0.0
1296,0.0
1297,0.0
1298,0.0
1299,0.0
1300,0.0
1301,0.0
1302,1.0
1303,350.0
1304,1880.0
1305,3735.0
1306,5445.0
1307,6670.0
1308,7070.0
1309,6453.5
1310,5360.0
1311,3670.0
1312,1600.0
1313,151.5
1314,8.0
1315,2.0
1316,0.0
1317,0.0
1318,0.0
1319,0.0
1320,0.0
1321,0.0
1322,0.0
1323,0.0
1324,0.0
1325,0.0
1326,2.5
1327,328.0
1328,2015.0
1329,3930.0
1330,5600.0
1331,6855.0
1332,7280.0
1333,6721.5
1334,5805.0
1335,4070.0
1336,1940.0
1337,182.0
1338,13.0
1339,9.5
1340,0.0
1341,0.0
1342,0.0
1343,0.0
1344,0.0
1345,0.0
1346,0.0
1347,0.0
1348,0.0
1349,0.0
1350,4.0
1351,212.0
1352,1375.0
1353,2700.0
1354,3545.0
1355,3710.0
1356,3600.0
1357,4133.5
1358,2805.0
1359,1860.0
1360,834.5
1361,81.5
1362,2.5
1363,0.5
1364,0.0
1365,0.0
1366,0.0
1367,0.0
1368,0.0
1369,0.0
1370,0.0
1371,0.0
1372,0.0
1373,0.0
1374,0.5
1375,213.0
1376,1181.0
1377,2200.0
1378,2905.0
1379,3525.0
1380,4197.5
1381,4390.0
1382,3365.0
1383,2450.0
1384,1176.5
1385,122.0
1386,3.0
1387,0.5
1388,0.0
1389,0.0
1390,0.0
1391,0.0
1392,0.0
1393,0.0
1394,0.0
1395,0.0
1396,0.0
1397,0.0
1398,2.0
1399,126.0
1400,833.0
1401,1840.0
1402,2890.0
1403,3480.0
1404,3610.0
1405,4448.0
1406,3020.0
1407,2105.0
1408,944.0
1409,99.0
1410,2.0
1411,0.0
1412,0.0
1413,0.0
1414,0.0
1415,0.0
1416,0.0
1417,0.0
1418,0.0
1419,0.0
1420,0.0
1421,0.0
1422,11.5
1423,33.0
1424,215.0
1425,464.5
1426,787.5
1427,804.5
1428,820.0
1429,1383.0
1430,730.5
1431,446.0
1432,168.5
1433,8.0
1434,1.5
1435,0.0
1436,0.0
1437,0.0
1438,0.0
1439,0.0
1440,0.0
1441,0.0
1442,0.0
1443,0.0
1444,0.0
1445,0.5
1446,0.0
1447,70.0
1448,333.5
1449,640.5
1450,1050.0
1451,1105.0
1452,1115.0
1453,1343.5
1454,771.0
1455,466.5
1456,180.0
1457,15.0
1458,4.5
1459,0.5
1460,0.0
1461,0.0
1462,0.0
1463,0.0
1464,0.0
1465,0.0
1466,0.0
1467,0.0
1468,0.0
1469,0.0
1470,0.0
1471,72.5
1472,316.5
1473,732.0
1474,1355.0
1475,1622.5
1476,1750.0
1477,2177.0
1478,1115.0
1479,723.0
1480,289.0
1481,34.5
1482,3.0
1483,0.5
1484,2.0
1485,4.5
1486,1.5
1487,0.0
1488,0.0
1489,0.0
1490,0.0
1491,0.0
1492,0.0
1493,0.5
1494,2.0
1495,202.0
1496,822.0
1497,1515.0
1498,1880.0
1499,2205.0
1500,2315.0
1501,2824.5
1502,1880.0
1503,1325.0
1504,638.5
1505,86.5
1506,0.0
1507,0.0
1508,0.0
1509,0.0
1510,0.0
1511,0.0
1512,0.0
1513,0.0
1514,0.0
1515,0.0
1516,0.0
1517,0.0
1518,4.5
1519,295.5
1520,1144.0
1521,1970.0
1522,2670.0
1523,2915.0
1524,2985.0
1525,2868.0
1526,1690.0
1527,935.5
1528,391.5
1529,43.5
1530,1.0
1531,0.5
1532,0.0
1533,0.0
1534,0.0
1535,0.0
1536,0.0
1537,0.0
1538,0.0
1539,0.0
1540,0.0
1541,0.0
1542,3.5
1543,227.0
1544,950.0
1545,1800.0
1546,2760.0
1547,3175.0
1548,3035.0
1549,3317.5
1550,2565.0
1551,1890.0
1552,939.0
1553,148.0
1554,2.0
1555,0.5
1556,0.0
1557,0.0
1558,0.0
1559,0.0
1560,0.0
1561,0.0
1562,0.0
1563,0.0
1564,1.5
1565,2.0
1566,3.5
1567,260.5
1568,1410.0
1569,2755.0
1570,3945.0
1571,4640.0
1572,4395.0
1573,4898.0
1574,4080.0
1575,3070.0
1576,1695.0
1577,303.0
1578,3.5
1579,2.5
1580,0.0
1581,0.5
1582,0.5
1583,0.0
1584,0.0
1585,0.0
1586,0.0
1587,0.0
1588,0.0
1589,2.5
1590,8.5
1591,499.0
1592,1855.0
1593,2860.0
1594,3625.0
1595,4460.0
1596,5110.0
1597,5277.5
1598,4620.0
1599,3280.0
1600,1640.0
1601,236.0
1602,3.0
1603,2.5
1604,0.5
1605,0.0
1606,0.0
1607,0.0
1608,0.0
1609,0.0
1610,0.0
1611,0.0
1612,0.0
1613,2.0
1614,13.5
1615,541.0
1616,1288.5
1617,2325.0
1618,3150.0
1619,3095.0
1620,2765.0
1621,2304.5
1622,1400.0
1623,777.0
1624,323.0
1625,39.5
1626,3.0
1627,0.5
1628,0.0
1629,0.0
1630,0.0
1631,0.0
1632,0.0
1633,0.0
1634,0.0
1635,0.0
1636,0.0
1637,0.0
1638,3.5
1639,213.0
1640,570.5
1641,1029.0
1642,1540.0
1643,1730.0
1644,1890.0
1645,2036.0
1646,1760.0
1647,1500.0
1648,969.0
1649,251.0
1650,1.0
1651,0.0
1652,3.0
1653,0.0
1654,0.0
1655,0.0
1656,0.0
1657,0.0
1658,0.0
1659,0.0
1660,0.0
1661,0.0
1662,4.5
1663,277.5
1664,1099.0
1665,2060.0
1666,3050.0
1667,3290.0
1668,2855.0
1669,2551.5
1670,1865.0
1671,1300.0
1672,638.0
1673,105.0
1674,5.5
1675,0.5
1676,0.0
1677,0.0
1678,0.0
1679,0.0
1680,0.0
1681,0.0
1682,0.0
1683,0.0
1684,0.0
1685,3.0
1686,5.0
1687,135.0
1688,553.0
1689,927.0
1690,1310.0
1691,1570.0
1692,1525.0
1693,1269.0
1694,1155.0
1695,699.0
1696,372.5
1697,88.0
1698,6.5
1699,2.5
1700,0.0
1701,0.0
1702,0.0
1703,0.0
1704,0.0
1705,0.0
1706,0.0
1707,0.0
1708,0.0
1709,0.0
1710,15.0
1711,425.0
1712,1570.0
1713,2740.0
1714,3825.0
1715,4125.0
1716,4205.0
1717,4336.5
1718,3930.0
1719,3185.0
1720,1875.0
1721,406.5
1722,9.0
1723,6.0
1724,1.0
1725,0.5
1726,0.5
1727,0.0
1728,0.0
1729,0.0
1730,0.0
1731,0.0
1732,0.0
1733,0.0
1734,120.0
1735,536.5
1736,1689.5
1737,2761.0
1738,3917.0
1739,4669.5
1740,1865.0
1741,3826.0
1742,2330.0
1743,1640.0
1744,731.0
1745,121.5
1746,1.0
1747,1.0
1748,0.5
1749,0.0
1750,0.0
1751,0.0
1752,0.0
1753,0.0
1754,0.0
1755,0.0
1756,0.0
1757,1.5
1758,5.5
1759,189.0
1760,661.0
1761,1435.0
1762,2220.0
1763,2905.0
1764,2935.0
1765,2793.5
1766,2665.0
1767,1980.0
1768,948.5
1769,216.0
1770,11.0
1771,0.5
1772,0.0
1773,0.0
1774,0.0
1775,0.0
1776,0.0
1777,0.0
1778,0.0
1779,0.0
1780,0.0
1781,0.0
1782,41.0
1783,507.5
1784,1750.0
1785,2805.0
1786,3750.0
1787,4175.0
1788,4180.0
1789,4202.0
1790,3730.0
1791,2865.0
1792,1570.0
1793,368.0
1794,7.0
1795,3.0
1796,0.0
1797,0.0
1798,0.0
1799,0.0
1800,0.0
1801,0.0
1802,0.0
1803,0.0
1804,0.0
1805,2.0
1806,3.0
1807,427.5
1808,575.0
1809,1148.5
1810,1890.0
1811,2305.0
1812,2485.0
1813,2550.0
1814,2170.0
1815,1505.0
1816,849.0
1817,199.0
1818,3.0
1819,1.0
1820,0.0
1821,0.0
1822,0.0
1823,0.0
1824,0.0
1825,0.0
1826,0.0
1827,0.0
1828,0.0
1829,0.0
1830,6.5
1831,173.5
1832,449.0
1833,805.0
1834,1195.0
1835,1270.0
1836,1285.0
1837,2042.5
1838,929.5
1839,679.5
1840,413.0
1841,99.5
1842,0.5
1843,3.0
1844,0.0
1845,0.0
1846,0.0
1847,0.0
1848,0.0
1849,0.0
1850,0.0
1851,0.0
1852,0.0
1853,0.0
1854,51.5
1855,538.5
1856,1450.0
1857,2934.0
1858,4340.0
1859,5875.0
1860,6579.5
1861,6665.5
1862,5579.0
1863,4495.5
1864,3198.5
1865,1500.0
1866,333.0
1867,19.5
1868,0.0
1869,0.0
1870,0.0
1871,0.0
1872,0.0
1873,0.0
1874,0.0
1875,0.0
1876,0.0
1877,0.0
1878,83.0
1879,742.0
1880,2195.0
1881,3545.0
1882,4210.0
1883,4705.0
1884,4835.0
1885,5058.0
1886,3955.0
1887,2985.0
1888,1840.0
1889,513.0
1890,16.0
1891,2.5
1892,0.5
1893,0.0
1894,0.0
1895,0.0
1896,0.0
1897,0.0
1898,0.0
1899,0.0
1900,0.5
1901,2.0
1902,239.5
1903,1298.5
1904,3450.0
1905,5190.0
1906,6195.0
1907,6250.0
1908,6100.0
1909,6083.5
1910,4710.0
1911,3200.0
1912,1650.0
1913,445.0
1914,11.5
1915,4.5
1916,0.5
1917,1.0
1918,0.5
1919,0.0
1920,0.0
1921,0.0
1922,0.0
1923,0.0
1924,1.0
1925,2.5
1926,97.0
1927,744.0
1928,1930.0
1929,2955.0
1930,3445.0
1931,3270.0
1932,2975.0
1933,4137.0
1934,2615.0
1935,1765.0
1936,829.0
1937,184.0
1938,7.0
1939,0.5
1940,0.5
1941,0.0
1942,0.0
1943,0.0
1944,0.0
1945,0.0
1946,0.0
1947,0.0
1948,0.0
1949,2.5
1950,116.0
1951,762.0
1952,1805.0
1953,2810.0
1954,3630.0
1955,4005.0
1956,4430.0
1957,4193.5
1958,3345.0
1959,2285.0
1960,1144.5
1961,303.5
1962,11.5
1963,2.5
1964,1.0
1965,0.0
1966,0.0
1967,0.0
1968,0.0
1969,0.0
1970,0.0
1971,0.0
1972,0.0
1973,1.5
1974,45.0
1975,234.0
1976,1016.5
1977,1700.0
1978,2375.0
1979,2800.0
1980,2795.0
1981,2228.0
1982,1940.0
1983,1355.0
1984,821.0
1985,331.5
1986,22.0
1987,17.5
1988,0.0
1989,0.0
1990,0.0
1991,0.0
1992,0.0
1993,0.0
1994,0.0
1995,0.0
1996,0.0
1997,4.0
1998,236.0
1999,828.5
2000,2237.0
2001,3620.0
2002,5080.0
2003,6028.5
2004,6286.0
2005,5690.0
2006,5150.0
2007,4111.0
2008,2933.5
2009,1583.0
2010,447.5
2011,43.5
2012,0.0
2013,0.0
2014,0.0
2015,0.0
2016,0.0
2017,0.0
2018,0.0
2019,0.0
2020,0.0
2021,0.0
2022,11.5
2023,508.0
2024,1840.0
2025,3575.0
2026,5475.0
2027,6925.0
2028,6505.0
2029,5205.0
2030,5387.5
2031,3640.0
2032,2600.0
2033,1525.0
2034,493.0
2035,13.5
2036,4.0
2037,1.5
2038,0.0
2039,0.0
2040,0.0
2041,0.0
2042,0.0
2043,0.0
2044,0.0
2045,1.5
2046,1.5
2047,38.0
2048,258.5
2049,817.0
2050,1470.0
2051,2185.0
2052,2660.0
2053,3145.0
2054,2787.5
2055,2860.0
2056,2045.0
2057,1142.5
2058,408.0
2059,21.0
2060,0.5
2061,0.0
2062,0.0
2063,0.0
2064,0.0
2065,0.0
2066,0.0
2067,0.0
2068,0.0
2069,1.5
2070,1.5
2071,62.5
2072,388.0
2073,995.0
2074,1745.0
2075,2565.0
2076,3305.0
2077,4235.0
2078,3741.0
2079,4455.0
2080,3555.0
2081,2390.0
2082,912.5
2083,57.0
2084,7.0
2085,4.5
2086,0.0
2087,0.0
2088,0.0
2089,0.0
2090,0.0
2091,0.0
2092,0.0
2093,0.0
2094,4.0
2095,420.5
2096,1242.5
2097,2905.0
2098,3755.0
2099,3920.0
2100,3495.0
2101,3110.0
2102,2934.0
2103,2170.0
2104,1620.0
2105,929.0
2106,367.0
2107,24.0
2108,6.0
2109,0.0
2110,0.0
2111,0.0
2112,0.0
2113,0.0
2114,0.0
2115,0.0
2116,0.0
2117,1.5
2118,2.0
2119,237.0
2120,780.0
2121,1785.0
2122,2150.0
2123,2255.0
2124,2400.0
2125,2385.0
2126,2021.0
2127,1640.0
2128,1170.0
2129,672.5
2130,215.5
2131,11.0
2132,4.5
2133,1.5
2134,0.0
2135,0.0
2136,0.0
2137,0.0
2138,0.0
2139,0.0
2140,0.0
2141,1.0
2142,2.0
2143,110.0
2144,425.5
2145,983.0
2146,1400.0
2147,1730.0
2148,1940.0
2149,1945.0
2150,1789.0
2151,1520.0
2152,1019.5
2153,645.0
2154,206.0
2155,11.0
2156,0.0
2157,0.0
2158,0.0
2159,0.0
2160,0.0
2161,0.0
2162,0.0
2163,0.0
2164,0.0
2165,2.0
2166,1.0
2167,282.0
2168,1042.5
2169,2225.0
2170,2930.0
2171,3220.0
2172,3150.0
2173,2795.0
2174,2718.5
2175,2025.0
2176,1435.0
2177,757.5
2178,261.0
2179,13.0
2180,0.0
2181,0.0
2182,0.0
2183,0.0
2184,0.0
2185,0.0
2186,0.0
2187,0.0
2188,1.5
2189,0.5
2190,2.0
2191,60.0
2192,275.0
2193,725.0
2194,1185.0
2195,1550.0
2196,1770.0
2197,1805.0
2198,1702.0
2199,1350.0
2200,1089.0
2201,740.0
2202,316.0
2203,29.0
2204,1.0
2205,0.5
2206,0.0
2207,0.0
2208,0.0
2209,0.0
2210,0.0
2211,0.0
2212,0.0
2213,2.0
2214,4.0
2215,223.5
2216,818.5
2217,1500.0
2218,2295.0
2219,3290.0
2220,4040.0
2221,4335.0
2222,4434.0
2223,3710.0
2224,2880.0
2225,1715.0
2226,810.0
2227,70.5
2228,0.5
2229,0.5
2230,0.0
2231,0.0
2232,0.0
2233,0.0
2234,0.0
2235,0.0
2236,0.0
2237,4.0
2238,12.0
2239,241.5
2240,869.5
2241,1870.0
2242,2475.0
2243,3100.0
2244,3125.0
2245,3095.0
2246,2661.5
2247,2720.0
2248,1950.0
2249,1180.5
2250,504.5
2251,147.5
2252,50.5
2253,0.5
2254,0.0
2255,0.0
2256,0.0
2257,0.0
2258,0.0
2259,0.0
2260,0.0
2261,0.0
2262,61.0
2263,805.5
2264,2462.0
2265,4503.5
2266,6442.0
2267,7922.0
2268,8810.0
2269,8870.5
2270,8324.0
2271,7159.5
2272,5475.5
2273,3486.5
2274,1747.5
2275,573.5
2276,80.0
2277,0.0
2278,0.0
2279,0.0
2280,0.0
2281,0.0
2282,0.0
2283,0.0
2284,0.0
2285,0.0
2286,73.0
2287,597.0
2288,1279.5
2289,2739.5
2290,4155.5
2291,5291.0
2292,5945.0
2293,6020.0
2294,5851.0
2295,4415.0
2296,2960.0
2297,1735.0
2298,742.0
2299,101.5
2300,0.5
2301,1.0
2302,0.0
2303,0.0
2304,0.0
2305,0.0
2306,0.0
2307,0.0
2308,0.0
2309,0.0
2310,12.0
2311,212.5
2312,645.5
2313,1089.0
2314,1815.0
2315,2635.0
2316,3040.0
2317,2990.0
2318,3045.5
2319,2345.0
2320,1675.0
2321,979.0
2322,447.0
2323,62.5
2324,0.0
2325,0.0
2326,0.0
2327,0.0
2328,0.0
2329,0.0
2330,0.0
2331,0.0
2332,0.0
2333,0.0
2334,6.0
2335,186.5
2336,556.5
2337,1225.0
2338,1935.0
2339,2490.0
2340,2845.0
2341,3070.0
2342,2713.0
2343,2455.0
2344,1960.0
2345,1350.0
2346,768.0
2347,143.0
2348,1.0
2349,0.0
2350,0.0
2351,0.0
2352,0.0
2353,0.0
2354,0.0
2355,0.0
2356,0.0
2357,0.0
2358,10.5
2359,285.5
2360,819.0
2361,1705.0
2362,2470.0
2363,3090.0
2364,3355.0
2365,3070.0
2366,2367.0
2367,1665.0
2368,1180.0
2369,594.5
2370,217.5
2371,31.0
2372,6.5
2373,2.5
2374,0.0
2375,0.0
2376,0.0
2377,0.0
2378,0.0
2379,0.0
2380,0.0
2381,0.0
2382,41.5
2383,194.5
2384,369.5
2385,616.5
2386,930.5
2387,1235.0
2388,1510.0
2389,1760.0
2390,2187.5
2391,1705.0
2392,1460.0
2393,989.0
2394,427.0
2395,55.5
2396,1.0
2397,0.0
2398,0.0
2399,0.0
2400,0.0
2401,0.0
2402,0.0
2403,0.0
2404,0.0
2405,0.5
2406,6.0
2407,143.0
2408,514.5
2409,950.5
2410,1395.0
2411,1825.0
2412,2120.0
2413,2240.0
2414,3047.0
2415,1995.0
2416,1510.0
2417,925.5
2418,354.5
2419,37.0
2420,1.0
2421,0.5
2422,0.0
2423,0.0
2424,0.0
2425,0.0
2426,0.0
2427,0.0
2428,0.0
2429,1.5
2430,9.0
2431,166.5
2432,539.5
2433,963.5
2434,1410.0
2435,1820.0
2436,2070.0
2437,2125.0
2438,2545.5
2439,1655.0
2440,1285.0
2441,708.0
2442,275.5
2443,39.5
2444,0.5
2445,0.5
2446,0.0
2447,0.0
2448,0.0
2449,0.0
2450,0.0
2451,0.0
2452,0.0
2453,0.5
2454,5.5
2455,125.0
2456,448.0
2457,812.0
2458,1195.0
2459,1600.0
2460,1805.0
2461,1880.0
2462,1845.0
2463,1520.0
2464,1210.0
2465,838.5
2466,410.0
2467,67.5
2468,1.5
2469,1.0
2470,0.0
2471,0.0
2472,0.0
2473,0.0
2474,0.0
2475,0.0
2476,0.0
2477,0.0
2478,39.0
2479,565.5
2480,1584.5
2481,3010.0
2482,4510.0
2483,5635.0
2484,6450.0
2485,6990.0
2486,7012.0
2487,5915.0
2488,4625.0
2489,3035.0
2490,1455.0
2491,277.0
2492,8.0
2493,3.0
2494,0.0
2495,0.0
2496,0.0
2497,0.0
2498,0.0
2499,0.0
2500,0.5
2501,0.5
2502,62.5
2503,451.5
2504,922.0
2505,1730.0
2506,2230.0
2507,2975.0
2508,3120.0
2509,3075.0
2510,2870.0
2511,2380.0
2512,1750.0
2513,1240.0
2514,672.0
2515,150.5
2516,0.0
2517,2.0
2518,0.0
2519,0.0
2520,0.0
2521,0.0
2522,0.0
2523,0.0
2524,0.0
2525,0.0
2526,112.0
2527,1025.0
2528,2009.0
2529,3770.0
2530,4540.0
2531,4900.0
2532,5295.0
2533,5500.0
2534,6217.5
2535,4800.0
2536,3600.0
2537,2235.0
2538,917.5
2539,143.0
2540,7.0
2541,4.0
2542,0.0
2543,0.0
2544,0.0
2545,0.0
2546,0.0
2547,0.0
2548,0.5
2549,0.0
2550,54.5
2551,437.5
2552,1100.0
2553,1805.0
2554,2610.0
2555,3225.0
2556,3635.0
2557,3725.0
2558,3607.0
2559,2680.0
2560,1845.0
2561,1143.5
2562,556.0
2563,93.5
2564,4.5
2565,4.0
2566,0.0
2567,0.0
2568,0.0
2569,0.0
2570,0.0
2571,0.0
2572,0.0
2573,0.0
2574,128.0
2575,911.5
2576,2245.0
2577,3895.0
2578,5540.0
2579,6895.0
2580,7700.0
2581,8150.0
2582,7706.5
2583,6890.0
2584,5260.0
2585,3450.0
2586,1775.0
2587,433.0
2588,12.5
2589,9.0
2590,0.0
2591,0.0
2592,0.0
2593,0.0
2594,0.0
2595,0.0
2596,0.5
2597,1.0
2598,221.0
2599,1370.0
2600,2591.0
2601,4645.0
2602,6165.0
2603,7550.0
2604,8160.0
2605,8240.0
2606,7752.0
2607,6750.0
2608,5275.0
2609,3545.0
2610,1810.0
2611,452.0
2612,12.0
2613,5.5
2614,0.0
2615,0.0
2616,0.0
2617,0.0
2618,0.0
2619,0.0
2620,1.0
2621,1.5
2622,183.5
2623,1037.0
2624,2300.0
2625,3850.0
2626,5540.0
2627,7115.0
2628,8250.0
2629,8480.0
2630,7886.5
2631,6840.0
2632,5345.0
2633,3625.0
2634,1880.0
2635,497.5
2636,29.5
2637,14.0
2638,0.0
2639,0.0
2640,0.0
2641,0.0
2642,0.0
2643,0.0
2644,0.5
2645,1.0
2646,217.0
2647,1225.0
2648,2424.0
2649,4285.0
2650,5505.0
2651,6380.0
2652,6590.0
2653,6375.0
2654,6115.0
2655,4940.0
2656,3850.0
2657,2790.0
2658,1375.0
2659,323.0
2660,22.0
2661,16.0
2662,0.0
2663,0.0
2664,0.0
2665,0.0
2666,0.0
2667,0.0
2668,2.5
2669,2.5
2670,230.5
2671,1239.5
2672,2106.0
2673,3700.0
2674,4510.0
2675,5330.0
2676,5805.0
2677,5725.0
2678,4891.5
2679,4190.0
2680,3610.0
2681,2820.0
2682,1725.0
2683,512.0
2684,16.5
2685,22.5
2686,0.0
2687,0.0
2688,0.0
2689,0.0
2690,0.0
2691,0.0
2692,1.5
2693,1.5
2694,276.5
2695,1147.0
2696,1805.0
2697,2945.0
2698,3545.0
2699,4615.0
2700,5125.0
2701,4985.0
2702,5601.5
2703,4310.0
2704,3085.0
2705,1675.0
2706,736.0
2707,158.0
2708,5.0
2709,3.5
2710,0.0
2711,0.0
2712,0.0
2713,0.0
2714,0.0
2715,0.0
2716,1.5
2717,1.0
2718,104.5
2719,615.0
2720,1147.0
2721,1910.0
2722,2560.0
2723,2855.0
2724,2805.0
2725,2491.5
2726,1776.5
2727,1385.0
2728,1045.0
2729,705.5
2730,337.0
2731,94.0
2732,6.5
2733,1.0
2734,0.0
2735,0.0
2736,0.0
2737,0.0
2738,0.0
2739,0.0
2740,0.0
2741,1.0
2742,308.5
2743,1400.0
2744,2379.0
2745,3870.0
2746,4685.0
2747,5570.0
2748,5945.0
2749,6065.0
2750,5341.0
2751,5120.0
2752,3835.0
2753,2775.0
2754,1600.0
2755,529.0
2756,30.0
2757,27.0
2758,0.0
2759,0.0
2760,0.0
2761,0.0
2762,0.0
2763,0.0
2764,0.5
2765,3.0
2766,337.0
2767,1475.0
2768,2815.0
2769,3935.0
2770,4915.0
2771,5990.0
2772,6620.0
2773,6845.0
2774,6456.0
2775,5495.0
2776,4470.0
2777,2885.0
2778,1525.0
2779,414.0
2780,17.0
2781,11.0
2782,0.0
2783,0.0
2784,0.0
2785,0.0
2786,0.0
2787,0.0
2788,1.0
2789,2.5
2790,127.5
2791,478.5
2792,682.0
2793,1355.0
2794,1705.0
2795,2165.0
2796,2460.0
2797,2285.0
2798,1735.5
2799,1955.0
2800,1625.0
2801,1180.0
2802,692.0
2803,198.5
2804,15.0
2805,4.5
2806,0.0
2807,0.0
2808,0.0
2809,0.0
2810,0.0
2811,0.0
2812,0.0
2813,1.5
2814,113.5
2815,564.0
2816,1219.5
2817,1800.0
2818,2180.0
2819,2460.0
2820,2620.0
2821,2625.0
2822,2542.0
2823,2355.0
2824,2070.0
2825,1440.0
2826,782.0
2827,248.5
2828,15.5
2829,24.5
2830,0.0
2831,0.0
2832,0.0
2833,0.0
2834,0.0
2835,0.0
2836,0.5
2837,1.0
2838,120.5
2839,618.0
2840,1093.0
2841,1905.0
2842,2405.0
2843,2790.0
2844,2890.0
2845,2595.0
2846,2622.0
2847,1895.0
2848,1555.0
2849,1195.0
2850,753.0
2851,318.0
2852,25.0
2853,37.5
2854,0.0
2855,0.0
2856,0.0
2857,0.0
2858,0.0
2859,0.0
2860,0.0
2861,1.0
2862,158.5
2863,702.0
2864,1445.5
2865,2340.0
2866,3400.0
2867,4555.0
2868,5025.0
2869,4970.0
2870,4364.5
2871,4475.0
2872,3725.0
2873,2835.0
2874,1735.0
2875,724.5
2876,59.0
2877,6.5
2878,0.0
2879,0.0
2880,0.0
2881,0.0
2882,1.0
2883,1.0
2884,1.5
2885,8.0
2886,550.0
2887,1840.0
2888,3058.5
2889,5000.0
2890,6285.0
2891,6860.0
2892,6870.0
2893,6400.0
2894,5522.5
2895,4598.5
2896,3635.5
2897,2599.0
2898,1557.0
2899,707.5
2900,195.5
2901,23.0
2902,0.0
2903,0.0
2904,0.0
2905,0.0
2906,0.0
2907,0.0
2908,0.0
2909,15.5
2910,97.0
2911,343.5
2912,804.0
2913,1575.0
2914,2725.0
2915,4080.0
2916,5065.0
2917,5645.0
2918,5299.0
2919,5575.0
2920,4705.0
2921,3585.0
2922,2160.0
2923,814.0
2924,57.0
2925,5.0
2926,0.0
2927,0.0
2928,0.0
2929,0.0
2930,1.0
2931,2.0
2932,1.5
2933,26.5
2934,516.0
2935,1515.0
2936,2670.0
2937,4540.0
2938,5940.0
2939,6845.0
2940,6725.0
2941,6605.0
2942,5816.5
2943,5020.0
2944,3680.0
2945,2210.0
2946,989.0
2947,292.0
2948,19.5
2949,2.5
2950,0.0
2951,0.0
2952,0.0
2953,0.0
2954,0.5
2955,0.5
2956,1.0
2957,7.0
2958,310.0
2959,1155.0
2960,2243.5
2961,3625.0
2962,4475.0
2963,4935.0
2964,5060.0
2965,4985.0
2966,4955.5
2967,4290.0
2968,3690.0
2969,2640.0
2970,1510.0
2971,519.0
2972,40.0
2973,3.0
2974,0.0
2975,0.0
2976,0.0
2977,0.0
2978,1.5
2979,1.0
2980,2.0
2981,25.5
2982,568.5
2983,1750.0
2984,3097.0
2985,5080.0
2986,6690.0
2987,7990.0
2988,8560.0
2989,8615.0
2990,8151.0
2991,7050.0
2992,5625.0
2993,3970.0
2994,2295.0
2995,859.5
2996,78.5
2997,88.0
2998,0.0
2999,0.0
3000,0.0
3001,0.0
3002,2.0
3003,1.0
3004,2.0
3005,29.5
3006,609.0
3007,1830.0
3008,3142.5
3009,5140.0
3010,6800.0
3011,8110.0
3012,8760.0
3013,8770.0
3014,8451.0
3015,7205.0
3016,5705.0
3017,3965.0
3018,2215.0
3019,819.5
3020,74.5
3021,97.0
3022,0.0
3023,0.0
3024,0.0
3025,0.0
3026,3.5
3027,1.5
3028,2.0
3029,32.0
3030,608.0
3031,1800.0
3032,3133.0
3033,4985.0
3034,6510.0
3035,7845.0
3036,8510.0
3037,8530.0
3038,8184.0
3039,6930.0
3040,5520.0
3041,3835.0
3042,2190.0
3043,818.0
3044,68.0
3045,13.5
3046,0.0
3047,0.0
3048,0.0
3049,0.0
3050,0.0
3051,0.0
3052,0.0
3053,144.0
3054,756.0
3055,1760.0
3056,2697.5
3057,4215.0
3058,5785.0
3059,7150.0
3060,7545.0
3061,6820.0
3062,6175.5
3063,4735.0
3064,3775.0
3065,2835.0
3066,1855.0
3067,800.5
3068,93.5
3069,15.0
3070,0.0
3071,0.0
3072,0.0
3073,0.0
3074,2.0
3075,0.5
3076,1.0
3077,55.0
3078,658.0
3079,1770.0
3080,2798.5
3081,4720.0
3082,5805.0
3083,6160.0
3084,5980.0
3085,5735.0
3086,4990.0
3087,3905.0
3088,2755.0
3089,1690.0
3090,849.5
3091,298.0
3092,16.5
3093,9.5
3094,0.0
3095,0.0
3096,0.0
3097,0.0
3098,2.5
3099,1.0
3100,0.5
3101,18.0
3102,489.0
3103,1645.0
3104,2743.0
3105,4865.0
3106,6210.0
3107,7200.0
3108,7625.0
3109,7645.0
3110,7496.5
3111,6265.0
3112,5135.0
3113,3720.0
3114,2230.0
3115,959.5
3116,112.5
3117,15.0
3118,0.5
3119,0.0
3120,0.0
3121,0.0
3122,2.0
3123,1.0
3124,1.0
3125,70.0
3126,657.0
3127,1715.0
3128,2700.0
3129,4075.0
3130,4920.0
3131,5190.0
3132,4990.0
3133,4570.0
3134,4262.5
3135,3095.0
3136,2240.0
3137,1425.0
3138,770.0
3139,277.5
3140,35.5
3141,7.5
3142,0.0
3143,0.0
3144,0.0
3145,0.0
3146,1.5
3147,0.5
3148,1.0
3149,47.5
3150,588.5
3151,1650.0
3152,2258.0
3153,3770.0
3154,4460.0
3155,4985.0
3156,4945.0
3157,4620.0
3158,4032.5
3159,3270.0
3160,2245.0
3161,1525.0
3162,838.5
3163,318.5
3164,52.0
3165,47.5
3166,0.5
3167,0.0
3168,0.0
3169,0.0
3170,2.5
3171,0.5
3172,1.0
3173,35.0
3174,483.5
3175,1485.0
3176,2453.0
3177,4255.0
3178,5380.0
3179,6140.0
3180,6540.0
3181,6975.0
3182,7099.0
3183,6430.0
3184,5365.0
3185,3955.0
3186,2500.0
3187,1114.0
3188,170.5
3189,150.0
3190,0.5
3191,0.0
3192,0.0
3193,0.0
3194,1.0
3195,0.5
3196,2.0
3197,80.0
3198,811.0
3199,2090.0
3200,3472.0
3201,5425.0
3202,7015.0
3203,8165.0
3204,8740.0
3205,8755.0
3206,8284.0
3207,7160.0
3208,5820.0
3209,4095.0
3210,2475.0
3211,1086.0
3212,169.5
3213,143.5
3214,0.5
3215,0.0
3216,0.0
3217,0.0
3218,1.5
3219,0.0
3220,1.0
3221,66.5
3222,657.5
3223,1780.0
3224,3018.5
3225,5070.0
3226,6715.0
3227,8120.0
3228,8675.0
3229,8695.0
3230,8163.5
3231,6960.0
3232,5470.0
3233,3630.0
3234,1985.0
3235,731.5
3236,82.0
3237,122.0
3238,0.5
3239,0.0
3240,0.0
3241,0.0
3242,2.0
3243,0.5
3244,0.5
3245,40.0
3246,369.5
3247,946.5
3248,1307.0
3249,2185.0
3250,2850.0
3251,3535.0
3252,3910.0
3253,4245.0
3254,4245.0
3255,3785.0
3256,3190.0
3257,2555.0
3258,1765.0
3259,886.0
3260,163.0
3261,9.5
3262,1.0
3263,0.0
3264,0.0
3265,0.0
3266,1.0
3267,1.0
3268,1.5
3269,103.5
3270,850.5
3271,2060.0
3272,3443.5
3273,5405.0
3274,6990.0
3275,8160.0
3276,8625.0
3277,8475.0
3278,7808.0
3279,6690.0
3280,5400.0
3281,3975.0
3282,2425.0
3283,1078.5
3284,195.0
3285,6.0
3286,1.5
3287,0.0
3288,0.0
3289,0.0
3290,2.0
3291,2.5
3292,4.0
3293,111.0
3294,837.5
3295,2010.0
3296,3176.0
3297,5120.0
3298,6565.0
3299,7625.0
3300,7910.0
3301,7605.0
3302,6946.5
3303,5940.0
3304,4925.0
3305,3525.0
3306,2180.0
3307,967.0
3308,176.0
3309,9.5
3310,1.0
3311,0.0
3312,0.0
3313,0.0
3314,4.0
3315,1.5
3316,2.0
3317,112.5
3318,851.5
3319,2050.0
3320,3315.5
3321,5375.0
3322,6970.0
3323,8195.0
3324,8675.0
3325,8740.0
3326,8215.5
3327,7225.0
3328,5775.0
3329,4090.0
3330,2460.0
3331,1072.0
3332,165.5
3333,161.5
3334,1.5
3335,0.0
3336,0.0
3337,0.0
3338,2.0
3339,1.0
3340,2.0
3341,101.0
3342,750.5
3343,1840.0
3344,3009.0
3345,4905.0
3346,6365.0
3347,7455.0
3348,7990.0
3349,8085.0
3350,7711.5
3351,6645.0
3352,5245.0
3353,3565.0
3354,2025.0
3355,793.5
3356,106.5
3357,141.5
3358,1.0
3359,0.0
3360,0.0
3361,0.0
3362,0.5
3363,0.5
3364,0.5
3365,119.5
3366,833.0
3367,2005.0
3368,3073.75
3369,4965.0
3370,6160.0
3371,7085.0
3372,7430.0
3373,7250.0
3374,6675.0
3375,5675.0
3376,4385.0
3377,3040.0
3378,1775.0
3379,731.5
3380,135.0
3381,8.5
3382,2.5
3383,0.0
3384,0.0
3385,0.0
3386,1.5
3387,1.0
3388,1.0
3389,107.0
3390,719.0
3391,1670.0
3392,2676.0
3393,4540.0
3394,6050.0
3395,7500.0
3396,8155.0
3397,8325.0
3398,7930.5
3399,6925.0
3400,5570.0
3401,3965.0
3402,2365.0
3403,1054.0
3404,197.5
3405,5.0
3406,3.5
3407,0.0
3408,0.0
3409,0.0
3410,5.0
3411,2.5
3412,3.0
3413,52.0
3414,451.0
3415,1233.5
3416,2297.5
3417,3945.0
3418,5745.0
3419,7245.0
3420,8135.0
3421,8385.0
3422,7797.5
3423,6660.0
3424,5120.0
3425,3490.0
3426,2090.0
3427,930.0
3428,193.5
3429,153.0
3430,4.5
3431,0.0
3432,0.0
3433,0.0
3434,0.0
3435,0.0
3436,3.0
3437,102.0
3438,457.0
3439,1041.0
3440,1596.0
3441,2908.5
3442,3590.5
3443,4903.5
3444,5527.5
3445,5668.5
3446,5001.5
3447,4275.0
3448,3267.5
3449,2439.5
3450,1607.5
3451,865.0
3452,320.0
3453,57.0
3454,2.5
3455,0.0
3456,0.0
3457,0.0
3458,0.0
3459,0.0
3460,2.5
3461,86.5
3462,331.0
3463,731.5
3464,1170.0
3465,1630.0
3466,2100.0
3467,2530.0
3468,2820.0
3469,2715.0
3470,2565.0
3471,2255.0
3472,1930.0
3473,1595.0
3474,1024.0
3475,510.5
3476,112.0
3477,6.5
3478,2.0
3479,0.0
3480,0.0
3481,0.0
3482,1.0
3483,1.0
3484,1.0
3485,44.5
3486,350.5
3487,886.5
3488,1670.0
3489,2635.0
3490,3860.0
3491,4885.0
3492,5865.0
3493,6460.0
3494,6530.0
3495,5955.0
3496,4920.0
3497,3485.0
3498,2075.0
3499,951.0
3500,213.0
3501,5.5
3502,1.0
3503,0.0
3504,0.0
3505,0.0
3506,1.0
3507,2.5
3508,2.0
3509,135.5
3510,693.0
3511,1480.0
3512,2465.0
3513,3585.0
3514,4545.0
3515,5690.0
3516,6375.0
3517,6850.0
3518,6505.0
3519,5610.0
3520,4690.0
3521,3320.0
3522,1865.0
3523,835.5
3524,164.0
3525,9.0
3526,1.5
3527,0.0
3528,0.0
3529,0.0
3530,2.5
3531,3.0
3532,2.0
3533,82.5
3534,541.5
3535,1315.0
3536,2330.0
3537,3465.0
3538,4700.0
3539,5885.0
3540,6835.0
3541,7205.0
3542,6885.0
3543,6025.0
3544,4875.0
3545,3550.0
3546,2145.0
3547,1038.0
3548,267.5
3549,11.0
3550,0.0
3551,0.0
3552,0.0
3553,0.0
3554,1.0
3555,1.5
3556,0.5
3557,48.0
3558,326.0
3559,805.0
3560,1445.0
3561,2270.0
3562,3085.0
3563,3870.0
3564,4275.0
3565,4210.0
3566,3910.0
3567,3565.0
3568,2955.0
3569,2120.0
3570,1201.0
3571,513.0
3572,120.0
3573,5.0
3574,1.5
3575,0.0
3576,0.0
3577,0.0
3578,1.5
3579,1.0
3580,2.0
3581,18.5
3582,161.5
3583,418.0
3584,843.5
3585,1360.0
3586,1690.0
3587,1860.0
3588,1945.0
3589,1920.0
3590,1915.0
3591,1755.0
3592,1595.0
3593,1220.0
3594,718.5
3595,345.5
3596,71.0
3597,2.5
3598,1.0
3599,0.0
3600,0.0
3601,0.0
3602,0.5
3603,1.0
3604,1.5
3605,48.5
3606,366.0
3607,901.5
3608,1625.0
3609,2550.0
3610,3455.0
3611,4055.0
3612,4540.0
3613,4500.0
3614,4235.0
3615,3525.0
3616,2845.0
3617,2250.0
3618,1320.0
3619,617.5
3620,136.0
3621,8.0
3622,2.5
3623,0.0
3624,0.0
3625,0.0
3626,1.5
3627,1.0
3628,2.0
3629,71.0
3630,410.0
3631,1026.0
3632,1830.0
3633,2760.0
3634,3775.0
3635,4640.0
3636,4985.0
3637,5325.0
3638,5365.0
3639,4865.0
3640,4060.0
3641,2950.0
3642,1735.0
3643,854.0
3644,240.0
3645,9.0
3646,2.0
3647,0.0
3648,0.0
3649,0.0
3650,1.5
3651,1.0
3652,0.5
3653,54.5
3654,372.0
3655,971.5
3656,1770.0
3657,2735.0
3658,3700.0
3659,4785.0
3660,5295.0
3661,5700.0
3662,5610.0
3663,5060.0
3664,4285.0
3665,3290.0
3666,2080.0
3667,1025.5
3668,244.5
3669,6.0
3670,2.0
3671,0.0
3672,0.0
3673,0.0
3674,2.5
3675,1.5
3676,1.5
3677,140.0
3678,755.0
3679,1745.0
3680,3035.0
3681,4510.0
3682,5682.5
3683,6465.0
3684,6775.0
3685,6635.0
3686,6480.0
3687,5815.0
3688,4935.0
3689,3630.0
3690,2250.0
3691,1063.5
3692,255.5
3693,15.0
3694,4.0
3695,0.0
3696,0.0
3697,0.0
3698,1.0
3699,1.0
3700,0.5
3701,89.5
3702,486.5
3703,1033.5
3704,1645.0
3705,2340.0
3706,2945.0
3707,3405.0
3708,3765.0
3709,4175.0
3710,4215.0
3711,3845.0
3712,2880.0
3713,1955.0
3714,1152.0
3715,471.5
3716,103.0
3717,6.0
3718,1.0
3719,0.0
3720,0.0
3721,0.0
3722,1.5
3723,1.5
3724,0.5
3725,38.5
3726,266.5
3727,684.0
3728,1280.0
3729,2040.0
3730,2810.0
3731,3625.0
3732,4295.0
3733,4820.0
3734,5539.0
3735,5265.0
3736,4645.0
3737,3595.0
3738,2375.0
3739,1166.0
3740,314.5
3741,15.5
3742,1.5
3743,0.0
3744,0.0
3745,0.0
3746,0.5
3747,0.5
3748,1.0
3749,142.5
3750,672.0
3751,1600.0
3752,2668.0
3753,4645.0
3754,6015.0
3755,7185.0
3756,7840.0
3757,8045.0
3758,7734.5
3759,6990.0
3760,5705.0
3761,4095.0
3762,2560.0
3763,1272.5
3764,343.0
3765,15.5
3766,7.5
3767,0.0
3768,0.0
3769,0.0
3770,1.5
3771,1.0
3772,1.5
3773,130.5
3774,633.0
3775,1370.0
3776,2033.0
3777,3235.0
3778,4365.0
3779,5140.0
3780,5620.0
3781,5625.0
3782,4600.5
3783,4475.0
3784,3500.0
3785,2435.0
3786,1495.0
3787,699.0
3788,175.5
3789,11.0
3790,3.0
3791,0.0
3792,0.0
3793,0.0
3794,1.0
3795,0.0
3796,1.5
3797,63.0
3798,345.0
3799,860.5
3800,1304.0
3801,2360.0
3802,3325.0
3803,4325.0
3804,4840.0
3805,5040.0
3806,4398.0
3807,4420.0
3808,3610.0
3809,2615.0
3810,1655.0
3811,792.5
3812,206.0
3813,17.0
3814,5.5
3815,0.0
3816,0.0
3817,0.0
3818,2.0
3819,0.0
3820,1.0
3821,116.0
3822,618.5
3823,1315.0
3824,1900.0
3825,3180.0
3826,4380.0
3827,5650.0
3828,6365.0
3829,6425.0
3830,5746.5
3831,5430.0
3832,4375.0
3833,3080.0
3834,1920.0
3835,996.5
3836,309.5
3837,173.0
3838,3.0
3839,0.0
3840,0.0
3841,0.0
3842,3.0
3843,0.5
3844,1.5
3845,123.0
3846,568.0
3847,1275.0
3848,1965.5
3849,3350.0
3850,4545.0
3851,5800.0
3852,6915.0
3853,7450.0
3854,6485.0
3855,6230.0
3856,4875.0
3857,3495.0
3858,2250.0
3859,1125.0
3860,293.5
3861,221.5
3862,1.5
3863,0.0
3864,0.0
3865,0.0
3866,2.5
3867,0.5
3868,2.0
3869,179.0
3870,845.0
3871,1855.0
3872,2733.5
3873,4765.0
3874,6185.0
3875,7390.0
3876,7980.0
3877,8160.0
3878,7629.0
3879,6910.0
3880,5580.0
3881,4115.0
3882,2505.0
3883,1238.5
3884,316.5
3885,236.0
3886,3.0
3887,0.0
3888,0.0
3889,0.0
3890,0.0
3891,0.0
3892,11.0
3893,209.0
3894,275.0
3895,1350.0
3896,1855.0
3897,3060.0
3898,3870.0
3899,4465.0
3900,4575.0
3901,4485.0
3902,4319.0
3903,3885.0
3904,3380.0
3905,2585.0
3906,1760.0
3907,997.5
3908,297.5
3909,13.5
3910,3.0
3911,0.0
3912,0.0
3913,0.0
3914,1.5
3915,1.0
3916,2.0
3917,184.5
3918,890.0
3919,2045.0
3920,2899.0
3921,4605.0
3922,5425.0
3923,5985.0
3924,5855.0
3925,5655.0
3926,5386.0
3927,4585.0
3928,3640.0
3929,2435.0
3930,1485.0
3931,696.5
3932,173.5
3933,8.0
3934,4.0
3935,0.0
3936,0.0
3937,0.0
3938,1.0
3939,1.0
3940,1.0
3941,64.0
3942,351.5
3943,811.0
3944,1200.5
3945,2180.0
3946,3165.0
3947,4490.0
3948,5950.0
3949,7105.0
3950,6421.0
3951,6780.0
3952,5640.0
3953,4200.0
3954,2620.0
3955,1345.0
3956,430.5
3957,26.5
3958,1.5
3959,0.0
3960,0.0
3961,0.0
3962,2.0
3963,0.5
3964,3.5
3965,213.0
3966,903.5
3967,1980.0
3968,2925.0
3969,4415.0
3970,5175.0
3971,5680.0
3972,5750.0
3973,5575.0
3974,5356.5
3975,4630.0
3976,4105.0
3977,3175.0
3978,2105.0
3979,1039.0
3980,297.5
3981,187.0
3982,1.0
3983,0.0
3984,0.0
3985,0.0
3986,2.0
3987,0.5
3988,2.5
3989,67.0
3990,417.5
3991,1038.5
3992,1411.0
3993,2780.0
3994,3390.0
3995,3685.0
3996,3945.0
3997,4025.0
3998,3227.5
3999,3765.0
4000,3550.0
4001,2955.0
4002,1950.0
4003,997.0
4004,319.0
4005,204.0
4006,1.5
4007,0.0
4008,0.0
4009,0.0
4010,1.0
4011,0.5
4012,4.5
4013,89.0
4014,432.0
4015,1123.5
4016,2005.0
4017,2970.0
4018,3700.0
4019,3890.0
4020,3665.0
4021,3275.0
4022,2406.5
4023,2190.0
4024,1665.0
4025,1160.0
4026,730.5
4027,366.0
4028,107.5
4029,122.75
4030,2.5
4031,0.0
4032,0.0
4033,0.0
4034,0.5
4035,0.5
4036,1.5
4037,88.0
4038,501.5
4039,1212.0
4040,2105.0
4041,3625.0
4042,5160.0
4043,6630.0
4044,7035.0
4045,6905.0
4046,6137.0
4047,4790.0
4048,3615.0
4049,2340.0
4050,1310.0
4051,557.0
4052,136.5
4053,11.0
4054,3.0
4055,0.0
4056,0.0
4057,0.0
4058,1.0
4059,0.5
4060,2.0
4061,110.5
4062,611.0
4063,1330.0
4064,1945.5
4065,3265.0
4066,1919.0
4067,4375.0
4068,4355.0
4069,4180.0
4070,3898.0
4071,3620.0
4072,3155.0
4073,2515.0
4074,1570.0
4075,820.0
4076,220.5
4077,233.0
4078,2.0
4079,0.0
4080,0.0
4081,0.0
4082,1.0
4083,0.5
4084,1.5
4085,77.0
4086,385.0
4087,941.5
4088,1958.5
4089,2660.0
4090,3315.0
4091,4190.0
4092,4490.0
4093,4775.0
4094,4613.0
4095,4340.0
4096,3925.0
4097,3150.0
4098,1930.0
4099,947.0
4100,282.5
4101,175.5
4102,2.0
4103,0.0
4104,0.0
4105,0.0
4106,1.0
4107,0.5
4108,3.5
4109,272.5
4110,1000.5
4111,2155.0
4112,3288.5
4113,5155.0
4114,6585.0
4115,7740.0
4116,8240.0
4117,8085.0
4118,7818.0
4119,7005.0
4120,5915.0
4121,4510.0
4122,3000.0
4123,1595.0
4124,534.5
4125,31.0
4126,3.5
4127,0.0
4128,0.0
4129,0.0
4130,1.0
4131,0.5
4132,4.5
4133,228.5
4134,992.5
4135,2190.0
4136,3597.5
4137,5445.0
4138,6875.0
4139,8105.0
4140,8795.0
4141,8985.0
4142,8575.0
4143,7685.0
4144,6300.0
4145,4645.0
4146,2970.0
4147,1535.0
4148,485.5
4149,329.0
4150,1.0
4151,0.0
4152,0.0
4153,0.0
4154,1.5
4155,0.5
4156,3.0
4157,209.0
4158,928.5
4159,2055.0
4160,3207.0
4161,4790.0
4162,6180.0
4163,7390.0
4164,7955.0
4165,7840.0
4166,7386.5
4167,6235.0
4168,4915.0
4169,3590.0
4170,2345.0
4171,1226.5
4172,353.5
4173,274.0
4174,1.5
4175,0.0
4176,0.0
4177,0.0
4178,1.0
4179,2.0
4180,3.0
4181,212.0
4182,934.5
4183,2060.0
4184,3197.5
4185,5110.0
4186,6620.0
4187,7890.0
4188,8610.0
4189,8755.0
4190,8219.0
4191,7465.0
4192,6120.0
4193,4535.0
4194,2885.0
4195,1495.0
4196,514.0
4197,326.5
4198,3.5
4199,0.0
4200,0.0
4201,0.0
4202,2.0
4203,1.0
4204,4.0
4205,227.5
4206,962.0
4207,2120.0
4208,3523.0
4209,5280.0
4210,6670.0
4211,7972.5
4212,8755.0
4213,8860.0
4214,8476.0
4215,7465.0
4216,6065.0
4217,4425.0
4218,2785.0
4219,1410.0
4220,406.5
4221,328.5
4222,4.5
4223,0.0
4224,0.0
4225,0.0
4226,3.0
4227,1.0
4228,2.5
4229,200.5
4230,917.0
4231,2055.0
4232,3429.0
4233,5210.0
4234,6755.0
4235,8035.0
4236,8655.0
4237,8750.0
4238,8383.5
4239,7370.0
4240,6005.0
4241,4410.0
4242,2790.0
4243,1390.0
4244,423.5
4245,23.5
4246,4.0
4247,0.0
4248,0.0
4249,0.0
4250,3.5
4251,1.5
4252,2.5
4253,132.0
4254,713.0
4255,1680.0
4256,3007.0
4257,4730.0
4258,6715.0
4259,8225.0
4260,8910.0
4261,8990.0
4262,8531.0
4263,7580.0
4264,6210.0
4265,4575.0
4266,2915.0
4267,1495.0
4268,486.5
4269,332.0
4270,3.5
4271,0.0
4272,0.0
4273,0.0
4274,1.5
4275,0.5
4276,2.0
4277,133.0
4278,659.5
4279,1570.0
4280,2802.5
4281,4460.0
4282,6440.0
4283,8000.0
4284,8685.0
4285,8730.0
4286,8228.0
4287,7050.0
4288,5780.0
4289,4250.0
4290,2735.0
4291,1380.0
4292,471.0
4293,317.5
4294,4.0
4295,0.0
4296,0.0
4297,0.0
4298,4.0
4299,1.0
4300,2.0
4301,158.0
4302,791.5
4303,1895.0
4304,3361.5
4305,5205.0
4306,6740.0
4307,8025.0
4308,8695.0
4309,8760.0
4310,8387.0
4311,7390.0
4312,5970.0
4313,4385.0
4314,2825.0
4315,1470.0
4316,459.5
4317,327.5
4318,3.5
4319,0.0
4320,0.0
4321,0.0
4322,2.0
4323,1.0
4324,2.5
4325,110.0
4326,624.5
4327,1610.0
4328,3190.0
4329,5125.0
4330,6800.0
4331,8190.0
4332,8870.0
4333,9010.0
4334,8499.5
4335,7630.0
4336,6205.0
4337,4525.0
4338,2875.0
4339,1470.0
4340,464.0
4341,397.5
4342,3.5
4343,0.0
4344,0.0
4345,0.0
4346,3.0
4347,3.0
4348,2.5
4349,185.0
4350,845.0
4351,1885.0
4352,3215.0
4353,4615.0
4354,5840.0
4355,6740.0
4356,7010.0
4357,6760.0
4358,6365.0
4359,5575.0
4360,4475.0
4361,3365.0
4362,2205.0
4363,1083.0
4364,342.5
4365,29.0
4366,4.5
4367,0.0
4368,0.0
4369,0.0
4370,4.0
4371,1.5
4372,2.0
4373,179.5
4374,845.5
4375,1940.0
4376,3169.5
4377,5040.0
4378,6550.0
4379,7795.0
4380,8560.0
4381,8695.0
4382,7966.0
4383,7280.0
4384,6015.0
4385,4470.0
4386,2975.0
4387,1470.0
4388,469.5
4389,326.0
4390,8.5
4391,0.0
4392,0.0
4393,0.0
4394,1.0
4395,0.5
4396,1.5
4397,172.0
4398,834.5
4399,1970.0
4400,3590.0
4401,5090.0
4402,6535.0
4403,7715.0
4404,8140.0
4405,8055.0
4406,7579.0
4407,6820.0
4408,5620.0
4409,4120.0
4410,2510.0
4411,1370.0
4412,446.5
4413,280.0
4414,5.5
4415,0.0
4416,0.0
4417,0.0
4418,2.0
4419,0.0
4420,2.5
4421,130.0
4422,710.5
4423,1645.0
4424,2397.0
4425,4185.0
4426,5400.0
4427,6325.0
4428,6710.0
4429,6550.0
4430,5719.5
4431,5165.0
4432,4205.0
4433,3375.0
4434,2245.0
4435,1153.5
4436,344.5
4437,22.0
4438,4.5
4439,0.0
4440,0.0
4441,0.0
4442,1.0
4443,1.0
4444,1.5
4445,122.5
4446,714.5
4447,1740.0
4448,2588.0
4449,4505.0
4450,5965.0
4451,6845.0
4452,7190.0
4453,7395.0
4454,6927.0
4455,6310.0
4456,5180.0
4457,3820.0
4458,2475.0
4459,1310.0
4460,388.0
4461,20.0
4462,1.5
4463,0.0
4464,0.0
4465,0.0
4466,1.5
4467,0.5
4468,1.0
4469,122.5
4470,699.5
4471,1685.0
4472,2836.5
4473,4745.0
4474,6345.0
4475,7595.0
4476,8265.0
4477,8215.0
4478,7684.0
4479,6510.0
4480,5345.0
4481,3885.0
4482,2505.0
4483,1295.0
4484,397.5
4485,24.0
4486,5.0
4487,0.0
4488,0.0
4489,0.0
4490,2.0
4491,0.5
4492,2.5
4493,126.0
4494,754.0
4495,1835.0
4496,3511.5
4497,4890.0
4498,6395.0
4499,7515.0
4500,7975.0
4501,7860.0
4502,7427.5
4503,6680.0
4504,5500.0
4505,4060.0
4506,2595.0
4507,1350.0
4508,417.0
4509,296.0
4510,6.5
4511,0.0
4512,0.0
4513,0.0
4514,1.5
4515,0.5
4516,1.5
4517,140.0
4518,789.0
4519,1875.0
4520,3181.5
4521,4815.0
4522,6235.0
4523,7100.0
4524,7375.0
4525,7490.0
4526,7290.0
4527,6620.0
4528,5555.0
4529,4070.0
4530,2535.0
4531,1265.0
4532,399.5
4533,292.5
4534,4.5
4535,0.0
4536,0.0
4537,0.0
4538,1.5
4539,1.0
4540,1.0
4541,94.5
4542,657.5
4543,1610.0
4544,2724.5
4545,4195.0
4546,5215.0
4547,5900.0
4548,6145.0
4549,5945.0
4550,6874.0
4551,5255.0
4552,4555.0
4553,3450.0
4554,2270.0
4555,1185.5
4556,352.0
4557,17.5
4558,2.0
4559,0.0
4560,0.0
4561,0.0
4562,0.5
4563,0.5
4564,0.5
4565,86.5
4566,562.5
4567,1475.0
4568,2266.0
4569,3735.0
4570,4875.0
4571,5990.0
4572,6785.0
4573,7150.0
4574,6658.5
4575,6515.0
4576,5365.0
4577,3950.0
4578,2430.0
4579,1192.5
4580,313.5
4581,231.5
4582,3.0
4583,0.0
4584,0.0
4585,0.0
4586,1.0
4587,1.5
4588,0.5
4589,72.0
4590,495.0
4591,1199.5
4592,1924.5
4593,3475.0
4594,4790.0
4595,5800.0
4596,6155.0
4597,6030.0
4598,5796.5
4599,4920.0
4600,4065.0
4601,2975.0
4602,1840.0
4603,906.0
4604,220.0
4605,9.5
4606,1.0
4607,0.0
4608,0.0
4609,0.0
4610,0.5
4611,0.5
4612,1.0
4613,39.5
4614,342.5
4615,883.5
4616,1503.0
4617,2390.0
4618,3445.0
4619,4840.0
4620,5580.0
4621,6035.0
4622,6057.0
4623,5105.0
4624,4155.0
4625,3070.0
4626,1965.0
4627,919.0
4628,251.5
4629,10.0
4630,3.5
4631,0.0
4632,0.0
4633,0.0
4634,1.5
4635,1.0
4636,1.0
4637,52.0
4638,399.0
4639,1025.0
4640,1681.0
4641,2950.0
4642,4240.0
4643,5460.0
4644,6005.0
4645,6185.0
4646,6235.0
4647,5115.0
4648,3980.0
4649,2915.0
4650,1875.0
4651,952.0
4652,287.0
4653,14.0
4654,2.0
4655,0.0
4656,0.0
4657,0.0
4658,3.0
4659,0.0
4660,1.0
4661,97.5
4662,733.0
4663,1850.0
4664,2572.75
4665,4840.0
4666,6180.0
4667,6975.0
4668,7400.0
4669,7545.0
4670,7316.0
4671,6395.0
4672,5325.0
4673,4020.0
4674,2570.0
4675,1315.0
4676,381.0
4677,254.0
4678,3.5
4679,0.0
4680,0.0
4681,0.0
4682,1.0
4683,0.5
4684,1.0
4685,103.5
4686,753.5
4687,1870.0
4688,3111.0
4689,4745.0
4690,6210.0
4691,7345.0
4692,8010.0
4693,8135.0
4694,7781.5
4695,6795.0
4696,5555.0
4697,4055.0
4698,2570.0
4699,1254.5
4700,316.5
4701,246.0
4702,3.5
4703,0.0
4704,0.0
4705,0.0
4706,0.5
4707,1.0
4708,0.5
4709,78.0
4710,566.0
4711,1395.0
4712,2338.5
4713,3495.0
4714,4410.0
4715,4990.0
4716,5530.0
4717,5620.0
4718,5353.5
4719,4445.0
4720,3755.0
4721,3040.0
4722,1935.0
4723,946.0
4724,257.0
4725,10.5
4726,4.5
4727,0.0
4728,0.0
4729,0.0
4730,1.0
4731,0.0
4732,1.0
4733,66.0
4734,611.0
4735,1480.0
4736,2427.0
4737,3870.0
4738,4505.0
4739,4510.0
4740,4300.0
4741,4305.0
4742,4730.5
4743,3940.0
4744,3375.0
4745,2675.0
4746,1840.0
4747,915.5
4748,241.0
4749,7.0
4750,2.0
4751,0.0
4752,0.0
4753,0.0
4754,1.0
4755,0.5
4756,1.0
4757,52.5
4758,476.0
4759,1360.0
4760,2415.5
4761,3625.0
4762,4515.0
4763,4680.0
4764,4660.0
4765,4680.0
4766,4941.5
4767,4195.0
4768,3300.0
4769,2455.0
4770,1635.0
4771,814.0
4772,216.5
4773,6.5
4774,0.5
4775,0.0
4776,0.0
4777,0.0
4778,1.0
4779,0.0
4780,1.0
4781,69.0
4782,596.0
4783,1450.0
4784,2531.0
4785,4180.0
4786,5600.0
4787,6505.0
4788,6950.0
4789,6880.0
4790,6404.0
4791,6287.5
4792,4885.0
4793,3575.0
4794,2260.0
4795,1139.0
4796,285.5
4797,8.0
4798,1.5
4799,0.0
4800,0.0
4801,0.0
4802,1.5
4803,0.5
4804,1.5
4805,56.5
4806,521.0
4807,1380.0
4808,2200.5
4809,3490.0
4810,4235.0
4811,5075.0
4812,5155.0
4813,4935.0
4814,4223.5
4815,3465.0
4816,2760.0
4817,1795.0
4818,1068.0
4819,527.5
4820,119.5
4821,4.0
4822,1.5
4823,0.0
4824,0.0
4825,0.0
4826,0.5
4827,0.5
4828,0.0
4829,27.0
4830,380.5
4831,1223.5
4832,2118.0
4833,3580.0
4834,4435.0
4835,5030.0
4836,5470.0
4837,5450.0
4838,5516.5
4839,4295.0
4840,3605.0
4841,2705.0
4842,1730.0
4843,875.5
4844,180.0
4845,175.5
4846,5.5
4847,0.0
4848,0.0
4849,0.0
4850,1.0
4851,0.5
4852,1.0
4853,34.0
4854,406.0
4855,1158.0
4856,2070.0
4857,3300.0
4858,4530.0
4859,5845.0
4860,6500.0
4861,6695.0
4862,6304.5
4863,5715.0
4864,4695.0
4865,3510.0
4866,2160.0
4867,1016.5
4868,231.5
4869,197.5
4870,2.0
4871,0.0
4872,0.0
4873,0.0
4874,0.0
4875,0.5
4876,0.0
4877,36.5
4878,455.0
4879,1245.0
4880,2417.5
4881,3535.0
4882,4785.0
4883,5810.0
4884,6125.0
4885,6130.0
4886,5543.0
4887,5220.0
4888,4350.0
4889,3310.0
4890,2225.0
4891,1042.0
4892,205.0
4893,4.0
4894,0.5
4895,0.0
4896,0.0
4897,0.0
4898,1.0
4899,0.5
4900,1.0
4901,42.5
4902,520.5
4903,1460.0
4904,2294.0
4905,3870.0
4906,4950.0
4907,5820.0
4908,6215.0
4909,6100.0
4910,5530.0
4911,5120.0
4912,4270.0
4913,3110.0
4914,2070.0
4915,1028.0
4916,245.5
4917,9.0
4918,4.0
4919,0.0
4920,0.0
4921,0.0
4922,0.5
4923,0.0
4924,0.0
4925,50.0
4926,591.0
4927,1585.0
4928,2722.0
4929,4350.0
4930,5474.5
4931,6630.0
4932,7515.0
4933,7835.0
4934,7244.5
4935,6800.0
4936,5635.0
4937,4115.0
4938,2530.0
4939,1194.5
4940,277.5
4941,8.0
4942,2.5
4943,0.0
4944,0.0
4945,0.0
4946,1.0
4947,0.5
4948,0.5
4949,30.5
4950,557.0
4951,1310.0
4952,2358.0
4953,4095.0
4954,4759.5
4955,6295.0
4956,6560.0
4957,6535.0
4958,6242.5
4959,5610.0
4960,4845.0
4961,3585.0
4962,2135.0
4963,950.5
4964,194.5
4965,6.0
4966,3.0
4967,0.0
4968,0.0
4969,0.0
4970,1.0
4971,0.5
4972,1.5
4973,20.0
4974,486.5
4975,1320.0
4976,2163.5
4977,3635.0
4978,4596.0
4979,6020.0
4980,6340.0
4981,6150.0
4982,5790.5
4983,4210.0
4984,2780.0
4985,2010.0
4986,1195.0
4987,473.0
4988,61.5
4989,5.0
4990,1.5
4991,0.0
4992,0.0
4993,0.0
4994,1.5
4995,0.5
4996,1.5
4997,4.0
4998,283.0
4999,1044.5
5000,1970.5
5001,3675.0
5002,4180.0
5003,5575.0
5004,6470.0
5005,6420.0
5006,4998.0
5007,4690.0
5008,3580.0
5009,2540.0
5010,1660.0
5011,728.0
5012,145.5
5013,100.5
5014,2.5
5015,0.0
5016,0.0
5017,0.0
5018,2.0
5019,1.5
5020,1.5
5021,6.0
5022,105.0
5023,295.0
5024,389.5
5025,675.5
5026,916.5
5027,1580.0
5028,2095.0
5029,2125.0
5030,1717.5
5031,2190.0
5032,1875.0
5033,1400.0
5034,1075.0
5035,573.5
5036,102.5
5037,56.5
5038,0.5
5039,0.0
5040,0.0
5041,0.0
5042,0.0
5043,0.0
5044,0.0
5045,13.0
5046,266.0
5047,756.5
5048,1281.0
5049,2330.0
5050,2816.0
5051,3780.0
5052,4255.0
5053,4430.0
5054,3855.0
5055,3535.0
5056,3025.0
5057,2255.0
5058,1535.0
5059,707.5
5060,136.0
5061,3.0
5062,1.0
5063,0.0
5064,0.0
5065,0.0
5066,1.5
5067,0.0
5068,0.5
5069,7.0
5070,291.0
5071,1246.5
5072,2347.0
5073,4410.0
5074,5077.5
5075,6330.0
5076,6655.0
5077,6735.0
5078,6207.5
5079,5526.5
5080,4644.5
5081,3597.5
5082,2521.5
5083,1493.5
5084,630.5
5085,136.5
5086,1.0
5087,0.0
5088,0.0
5089,0.0
5090,0.0
5091,0.0
5092,0.0
5093,64.0
5094,425.0
5095,1360.0
5096,2507.5
5097,4045.0
5098,4753.5
5099,5500.0
5100,5945.0
5101,5935.0
5102,5792.0
5103,4890.0
5104,4060.0
5105,3060.0
5106,1855.0
5107,799.5
5108,105.0
5109,4.5
5110,3.5
5111,0.0
5112,0.0
5113,0.0
5114,0.5
5115,1.0
5116,1.0
5117,13.0
5118,401.5
5119,1160.0
5120,1962.0
5121,3380.0
5122,4287.5
5123,5575.0
5124,6180.0
5125,6130.0
5126,5951.0
5127,5385.0
5128,4490.0
5129,3430.0
5130,2100.0
5131,863.0
5132,104.0
5133,131.5
5134,2.5
5135,0.0
5136,0.0
5137,0.0
5138,0.0
5139,0.5
5140,1.0
5141,12.0
5142,304.0
5143,1133.5
5144,2038.0
5145,3195.0
5146,4231.0
5147,5350.0
5148,5485.0
5149,5495.0
5150,5301.5
5151,4520.0
5152,3495.0
5153,2345.0
5154,1470.0
5155,691.0
5156,130.0
5157,4.5
5158,3.0
5159,0.0
5160,0.0
5161,0.0
5162,1.0
5163,0.5
5164,1.0
5165,14.5
5166,315.5
5167,1168.5
5168,2082.0
5169,3565.0
5170,4811.5
5171,6410.0
5172,7060.0
5173,7095.0
5174,7091.5
5175,6380.0
5176,5295.0
5177,3875.0
5178,2390.0
5179,1031.5
5180,139.5
5181,137.5
5182,2.0
5183,0.0
5184,0.0
5185,0.0
5186,2.5
5187,1.0
5188,1.5
5189,10.0
5190,350.0
5191,1410.0
5192,2561.0
5193,4480.0
5194,5706.0
5195,7380.0
5196,8020.0
5197,7955.0
5198,7538.5
5199,6685.0
5200,5370.0
5201,3845.0
5202,2320.0
5203,934.0
5204,105.5
5205,126.5
5206,2.0
5207,0.0
5208,0.0
5209,0.0
5210,1.0
5211,1.0
5212,1.0
5213,8.0
5214,290.0
5215,1104.0
5216,2365.5
5217,3390.0
5218,4607.5
5219,6070.0
5220,6970.0
5221,7325.0
5222,7181.5
5223,6220.0
5224,4935.0
5225,3525.0
5226,2198.5
5227,766.0
5228,93.0
5229,7.5
5230,1.0
5231,0.0
5232,0.0
5233,0.0
5234,0.0
5235,0.5
5236,1.0
5237,3.5
5238,78.0
5239,1217.0
5240,2189.5
5241,3710.0
5242,4455.0
5243,5775.0
5244,6230.0
5245,6020.0
5246,5605.0
5247,4815.0
5248,4025.0
5249,2700.0
5250,1590.0
5251,571.0
5252,67.5
5253,3.5
5254,1.5
5255,0.0
5256,0.0
5257,0.0
5258,0.0
5259,0.0
5260,0.0
5261,3.0
5262,347.0
5263,1175.5
5264,2349.0
5265,3680.0
5266,4780.0
5267,5310.0
5268,4833.0
5269,5080.0
5270,4984.0
5271,4660.0
5272,3900.0
5273,2940.0
5274,1730.75
5275,640.5
5276,78.5
5277,76.0
5278,2.0
5279,0.0
5280,0.0
5281,0.0
5282,1.0
5283,0.0
5284,0.0
5285,1.0
5286,158.5
5287,609.0
5288,1340.5
5289,2224.25
5290,2758.5
5291,3785.0
5292,4100.0
5293,4255.0
5294,3902.0
5295,4030.0
5296,3345.0
5297,2620.0
5298,1620.0
5299,736.0
5300,95.5
5301,76.5
5302,0.5
5303,0.0
5304,0.0
5305,0.0
5306,1.0
5307,0.5
5308,1.0
5309,4.0
5310,318.5
5311,1207.5
5312,1856.0
5313,3030.0
5314,2963.0
5315,3400.0
5316,3835.0
5317,4420.0
5318,3916.0
5319,4755.0
5320,4240.0
5321,3245.0
5322,2020.0
5323,839.0
5324,82.0
5325,87.5
5326,2.0
5327,0.0
5328,0.0
5329,0.0
5330,1.0
5331,0.0
5332,0.5
5333,5.0
5334,339.5
5335,1455.0
5336,2840.0
5337,4155.0
5338,4710.0
5339,5725.0
5340,5730.0
5341,5155.0
5342,4235.0
5343,3140.0
5344,2045.0
5345,1205.0
5346,584.5
5347,175.5
5348,10.5
5349,1.5
5350,0.5
5351,0.0
5352,0.0
5353,0.0
5354,1.0
5355,0.5
5356,1.0
5357,1.5
5358,56.0
5359,385.5
5360,940.0
5361,1490.0
5362,2025.0
5363,2295.0
5364,2570.0
5365,2480.0
5366,2485.0
5367,2335.0
5368,1970.0
5369,1390.0
5370,739.0
5371,287.0
5372,23.0
5373,0.5
5374,0.0
5375,0.0
5376,0.0
5377,0.0
5378,0.0
5379,0.0
5380,0.5
5381,0.5
5382,90.5
5383,623.5
5384,1136.5
5385,2360.0
5386,2622.0
5387,3810.0
5388,4250.0
5389,4325.0
5390,4363.0
5391,4035.0
5392,3295.0
5393,2405.0
5394,1360.0
5395,508.5
5396,32.0
5397,57.5
5398,0.5
5399,0.0
5400,0.0
5401,0.0
5402,0.0
5403,0.5
5404,0.5
5405,1.5
5406,152.0
5407,720.5
5408,1608.5
5409,2575.0
5410,3369.5
5411,3805.0
5412,3685.0
5413,3665.0
5414,3569.0
5415,3235.0
5416,2800.0
5417,2065.0
5418,1150.0
5419,354.5
5420,14.5
5421,42.5
5422,1.5
5423,0.0
5424,0.0
5425,0.0
5426,1.0
5427,0.0
5428,0.0
5429,0.0
5430,87.5
5431,544.0
5432,1340.0
5433,2193.25
5434,2676.5
5435,3380.0
5436,3535.0
5437,3745.0
5438,3760.0
5439,3500.0
5440,2645.0
5441,1680.0
5442,796.0
5443,204.0
5444,7.5
5445,29.5
5446,1.0
5447,0.0
5448,0.0
5449,0.0
5450,0.5
5451,0.0
5452,0.0
5453,0.5
5454,47.0
5455,289.5
5456,719.0
5457,1360.0
5458,1941.0
5459,3650.0
5460,4550.0
5461,5210.0
5462,5095.0
5463,4805.0
5464,4080.0
5465,2950.0
5466,1820.0
5467,725.5
5468,32.0
5469,50.0
5470,1.5
5471,0.0
5472,0.0
5473,0.0
5474,1.5
5475,0.5
5476,1.0
5477,1.5
5478,321.5
5479,1285.0
5480,2350.0
5481,3585.0
5482,4115.5
5483,4800.0
5484,4870.0
5485,4565.0
5486,4070.0
5487,3225.0
5488,2645.0
5489,1755.0
5490,817.0
5491,242.5
5492,9.0
5493,22.0
5494,0.0
5495,0.0
5496,0.0
5497,0.0
5498,0.5
5499,0.0
5500,0.5
5501,1.0
5502,64.0
5503,384.0
5504,895.5
5505,1515.0
5506,2110.0
5507,2615.0
5508,3020.0
5509,3305.0
5510,3325.0
5511,3190.0
5512,2560.0
5513,1605.0
5514,778.0
5515,210.5
5516,7.5
5517,0.0
5518,0.0
5519,0.0
5520,0.0
5521,0.0
5522,0.0
5523,0.0
5524,0.5
5525,0.5
5526,40.0
5527,323.0
5528,821.5
5529,1380.0
5530,1760.5
5531,2750.0
5532,3360.0
5533,3785.0
5534,3980.0
5535,3650.0
5536,2895.0
5537,2025.0
5538,1097.0
5539,284.0
5540,5.5
5541,22.0
5542,0.5
5543,0.0
5544,0.0
5545,0.0
5546,0.0
5547,0.0
5548,0.0
5549,0.0
5550,54.0
5551,448.0
5552,1179.0
5553,2335.0
5554,2840.5
5555,3640.0
5556,3665.0
5557,3575.0
5558,3182.5
5559,2825.0
5560,2170.0
5561,1395.0
5562,717.0
5563,176.0
5564,5.0
5565,2.0
5566,0.5
5567,0.0
5568,0.0
5569,0.0
5570,0.0
5571,0.5
5572,0.0
5573,0.5
5574,139.5
5575,493.5
5576,1261.0
5577,2245.0
5578,3055.0
5579,3855.0
5580,4655.0
5581,5195.0
5582,5103.5
5583,5120.0
5584,4300.0
5585,3090.0
5586,1650.0
5587,419.0
5588,7.0
5589,2.0
5590,0.5
5591,0.0
5592,0.0
5593,0.0
5594,1.0
5595,0.0
5596,1.0
5597,0.5
5598,73.0
5599,499.0
5600,1200.0
5601,1925.0
5602,2762.0
5603,3180.0
5604,3210.0
5605,3335.0
5606,3832.5
5607,2885.0
5608,2150.0
5609,1490.0
5610,736.5
5611,171.0
5612,2.5
5613,2.0
5614,0.5
5615,0.0
5616,0.0
5617,0.0
5618,0.0
5619,0.0
5620,0.0
5621,0.0
5622,42.0
5623,471.0
5624,1125.0
5625,2195.0
5626,2779.0
5627,3890.0
5628,4470.0
5629,4475.0
5630,4011.5
5631,3430.0
5632,2690.0
5633,1860.0
5634,1149.0
5635,361.0
5636,8.0
5637,16.5
5638,0.5
5639,0.0
5640,0.0
5641,0.0
5642,1.0
5643,0.0
5644,1.0
5645,0.5
5646,167.5
5647,1090.5
5648,2073.0
5649,3890.0
5650,4276.5
5651,5345.0
5652,5440.0
5653,5110.0
5654,4094.5
5655,3445.0
5656,2140.0
5657,1245.0
5658,711.5
5659,192.0
5660,6.5
5661,9.5
5662,2.0
5663,0.0
5664,0.0
5665,0.0
5666,0.0
5667,0.0
5668,0.0
5669,0.0
5670,145.5
5671,1135.5
5672,2690.0
5673,4245.0
5674,4806.5
5675,6000.0
5676,6185.0
5677,6300.0
5678,5905.0
5679,5400.0
5680,4400.0
5681,2975.0
5682,1515.0
5683,382.0
5684,5.0
5685,12.5
5686,1.5
5687,0.0
5688,0.0
5689,0.0
5690,0.5
5691,0.5
5692,1.0
5693,1.0
5694,41.0
5695,395.0
5696,832.5
5697,1045.0
5698,932.5
5699,1130.0
5700,1130.0
5701,1270.0
5702,1330.0
5703,1170.0
5704,969.5
5705,668.75
5706,348.5
5707,55.5
5708,2.0
5709,3.5
5710,0.0
5711,0.0
5712,0.0
5713,0.0
5714,0.0
5715,0.0
5716,0.0
5717,0.5
5718,50.0
5719,490.5
5720,1395.0
5721,2380.0
5722,3130.0
5723,3350.0
5724,3400.0
5725,3250.0
5726,2930.0
5727,2560.0
5728,2020.0
5729,1235.0
5730,532.5
5731,88.0
5732,3.0
5733,5.0
5734,1.0
5735,0.0
5736,0.0
5737,0.0
5738,0.5
5739,0.0
5740,0.0
5741,0.5
5742,30.5
5743,382.0
5744,1029.5
5745,1860.0
5746,2622.5
5747,2835.0
5748,3170.0
5749,3500.0
5750,3961.0
5751,3320.0
5752,2660.0
5753,1645.0
5754,654.0
5755,105.0
5756,4.0
5757,4.0
5758,0.5
5759,0.0
5760,0.0
5761,0.0
5762,0.0
5763,0.0
5764,0.0
5765,0.0
5766,7.5
5767,227.5
5768,865.0
5769,1740.0
5770,2397.0
5771,3945.0
5772,4635.0
5773,4805.0
5774,4127.0
5775,4395.0
5776,3570.0
5777,2640.0
5778,1307.5
5779,228.5
5780,4.0
5781,4.0
5782,0.5
5783,0.0
5784,0.0
5785,0.0
5786,0.0
5787,0.0
5788,0.0
5789,0.0
5790,79.5
5791,836.5
5792,1677.5
5793,3295.0
5794,4374.0
5795,5710.0
5796,6030.0
5797,5915.0
5798,5223.0
5799,4480.0
5800,3360.0
5801,2075.0
5802,1043.5
5803,222.0
5804,9.5
5805,4.0
5806,2.0
5807,0.0
5808,0.0
5809,0.0
5810,0.5
5811,0.0
5812,0.5
5813,0.0
5814,67.0
5815,896.0
5816,1995.5
5817,4080.0
5818,5015.0
5819,6595.0
5820,6900.0
5821,6775.0
5822,6188.75
5823,5280.0
5824,4085.0
5825,2590.0
5826,1209.0
5827,199.0
5828,5.5
5829,3.5
5830,1.5
5831,0.0
5832,0.0
5833,0.0
5834,0.0
5835,0.0
5836,0.5
5837,0.5
5838,65.0
5839,779.0
5840,1925.0
5841,3195.0
5842,3971.0
5843,5605.0
5844,6175.0
5845,6300.0
5846,5487.0
5847,4925.0
5848,3715.0
5849,2285.0
5850,938.5
5851,118.0
5852,1.0
5853,1.5
5854,0.0
5855,0.0
5856,0.0
5857,0.0
5858,0.0
5859,0.0
5860,0.0
5861,0.0
5862,49.0
5863,659.5
5864,1805.0
5865,3165.0
5866,4445.0
5867,5580.0
5868,6245.0
5869,6575.0
5870,6090.0
5871,4950.0
5872,3610.0
5873,2085.0
5874,782.5
5875,81.0
5876,1.0
5877,1.0
5878,0.0
5879,0.0
5880,0.0
5881,0.0
5882,0.0
5883,0.0
5884,0.0
5885,0.0
5886,52.0
5887,591.0
5888,1455.0
5889,2540.0
5890,2991.0
5891,4470.0
5892,4775.0
5893,4615.0
5894,3937.5
5895,3655.0
5896,2670.0
5897,1590.0
5898,616.0
5899,75.0
5900,3.0
5901,0.0
5902,0.0
5903,0.0
5904,0.0
5905,0.0
5906,0.0
5907,0.0
5908,0.0
5909,0.0
5910,9.0
5911,266.5
5912,765.0
5913,1840.0
5914,2665.0
5915,3155.0
5916,3470.0
5917,3700.0
5918,3585.0
5919,3100.0
5920,2295.0
5921,1415.0
5922,627.0
5923,86.0
5924,2.0
5925,0.5
5926,0.0
5927,0.0
5928,0.0
5929,0.0
5930,0.0
5931,0.0
5932,0.5
5933,1.0
5934,17.0
5935,497.0
5936,1610.0
5937,3015.0
5938,4310.0
5939,4880.0
5940,5110.0
5941,4930.0
5942,4685.0
5943,4160.0
5944,3220.0
5945,2155.0
5946,972.5
5947,117.5
5948,2.0
5949,0.5
5950,0.0
5951,0.0
5952,0.0
5953,0.0
5954,0.0
5955,0.0
5956,0.0
5957,0.0
5958,28.0
5959,730.5
5960,1970.0
5961,3085.0
5962,3524.0
5963,4350.0
5964,4195.0
5965,3685.0
5966,3162.0
5967,2600.0
5968,1835.0
5969,1195.0
5970,512.5
5971,56.5
5972,3.0
5973,1.0
5974,0.0
5975,0.0
5976,0.0
5977,0.0
5978,0.0
5979,0.0
5980,0.0
5981,0.0
5982,37.5
5983,836.5
5984,2305.0
5985,3750.0
5986,4195.0
5987,5350.0
5988,5410.0
5989,5330.0
5990,4771.5
5991,4240.0
5992,3435.0
5993,2235.0
5994,856.0
5995,68.0
5996,4.0
5997,1.0
5998,0.0
5999,0.0
6000,0.0
6001,0.0
6002,0.0
6003,0.0
6004,0.5
6005,0.5
6006,11.0
6007,248.0
6008,840.5
6009,1495.0
6010,1681.5
6011,2395.0
6012,2635.0
6013,2800.0
6014,2740.0
6015,2275.0
6016,1620.0
6017,976.0
6018,348.5
6019,32.0
6020,2.5
6021,0.0
6022,0.0
6023,0.0
6024,0.0
6025,0.0
6026,0.0
6027,0.0
6028,0.5
6029,0.0
6030,7.0
6031,1614.5525
6032,1295.0
6033,2365.0
6034,2881.0
6035,4500.0
6036,5195.0
6037,5200.0
6038,4930.0
6039,4230.0
6040,3115.0
6041,1770.0
6042,608.0
6043,38.0
6044,1.5
6045,1.0
6046,0.0
6047,0.0
6048,0.0
6049,0.0
6050,0.0
6051,0.0
6052,0.0
6053,1.0
6054,5.0
6055,357.0
6056,1266.5
6057,2555.0
6058,2963.5
6059,4000.0
6060,4760.0
6061,4795.0
6062,3547.0
6063,3520.0
6064,2615.0
6065,1450.0
6066,456.0
6067,17.0
6068,2.5
6069,0.0
6070,0.0
6071,0.0
6072,0.0
6073,0.0
6074,0.0
6075,0.0
6076,0.0
6077,0.0
6078,6.5
6079,264.5
6080,956.5
6081,1785.0
6082,1867.0
6083,2790.0
6084,3025.0
6085,3005.0
6086,2368.0
6087,2615.0
6088,1890.0
6089,1040.0
6090,292.5
6091,8.0
6092,1.0
6093,1.0
6094,0.0
6095,0.0
6096,0.0
6097,0.0
6098,0.0
6099,0.0
6100,0.0
6101,0.0
6102,1.5
6103,233.0
6104,859.0
6105,1690.0
6106,2080.5
6107,3390.0
6108,3925.0
6109,4120.0
6110,3260.0
6111,3112.5
6112,2625.0
6113,1898.5
6114,1086.0
6115,396.0
6116,62.0
6117,0.0
6118,0.0
6119,0.0
6120,0.0
6121,0.0
6122,0.0
6123,0.0
6124,0.0
6125,0.0
6126,54.5
6127,618.0
6128,1664.5
6129,3760.0
6130,4497.0
6131,6090.0
6132,6235.0
6133,6080.0
6134,5256.5
6135,4305.0
6136,2950.0
6137,1590.0
6138,491.5
6139,17.5
6140,3.5
6141,1.5
6142,0.0
6143,0.0
6144,0.0
6145,0.0
6146,0.0
6147,0.0
6148,0.0
6149,0.0
6150,4.0
6151,286.0
6152,1060.5
6153,2085.0
6154,2553.0
6155,3685.0
6156,3690.0
6157,3445.0
6158,3308.0
6159,3350.0
6160,2475.0
6161,1580.0
6162,540.0
6163,17.0
6164,3.0
6165,0.5
6166,0.0
6167,0.0
6168,0.0
6169,0.0
6170,0.0
6171,0.0
6172,0.0
6173,0.0
6174,8.0
6175,498.5
6176,1705.0
6177,3090.0
6178,4300.0
6179,4850.0
6180,5155.0
6181,4755.0
6182,3952.5
6183,3210.0
6184,2240.0
6185,1166.5
6186,305.0
6187,7.5
6188,3.5
6189,0.5
6190,0.0
6191,0.0
6192,0.0
6193,0.0
6194,0.0
6195,0.0
6196,0.0
6197,0.0
6198,1.0
6199,188.5
6200,814.0
6201,1525.0
6202,2192.5
6203,3360.0
6204,4100.0
6205,3339.0
6206,3186.0
6207,2699.0
6208,1959.0
6209,1232.0
6210,616.5
6211,184.0
6212,17.0
6213,0.0
6214,0.0
6215,0.0
6216,0.0
6217,0.0
6218,0.0
6219,0.0
6220,0.0
6221,0.0
6222,17.5
6223,154.5
6224,747.0
6225,1673.75
6226,2730.0
6227,3845.0
6228,4405.0
6229,4440.0
6230,3912.0
6231,4135.0
6232,3370.0
6233,2080.0
6234,616.5
6235,9.5
6236,0.5
6237,0.5
6238,0.0
6239,0.0
6240,0.0
6241,0.0
6242,0.0
6243,0.0
6244,0.5
6245,0.5
6246,1.0
6247,79.5
6248,450.0
6249,1285.0
6250,2036.5
6251,3625.0
6252,4415.0
6253,3915.0
6254,3355.0
6255,2800.0
6256,2240.0
6257,1242.5
6258,272.5
6259,3.5
6260,1.5
6261,0.5
6262,0.0
6263,0.0
6264,0.0
6265,0.0
6266,0.0
6267,0.0
6268,0.0
6269,0.0
6270,1.5
6271,287.5
6272,980.0
6273,2240.0
6274,2649.0
6275,3625.0
6276,3775.0
6277,3795.0
6278,3695.0
6279,2840.0
6280,1930.0
6281,943.5
6282,212.0
6283,2.5
6284,1.5
6285,0.5
6286,0.0
6287,0.0
6288,0.0
6289,0.0
6290,0.0
6291,0.0
6292,0.0
6293,0.0
6294,0.0
6295,110.0
6296,487.5
6297,1185.0
6298,1184.5
6299,1845.0
6300,1605.0
6301,1530.0
6302,1444.5
6303,1340.0
6304,755.5
6305,328.5
6306,76.25
6307,0.5
6308,0.0
6309,0.0
6310,0.0
6311,0.0
6312,0.0
6313,0.0
6314,0.0
6315,0.0
6316,0.0
6317,0.0
6318,0.0
6319,374.5
6320,1770.0
6321,3335.0
6322,3696.0
6323,5000.0
6324,5050.0
6325,4770.0
6326,4198.0
6327,4030.0
6328,2985.0
6329,1675.0
6330,412.5
6331,5.5
6332,3.0
6333,1.5
6334,0.0
6335,0.0
6336,0.0
6337,0.0
6338,0.0
6339,0.0
6340,0.0
6341,0.0
6342,0.0
6343,96.5
6344,585.5
6345,857.5
6346,1300.0
6347,1460.0
6348,1760.0
6349,1800.0
6350,1442.0
6351,1395.0
6352,967.5
6353,478.0
6354,96.5
6355,2.0
6356,0.5
6357,0.0
6358,0.0
6359,0.0
6360,0.0
6361,0.0
6362,0.0
6363,0.0
6364,0.0
6365,0.0
6366,0.0
6367,39.5
6368,301.5
6369,891.5
6370,1426.0
6371,3445.0
6372,4670.0
6373,5155.0
6374,4704.5
6375,4660.0
6376,3415.0
6377,1930.0
6378,446.0
6379,7.0
6380,6.0
6381,2.0
6382,0.0
6383,0.0
6384,0.0
6385,0.0
6386,0.0
6387,0.0
6388,0.0
6389,0.0
6390,1.0
6391,474.5
6392,1561.5
6393,3880.0
6394,4556.0
6395,6455.0
6396,6685.0
6397,6190.5
6398,5659.5
6399,4815.0
6400,3535.0
6401,1985.0
6402,289.5
6403,5.0
6404,3.5
6405,1.5
6406,0.0
6407,0.0
6408,0.0
6409,0.0
6410,0.0
6411,0.0
6412,0.5
6413,0.5
6414,0.5
6415,413.0
6416,1980.0
6417,3790.0
6418,5300.0
6419,6375.0
6420,6820.0
6421,6795.0
6422,6295.0
6423,5085.0
6424,3530.0
6425,1750.0
6426,316.5
6427,6.0
6428,4.5
6429,3.5
6430,0.0
6431,0.0
6432,0.0
6433,0.0
6434,0.0
6435,0.0
6436,0.0
6437,0.0
6438,0.0
6439,361.5
6440,1568.5
6441,3095.0
6442,4665.0
6443,5715.0
6444,6275.0
6445,6275.0
6446,5730.0
6447,4665.0
6448,3215.0
6449,1680.0
6450,295.5
6451,12.0
6452,4.5
6453,2.5
6454,0.0
6455,0.0
6456,0.0
6457,0.0
6458,0.0
6459,0.0
6460,0.0
6461,0.5
6462,1.0
6463,281.5
6464,1560.0
6465,3170.0
6466,4980.0
6467,6385.0
6468,7020.0
6469,7050.0
6470,6460.0
6471,5240.0
6472,3515.0
6473,1690.0
6474,275.5
6475,6.5
6476,5.0
6477,3.5
6478,0.0
6479,0.0
6480,0.0
6481,0.0
6482,0.0
6483,0.0
6484,0.0
6485,1.0
6486,0.5
6487,176.5
6488,1224.5
6489,2740.0
6490,4455.0
6491,5690.0
6492,6075.0
6493,6100.0
6494,5740.0
6495,4875.0
6496,3475.0
6497,1760.0
6498,261.5
6499,5.0
6500,10.0
6501,4.5
6502,0.0
6503,0.0
6504,0.0
6505,0.0
6506,0.0
6507,0.0
6508,0.0
6509,0.5
6510,0.0
6511,272.0
6512,1655.0
6513,3360.0
6514,4950.0
6515,6180.0
6516,6675.0
6517,6645.0
6518,6190.0
6519,5105.0
6520,3525.0
6521,1615.0
6522,220.0
6523,5.0
6524,5.0
6525,4.5
6526,0.0
6527,0.0
6528,0.0
6529,0.0
6530,0.0
6531,0.0
6532,0.0
6533,0.5
6534,1.0
6535,180.0
6536,1040.0
6537,2020.0
6538,2965.0
6539,3270.0
6540,3300.0
6541,2825.0
6542,2420.0
6543,2000.0
6544,1595.0
6545,744.5
6546,88.0
6547,2.0
6548,1.5
6549,1.5
6550,0.0
6551,0.0
6552,0.0
6553,0.0
6554,0.0
6555,0.0
6556,0.0
6557,0.0
6558,0.0
6559,260.5
6560,1715.0
6561,3495.0
6562,4730.0
6563,5445.0
6564,5525.0
6565,4940.0
6566,4250.0
6567,3255.0
6568,2005.0
6569,877.5
6570,111.0
6571,4.5
6572,1.5
6573,1.0
6574,0.0
6575,0.0
6576,0.0
6577,0.0
6578,0.0
6579,0.0
6580,0.0
6581,0.0
6582,0.0
6583,53.0
6584,515.5
6585,1355.0
6586,2190.0
6587,2870.0
6588,3035.0
6589,3110.0
6590,3035.0
6591,2475.0
6592,1485.0
6593,600.5
6594,67.0
6595,3.0
6596,2.0
6597,1.5
6598,0.0
6599,0.0
6600,0.0
6601,0.0
6602,0.0
6603,0.0
6604,0.0
6605,0.0
6606,0.0
6607,97.5
6608,728.0
6609,1680.0
6610,2500.0
6611,2960.0
6612,3300.0
6613,3510.0
6614,3610.0
6615,3170.0
6616,2195.0
6617,973.5
6618,81.0
6619,3.5
6620,2.0
6621,2.5
6622,0.0
6623,0.0
6624,0.0
6625,0.0
6626,0.0
6627,0.0
6628,0.0
6629,0.0
6630,0.0
6631,35.0
6632,410.5
6633,1039.5
6634,1770.0
6635,2520.0
6636,3425.0
6637,4025.0
6638,3870.0
6639,3190.0
6640,2120.0
6641,848.0
6642,43.5
6643,4.5
6644,4.5
6645,2.0
6646,0.0
6647,0.0
6648,0.0
6649,0.0
6650,0.0
6651,0.0
6652,0.0
6653,0.0
6654,0.0
6655,57.0
6656,517.0
6657,1325.0
6658,2155.0
6659,3235.0
6660,4010.0
6661,4085.0
6662,3440.0
6663,2530.0
6664,1440.0
6665,452.0
6666,26.5
6667,2.5
6668,1.0
6669,1.0
6670,0.0
6671,0.0
6672,0.0
6673,0.0
6674,0.0
6675,0.0
6676,0.5
6677,0.0
6678,0.0
6679,12.0
6680,159.5
6681,459.0
6682,848.0
6683,1420.0
6684,1990.0
6685,2165.0
6686,2130.0
6687,1865.0
6688,1310.0
6689,643.0
6690,53.5
6691,1.0
6692,1.0
6693,0.5
6694,0.0
6695,0.0
6696,0.0
6697,0.0
6698,0.0
6699,0.0
6700,0.0
6701,0.0
6702,0.0
6703,164.5
6704,1235.5
6705,2555.0
6706,3795.0
6707,4640.0
6708,5145.0
6709,4780.0
6710,3830.0
6711,2665.0
6712,1480.0
6713,467.0
6714,19.0
6715,3.0
6716,2.5
6717,2.5
6718,0.0
6719,0.0
6720,0.0
6721,0.0
6722,0.0
6723,0.0
6724,0.0
6725,0.0
6726,0.0
6727,50.0
6728,522.0
6729,1400.0
6730,2335.0
6731,2810.0
6732,3040.0
6733,2580.0
6734,2155.0
6735,1715.0
6736,892.0
6737,233.0
6738,4.0
6739,1.0
6740,0.5
6741,0.0
6742,0.0
6743,0.0
6744,0.0
6745,0.0
6746,0.0
6747,0.0
6748,0.0
6749,0.0
6750,0.0
6751,92.0
6752,1154.0
6753,2890.0
6754,4580.0
6755,5905.0
6756,6580.0
6757,6490.0
6758,5860.0
6759,4595.0
6760,2920.0
6761,1125.5
6762,42.0
6763,3.0
6764,2.5
6765,3.5
6766,0.0
6767,0.0
6768,0.0
6769,0.0
6770,0.0
6771,0.0
6772,0.0
6773,0.5
6774,1.0
6775,67.0
6776,1112.0
6777,2870.0
6778,4520.0
6779,5875.0
6780,6540.0
6781,6500.0
6782,5820.0
6783,4490.0
6784,2680.0
6785,891.5
6786,25.5
6787,5.5
6788,3.0
6789,3.0
6790,0.0
6791,0.0
6792,0.0
6793,0.0
6794,0.0
6795,0.0
6796,0.0
6797,0.0
6798,1.0
6799,17.0
6800,503.5
6801,1435.0
6802,2410.0
6803,2775.0
6804,2635.0
6805,2485.0
6806,1920.0
6807,1360.0
6808,783.0
6809,273.0
6810,19.0
6811,0.0
6812,0.0
6813,0.0
6814,0.0
6815,0.0
6816,0.0
6817,0.0
6818,0.0
6819,0.0
6820,0.0
6821,0.0
6822,0.0
6823,8.0
6824,259.5
6825,714.5
6826,1028.5
6827,1335.0
6828,1550.0
6829,1725.0
6830,1720.0
6831,1185.0
6832,541.0
6833,95.5
6834,3.5
6835,1.0
6836,0.0
6837,0.0
6838,0.0
6839,0.0
6840,0.0
6841,0.0
6842,0.0
6843,0.0
6844,0.0
6845,0.0
6846,0.0
6847,13.5
6848,228.0
6849,626.0
6850,1285.0
6851,2350.0
6852,3255.0
6853,3425.0
6854,2890.0
6855,1945.0
6856,841.0
6857,178.5
6858,2.5
6859,1.5
6860,0.5
6861,0.5
6862,0.0
6863,0.0
6864,0.0
6865,0.0
6866,0.0
6867,0.0
6868,0.0
6869,0.0
6870,0.0
6871,3.5
6872,49.5
6873,175.0
6874,342.5
6875,651.5
6876,1023.0
6877,1240.0
6878,1570.0
6879,1630.0
6880,1113.5
6881,332.0
6882,4.5
6883,0.5
6884,0.5
6885,0.0
6886,0.0
6887,0.0
6888,0.0
6889,0.0
6890,0.0
6891,0.0
6892,0.0
6893,0.0
6894,0.0
6895,1.0
6896,106.5
6897,367.0
6898,765.0
6899,1470.0
6900,1815.0
6901,1740.0
6902,1495.0
6903,1150.0
6904,609.0
6905,170.5
6906,2.5
6907,0.0
6908,0.5
6909,0.0
6910,0.0
6911,0.0
6912,0.0
6913,0.0
6914,0.0
6915,0.0
6916,0.0
6917,0.0
6918,0.0
6919,2.5
6920,201.0
6921,887.5
6922,1684.5
6923,2835.0
6924,3010.0
6925,2510.0
6926,2035.0
6927,1645.0
6928,914.0
6929,269.0
6930,4.5
6931,2.0
6932,0.5
6933,1.5
6934,0.0
6935,0.0
6936,0.0
6937,0.0
6938,0.0
6939,0.0
6940,0.0
6941,0.0
6942,0.0
6943,10.0
6944,273.5
6945,936.0
6946,1890.0
6947,2475.0
6948,2680.0
6949,2575.0
6950,2262.5
6951,1640.0
6952,982.5
6953,225.5
6954,5.0
6955,1.0
6956,1.0
6957,0.5
6958,0.0
6959,0.0
6960,0.0
6961,0.0
6962,0.0
6963,0.0
6964,0.0
6965,0.0
6966,0.0
6967,17.0
6968,721.5
6969,2035.0
6970,3480.0
6971,4740.0
6972,5350.0
6973,5190.0
6974,4275.0
6975,3165.0
6976,1890.0
6977,492.5
6978,6.0
6979,3.0
6980,3.0
6981,1.5
6982,0.0
6983,0.0
6984,0.0
6985,0.0
6986,0.0
6987,0.0
6988,0.0
6989,0.0
6990,1.0
6991,14.0
6992,619.5
6993,2015.0
6994,3470.0
6995,4600.0
6996,5500.0
6997,5395.0
6998,4420.0
6999,3355.0
7000,1870.0
7001,361.0
7002,8.5
7003,4.5
7004,3.0
7005,1.5
7006,0.0
7007,0.0
7008,0.0
7009,0.0
7010,0.0
7011,0.0
7012,0.0
7013,0.0
7014,0.5
7015,59.5
7016,825.5
7017,2345.5
7018,1720.0
7019,4235.0
7020,5060.0
7021,5295.0
7022,4545.0
7023,3295.0
7024,1775.0
7025,394.0
7026,6.5
7027,4.0
7028,2.5
7029,1.0
7030,0.0
7031,0.0
7032,0.0
7033,0.0
7034,0.0
7035,0.0
7036,0.0
7037,0.5
7038,0.5
7039,7.5
7040,577.0
7041,1995.0
7042,3340.0
7043,4480.0
7044,4950.0
7045,4765.0
7046,4155.0
7047,2900.0
7048,1435.0
7049,235.0
7050,8.0
7051,2.5
7052,2.5
7053,1.0
7054,0.0
7055,0.0
7056,0.0
7057,0.0
7058,0.0
7059,0.0
7060,0.0
7061,0.0
7062,0.5
7063,95.0
7064,970.5
7065,2517.0
7066,4203.5
7067,5557.0
7068,6008.5
7069,5694.0
7070,4659.0
7071,3065.5
7072,1536.0
7073,448.0
7074,33.0
7075,1.5
7076,2.0
7077,1.0
7078,0.0
7079,0.0
7080,0.0
7081,0.0
7082,0.0
7083,0.0
7084,0.0
7085,0.0
7086,0.5
7087,34.0
7088,553.0
7089,1136.0
7090,2300.0
7091,3335.0
7092,3865.0
7093,3710.0
7094,2995.0
7095,2090.0
7096,933.5
7097,120.0
7098,7.5
7099,2.0
7100,1.0
7101,0.5
7102,0.0
7103,0.0
7104,0.0
7105,0.0
7106,0.0
7107,0.0
7108,0.0
7109,0.0
7110,0.0
7111,3.0
7112,346.0
7113,1405.0
7114,2820.0
7115,4190.0
7116,4675.0
7117,4490.0
7118,3800.0
7119,2765.0
7120,1560.0
7121,282.0
7122,5.5
7123,3.5
7124,1.5
7125,0.5
7126,0.0
7127,0.0
7128,0.0
7129,0.0
7130,0.0
7131,0.0
7132,0.0
7133,0.0
7134,0.0
7135,3.0
7136,394.5
7137,1580.0
7138,2760.0
7139,3540.0
7140,3805.0
7141,3420.0
7142,2455.0
7143,1490.0
7144,531.5
7145,58.0
7146,2.5
7147,1.5
7148,2.0
7149,0.5
7150,0.0
7151,0.0
7152,0.0
7153,0.0
7154,0.0
7155,0.0
7156,0.0
7157,0.0
7158,0.0
7159,0.0
7160,198.5
7161,1230.5
7162,2515.0
7163,3270.0
7164,3910.0
7165,3930.0
7166,3695.0
7167,2655.0
7168,1410.0
7169,199.0
7170,5.5
7171,1.0
7172,1.5
7173,0.0
7174,0.0
7175,0.0
7176,0.0
7177,0.0
7178,0.0
7179,0.0
7180,0.0
7181,0.0
7182,0.0
7183,1.0
7184,454.0
7185,1840.0
7186,3120.0
7187,3755.0
7188,3455.0
7189,2985.0
7190,2385.0
7191,1730.0
7192,841.5
7193,105.5
7194,5.0
7195,2.0
7196,0.5
7197,1.0
7198,0.0
7199,0.0
7200,0.0
7201,0.0
7202,0.0
7203,0.0
7204,0.0
7205,0.0
7206,0.0
7207,0.0
7208,243.5
7209,1400.0
7210,2875.0
7211,3995.0
7212,4515.0
7213,4475.0
7214,3755.0
7215,2860.0
7216,1470.0
7217,207.5
7218,2.5
7219,2.0
7220,1.0
7221,0.0
7222,0.0
7223,0.0
7224,0.0
7225,0.0
7226,0.0
7227,0.0
7228,0.0
7229,0.0
7230,0.0
7231,384.0
7232,2000.0
7233,3695.0
7234,4960.0
7235,5550.0
7236,5300.0
7237,4435.0
7238,3170.0
7239,1570.0
7240,198.0
7241,4.5
7242,3.0
7243,2.0
7244,1.5
7245,0.5
7246,0.0
7247,0.0
7248,0.0
7249,0.0
7250,0.0
7251,0.0
7252,0.0
7253,0.0
7254,0.5
7255,74.0
7256,600.5
7257,1271.0
7258,1868.5
7259,2373.0
7260,2607.5
7261,2416.5
7262,1775.0
7263,961.0
7264,130.5
7265,1.5
7266,2.0
7267,0.5
7268,0.0
7269,0.0
7270,0.0
7271,0.0
7272,0.0
7273,0.0
7274,0.0
7275,0.0
7276,0.0
7277,0.0
7278,0.5
7279,301.0
7280,1570.0
7281,2766.5
7282,3915.0
7283,4150.0
7284,3405.0
7285,2690.0
7286,1785.0
7287,699.5
7288,44.5
7289,0.5
7290,0.0
7291,0.0
7292,0.0
7293,0.0
7294,0.0
7295,0.0
7296,0.0
7297,0.0
7298,0.0
7299,0.0
7300,0.0
7301,0.0
7302,0.0
7303,24.5
7304,334.5
7305,1177.0
7306,2105.0
7307,2535.0
7308,2715.0
7309,2395.0
7310,1880.0
7311,990.5
7312,88.0
7313,1.5
7314,1.0
7315,0.5
7316,0.0
7317,0.0
7318,0.0
7319,0.0
7320,0.0
7321,0.0
7322,0.0
7323,0.0
7324,0.0
7325,9.0
7326,0.5
7327,374.5
7328,2095.0
7329,3815.0
7330,4980.0
7331,5555.0
7332,5445.0
7333,4580.0
7334,3060.0
7335,1071.0
7336,56.5
7337,4.5
7338,4.0
7339,2.0
7340,0.0
7341,0.0
7342,0.0
7343,0.0
7344,0.0
7345,0.0
7346,0.0
7347,0.0
7348,0.0
7349,0.0
7350,0.0
7351,105.5
7352,731.5
7353,1535.0
7354,2070.0
7355,2265.0
7356,2180.0
7357,1810.0
7358,1161.5
7359,445.0
7360,16.5
7361,4.5
7362,1.5
7363,0.0
7364,0.0
7365,0.0
7366,0.0
7367,0.0
7368,0.0
7369,0.0
7370,0.0
7371,0.0
7372,0.0
7373,0.0
7374,0.0
7375,61.0
7376,477.0
7377,949.5
7378,1430.0
7379,1495.0
7380,1380.0
7381,1160.0
7382,741.0
7383,283.0
7384,8.0
7385,0.5
7386,1.0
7387,0.0
7388,0.0
7389,0.0
7390,0.0
7391,0.0
7392,0.0
7393,0.0
7394,0.0
7395,0.0
7396,0.0
7397,0.0
7398,0.0
7399,73.0
7400,515.0
7401,1066.0
7402,1640.0
7403,2075.0
7404,2085.0
7405,1730.0
7406,1130.0
7407,306.0
7408,13.0
7409,0.5
7410,0.5
7411,0.0
7412,0.0
7413,0.0
7414,0.0
7415,0.0
7416,0.0
7417,0.0
7418,0.0
7419,0.0
7420,0.0
7421,0.0
7422,0.0
7423,52.0
7424,436.0
7425,865.0
7426,1230.0
7427,1565.0
7428,1595.0
7429,1490.0
7430,978.0
7431,336.5
7432,8.5
7433,0.5
7434,0.0
7435,0.0
7436,0.0
7437,0.0
7438,0.0
7439,0.0
7440,0.0
7441,0.0
7442,0.0
7443,0.0
7444,0.0
7445,0.0
7446,0.0
7447,10.5
7448,221.5
7449,754.5
7450,1155.0
7451,1505.0
7452,1645.0
7453,1245.0
7454,796.0
7455,316.5
7456,15.5
7457,1.0
7458,1.0
7459,0.5
7460,0.0
7461,0.0
7462,0.0
7463,0.0
7464,0.0
7465,0.0
7466,0.0
7467,0.0
7468,0.0
7469,0.0
7470,0.0
7471,116.5
7472,897.5
7473,1880.0
7474,2555.0
7475,2745.0
7476,2580.0
7477,1980.0
7478,1245.0
7479,409.5
7480,7.5
7481,2.5
7482,1.0
7483,0.5
7484,0.0
7485,0.0
7486,0.0
7487,0.0
7488,0.0
7489,0.0
7490,0.0
7491,0.0
7492,0.0
7493,0.0
7494,0.0
7495,39.0
7496,393.0
7497,863.5
7498,1185.0
7499,1315.0
7500,1520.0
7501,1270.0
7502,604.0
7503,118.0
7504,1.0
7505,0.0
7506,0.0
7507,0.0
7508,0.0
7509,0.0
7510,0.0
7511,0.0
7512,0.0
7513,0.0
7514,0.0
7515,0.0
7516,0.0
7517,0.0
7518,0.0
7519,85.0
7520,904.5
7521,1880.0
7522,2410.0
7523,2505.0
7524,2225.0
7525,1885.0
7526,1079.5
7527,306.0
7528,12.5
7529,2.0
7530,1.0
7531,0.5
7532,0.0
7533,0.0
7534,0.0
7535,0.0
7536,0.0
7537,0.0
7538,0.0
7539,0.0
7540,0.0
7541,0.0
7542,0.0
7543,33.0
7544,608.5
7545,1710.0
7546,2790.0
7547,3710.0
7548,3725.0
7549,3065.0
7550,2145.0
7551,743.0
7552,14.5
7553,1.5
7554,0.5
7555,0.0
7556,0.0
7557,0.0
7558,0.0
7559,0.0
7560,0.0
7561,0.0
7562,0.0
7563,0.0
7564,0.0
7565,0.0
7566,0.0
7567,23.5
7568,756.0
7569,2005.0
7570,3155.0
7571,3685.0
7572,3220.0
7573,2585.0
7574,1595.0
7575,470.0
7576,7.5
7577,1.0
7578,0.5
7579,0.5
7580,0.0
7581,0.0
7582,0.0
7583,0.0
7584,0.0
7585,0.0
7586,0.0
7587,0.0
7588,0.0
7589,0.0
7590,0.0
7591,72.5
7592,1138.5
7593,2665.0
7594,3815.0
7595,4255.0
7596,3820.0
7597,3030.0
7598,1860.0
7599,455.0
7600,8.5
7601,4.0
7602,1.0
7603,0.0
7604,0.0
7605,0.0
7606,0.0
7607,0.0
7608,0.0
7609,0.0
7610,0.0
7611,0.0
7612,0.0
7613,0.0
7614,0.0
7615,24.0
7616,477.0
7617,1415.0
7618,2225.0
7619,2825.0
7620,3055.0
7621,2600.0
7622,1650.0
7623,574.5
7624,13.5
7625,1.5
7626,1.0
7627,0.0
7628,0.0
7629,0.0
7630,0.0
7631,0.0
7632,0.0
7633,0.0
7634,0.0
7635,0.0
7636,0.0
7637,0.0
7638,0.0
7639,17.0
7640,572.0
7641,1495.0
7642,2125.0
7643,2255.0
7644,2090.0
7645,1575.0
7646,911.0
7647,250.25
7648,1.5
7649,0.0
7650,0.0
7651,0.0
7652,0.0
7653,0.0
7654,0.0
7655,0.0
7656,0.0
7657,0.0
7658,0.0
7659,0.0
7660,0.0
7661,0.0
7662,0.0
7663,1.0
7664,78.5
7665,307.5
7666,523.5
7667,636.5
7668,592.5
7669,430.5
7670,200.5
7671,28.0
7672,0.0
7673,0.0
7674,0.0
7675,0.0
7676,0.0
7677,0.0
7678,0.0
7679,0.0
7680,0.0
7681,0.0
7682,0.0
7683,0.0
7684,0.0
7685,0.0
7686,0.0
7687,9.0
7688,318.5
7689,1239.5
7690,2570.0
7691,3705.0
7692,3970.0
7693,3395.0
7694,2175.0
7695,620.0
7696,7.5
7697,4.0
7698,3.5
7699,1.0
7700,0.0
7701,0.0
7702,0.0
7703,0.0
7704,0.0
7705,0.0
7706,0.0
7707,0.0
7708,0.0
7709,0.0
7710,0.0
7711,31.5
7712,769.5
7713,2250.0
7714,3600.0
7715,4365.0
7716,4465.0
7717,3770.0
7718,2415.0
7719,697.0
7720,9.0
7721,3.0
7722,1.5
7723,0.0
7724,0.0
7725,0.0
7726,0.0
7727,0.0
7728,0.0
7729,0.0
7730,0.0
7731,0.0
7732,0.0
7733,0.0
7734,0.0
7735,1.5
7736,151.0
7737,699.5
7738,1485.0
7739,1830.0
7740,1730.0
7741,1660.0
7742,1060.5
7743,249.5
7744,3.5
7745,0.0
7746,0.0
7747,0.0
7748,0.0
7749,0.0
7750,0.0
7751,0.0
7752,0.0
7753,0.0
7754,0.0
7755,0.0
7756,0.0
7757,0.0
7758,0.0
7759,1.0
7760,117.5
7761,523.0
7762,986.5
7763,1355.0
7764,957.0
7765,636.5
7766,299.0
7767,48.5
7768,1.0
7769,0.0
7770,0.0
7771,0.0
7772,0.0
7773,0.0
7774,0.0
7775,0.0
7776,0.0
7777,0.0
7778,0.0
7779,0.0
7780,0.0
7781,0.0
7782,0.0
7783,3.5
7784,169.0
7785,725.0
7786,1505.0
7787,1920.0
7788,1955.0
7789,1575.0
7790,989.5
7791,235.5
7792,1.0
7793,0.0
7794,0.0
7795,0.0
7796,0.0
7797,0.0
7798,0.0
7799,0.0
7800,0.0
7801,0.0
7802,0.0
7803,0.0
7804,0.0
7805,0.0
7806,0.0
7807,4.5
7808,360.5
7809,1193.5
7810,1760.0
7811,1805.0
7812,1595.0
7813,1215.0
7814,641.0
7815,138.5
7816,0.5
7817,0.0
7818,0.0
7819,0.0
7820,0.0
7821,0.0
7822,0.0
7823,0.0
7824,0.0
7825,0.0
7826,0.0
7827,0.0
7828,0.0
7829,0.0
7830,0.0
7831,0.0
7832,71.0
7833,313.0
7834,575.5
7835,811.0
7836,921.0
7837,714.5
7838,323.0
7839,58.0
7840,0.5
7841,1.0
7842,0.5
7843,0.0
7844,0.0
7845,0.0
7846,0.0
7847,0.0
7848,0.0
7849,0.0
7850,0.0
7851,0.0
7852,0.0
7853,0.0
7854,0.0
7855,0.0
7856,54.0
7857,262.5
7858,558.5
7859,807.5
7860,893.5
7861,658.0
7862,336.0
7863,45.0
7864,0.5
7865,0.0
7866,0.0
7867,0.0
7868,0.0
7869,0.0
7870,0.0
7871,0.0
7872,0.0
7873,0.0
7874,0.0
7875,0.0
7876,0.0
7877,0.0
7878,0.0
7879,0.5
7880,127.0
7881,652.0
7882,1215.0
7883,1460.0
7884,1325.0
7885,922.0
7886,489.5
7887,105.5
7888,1.0
7889,0.5
7890,0.0
7891,0.0
7892,0.0
7893,0.0
7894,0.0
7895,0.0
7896,0.0
7897,0.0
7898,0.0
7899,0.0
7900,0.0
7901,0.0
7902,0.0
7903,0.5
7904,221.5
7905,1037.0
7906,1835.0
7907,2185.0
7908,2015.0
7909,1535.0
7910,861.5
7911,200.5
7912,1.0
7913,0.0
7914,0.0
7915,0.0
7916,0.0
7917,0.0
7918,0.0
7919,0.0
7920,0.0
7921,0.0
7922,0.0
7923,0.0
7924,0.0
7925,0.0
7926,0.0
7927,1.0
7928,93.5
7929,380.0
7930,603.0
7931,642.0
7932,508.5
7933,324.5
7934,138.0
7935,32.5
7936,0.5
7937,0.0
7938,0.5
7939,0.0
7940,0.0
7941,0.0
7942,0.0
7943,0.0
7944,0.0
7945,0.0
7946,0.0
7947,0.0
7948,0.0
7949,0.0
7950,0.0
7951,0.0
7952,12.5
7953,101.0
7954,256.5
7955,414.5
7956,447.0
7957,350.0
7958,193.5
7959,52.5
7960,0.0
7961,0.0
7962,0.0
7963,0.0
7964,0.0
7965,0.0
7966,0.0
7967,0.0
7968,0.0
7969,0.0
7970,0.0
7971,0.0
7972,0.0
7973,0.0
7974,0.0
7975,0.0
7976,24.5
7977,189.5
7978,658.5
7979,1008.0
7980,1435.0
7981,1330.0
7982,735.0
7983,132.5
7984,0.5
7985,0.5
7986,0.5
7987,0.0
7988,0.0
7989,0.0
7990,0.0
7991,0.0
7992,0.0
7993,0.0
7994,0.0
7995,0.0
7996,0.0
7997,0.0
7998,0.0
7999,0.5
8000,409.5
8001,1750.0
8002,2990.0
8003,3500.0
8004,3230.0
8005,2290.0
8006,1161.0
8007,205.0
8008,1.0
8009,3.0
8010,0.5
8011,0.0
8012,0.0
8013,0.0
8014,0.0
8015,0.0
8016,0.0
8017,0.0
8018,0.0
8019,0.0
8020,0.0
8021,0.0
8022,0.0
8023,0.0
8024,0.0
8025,52.0
8026,294.0
8027,526.5
8028,676.0
8029,592.5
8030,304.0
8031,47.0
8032,0.0
8033,0.0
8034,0.0
8035,0.0
8036,0.0
8037,0.0
8038,0.0
8039,0.0
8040,0.0
8041,0.0
8042,0.0
8043,0.0
8044,0.0
8045,0.0
8046,0.0
8047,0.0
8048,81.5
8049,504.0
8050,935.0
8051,1001.5
8052,1043.5
8053,719.5
8054,304.5
8055,31.5
8056,0.0
8057,0.0
8058,0.0
8059,0.0
8060,0.0
8061,0.0
8062,0.0
8063,0.0
8064,0.0
8065,0.0
8066,0.0
8067,0.0
8068,0.0
8069,0.0
8070,0.0
8071,0.5
8072,134.0
8073,546.5
8074,1051.5
8075,1640.0
8076,1945.0
8077,1750.0
8078,1016.5
8079,181.5
8080,1.0
8081,0.5
8082,1.0
8083,0.5
8084,0.0
8085,0.0
8086,0.0
8087,0.0
8088,0.0
8089,0.0
8090,0.0
8091,0.0
8092,0.0
8093,0.0
8094,0.0
8095,1.0
8096,458.5
8097,1825.0
8098,2710.0
8099,2480.0
8100,1620.0
8101,904.0
8102,300.5
8103,20.0
8104,1.0
8105,0.5
8106,0.5
8107,0.5
8108,0.0
8109,0.0
8110,0.0
8111,0.0
8112,0.0
8113,0.0
8114,0.0
8115,0.0
8116,0.0
8117,0.0
8118,0.0
8119,0.0
8120,4.0
8121,85.5
8122,239.5
8123,308.5
8124,288.0
8125,199.5
8126,96.0
8127,38.5
8128,0.5
8129,0.0
8130,0.0
8131,0.0
8132,0.0
8133,0.0
8134,0.0
8135,0.0
8136,0.0
8137,0.0
8138,0.0
8139,0.0
8140,0.0
8141,0.0
8142,0.0
8143,0.0
8144,10.5
8145,132.0
8146,299.5
8147,596.0
8148,633.5
8149,436.5
8150,179.0
8151,13.0
8152,0.0
8153,0.0
8154,0.0
8155,0.0
8156,0.0
8157,0.0
8158,0.0
8159,0.0
8160,0.0
8161,0.0
8162,0.0
8163,0.0
8164,0.0
8165,0.0
8166,0.0
8167,0.0
8168,33.0
8169,255.0
8170,695.0
8171,2005.0
8172,2180.0
8173,1905.0
8174,1062.0
8175,149.5
8176,0.5
8177,1.0
8178,0.0
8179,0.0
8180,0.0
8181,0.0
8182,0.0
8183,0.0
8184,0.0
8185,0.0
8186,0.0
8187,0.0
8188,0.0
8189,0.0
8190,0.0
8191,0.0
8192,180.0
8193,1038.0
8194,1780.0
8195,1735.0
8196,1200.0
8197,721.0
8198,381.5
8199,70.5
8200,2.0
8201,0.5
8202,0.5
8203,0.0
8204,0.0
8205,0.0
8206,0.0
8207,0.0
8208,0.0
8209,0.0
8210,0.0
8211,0.0
8212,0.0
8213,0.0
8214,0.0
8215,0.0
8216,112.0
8217,905.0
8218,1865.0
8219,2615.0
8220,2775.0
8221,2040.0
8222,989.5
8223,134.5
8224,0.5
8225,0.0
8226,0.0
8227,0.0
8228,0.0
8229,0.0
8230,0.0
8231,0.0
8232,0.0
8233,0.0
8234,0.0
8235,0.0
8236,0.0
8237,0.0
8238,0.0
8239,0.0
8240,154.0
8241,959.5
8242,1590.0
8243,1635.0
8244,1520.0
8245,1125.0
8246,501.0
8247,83.5
8248,0.5
8249,0.0
8250,0.0
8251,0.0
8252,0.0
8253,0.0
8254,0.0
8255,0.0
8256,0.0
8257,0.0
8258,0.0
8259,0.0
8260,0.0
8261,0.0
8262,0.0
8263,0.0
8264,122.5
8265,679.5
8266,1550.0
8267,1955.0
8268,1940.0
8269,1525.0
8270,643.0
8271,61.0
8272,2.0
8273,1.5
8274,0.5
8275,0.0
8276,0.0
8277,0.0
8278,0.0
8279,0.0
8280,0.0
8281,0.0
8282,0.0
8283,0.0
8284,0.0
8285,0.0
8286,0.0
8287,0.0
8288,86.5
8289,426.5
8290,1122.5
8291,1505.0
8292,1465.0
8293,1170.0
8294,633.5
8295,74.0
8296,0.0
8297,0.0
8298,0.5
8299,0.0
8300,0.0
8301,0.0
8302,0.0
8303,0.0
8304,0.0
8305,0.0
8306,0.0
8307,0.0
8308,0.0
8309,0.0
8310,0.0
8311,0.0
8312,144.5
8313,790.5
8314,1760.0
8315,2230.0
8316,2345.0
8317,1915.0
8318,1000.5
8319,129.5
8320,0.0
8321,6.0
8322,0.0
8323,0.0
8324,0.0
8325,0.0
8326,0.0
8327,0.0
8328,0.0
8329,0.0
8330,0.0
8331,0.0
8332,0.0
8333,0.0
8334,0.0
8335,0.0
8336,124.0
8337,907.5
8338,1575.0
8339,2020.0
8340,1985.0
8341,1560.0
8342,828.0
8343,104.0
8344,0.0
8345,0.0
8346,0.0
8347,0.0
8348,0.0
8349,0.0
8350,0.0
8351,0.0
8352,0.0
8353,0.0
8354,0.0
8355,0.0
8356,0.0
8357,0.0
8358,0.0
8359,0.0
8360,10.0
8361,117.5
8362,289.0
8363,355.0
8364,286.0
8365,147.0
8366,37.5
8367,9.5
8368,0.0
8369,0.0
8370,0.0
8371,0.0
8372,0.0
8373,0.0
8374,0.0
8375,0.0
8376,0.0
8377,0.0
8378,0.0
8379,0.0
8380,0.0
8381,0.0
8382,0.0
8383,0.0
8384,185.0
8385,1097.0
8386,1705.0
8387,1730.0
8388,1280.0
8389,709.0
8390,242.5
8391,22.5
8392,0.5
8393,0.0
8394,0.0
8395,0.0
8396,0.0
8397,0.0
8398,0.0
8399,0.0
8400,0.0
8401,0.0
8402,0.0
8403,0.0
8404,0.0
8405,0.0
8406,0.0
8407,0.0
8408,196.0
8409,1290.0
8410,2600.0
8411,3110.0
8412,2685.0
8413,1715.0
8414,655.0
8415,61.5
8416,0.5
8417,0.0
8418,1.0
8419,0.0
8420,0.0
8421,0.0
8422,0.0
8423,0.0
8424,0.0
8425,0.0
8426,0.0
8427,0.0
8428,0.0
8429,0.0
8430,0.0
8431,0.0
8432,7.5
8433,87.5
8434,293.0
8435,365.0
8436,351.0
8437,256.0
8438,93.5
8439,6.0
8440,0.0
8441,0.0
8442,0.0
8443,0.0
8444,0.0
8445,0.0
8446,0.0
8447,0.0
8448,0.0
8449,0.0
8450,0.0
8451,0.0
8452,0.0
8453,0.0
8454,0.0
8455,0.0
8456,42.0
8457,629.0
8458,1865.0
8459,2595.0
8460,2430.0
8461,1695.0
8462,748.5
8463,85.5
8464,1.0
8465,0.5
8466,0.0
8467,0.0
8468,0.0
8469,0.0
8470,0.0
8471,0.0
8472,0.0
8473,0.0
8474,0.0
8475,0.0
8476,0.0
8477,0.0
8478,0.0
8479,0.0
8480,122.0
8481,774.0
8482,1580.0
8483,2255.0
8484,2020.0
8485,1265.0
8486,429.5
8487,57.0
8488,0.0
8489,0.5
8490,0.5
8491,0.0
8492,0.0
8493,0.0
8494,0.0
8495,0.0
8496,0.0
8497,0.0
8498,0.0
8499,0.0
8500,0.0
8501,0.0
8502,0.0
8503,0.0
8504,13.5
8505,145.0
8506,554.0
8507,1071.0
8508,1330.0
8509,1140.0
8510,564.0
8511,84.5
8512,2.0
8513,0.5
8514,0.0
8515,0.0
8516,0.0
8517,0.0
8518,0.0
8519,0.0
8520,0.0
8521,0.0
8522,0.0
8523,0.0
8524,0.0
8525,0.0
8526,0.0
8527,0.0
8528,83.5
8529,751.0
8530,1550.0
8531,2140.0
8532,2240.0
8533,1660.0
8534,765.0
8535,109.0
8536,0.5
8537,0.0
8538,0.5
8539,0.5
8540,0.0
8541,0.0
8542,0.0
8543,0.0
8544,0.0
8545,0.0
8546,0.0
8547,0.0
8548,0.0
8549,0.0
8550,0.0
8551,0.0
8552,2.5
8553,102.0
8554,332.5
8555,480.0
8556,473.0
8557,354.0
8558,155.5
8559,14.0
8560,0.0
8561,0.5
8562,0.5
8563,0.0
8564,0.0
8565,0.0
8566,0.0
8567,0.0
8568,0.0
8569,0.0
8570,0.0
8571,0.0
8572,0.0
8573,0.0
8574,0.0
8575,0.0
8576,54.0
8577,472.5
8578,1430.0
8579,2095.0
8580,2465.0
8581,2080.0
8582,1116.5
8583,130.0
8584,0.0
8585,0.0
8586,0.5
8587,0.0
8588,0.0
8589,0.0
8590,0.0
8591,0.0
8592,0.0
8593,0.0
8594,0.0
8595,0.0
8596,0.0
8597,0.0
8598,0.0
8599,0.0
8600,45.5
8601,284.0
8602,726.0
8603,1015.0
8604,955.5
8605,639.5
8606,255.5
8607,30.5
8608,0.5
8609,0.0
8610,0.5
8611,0.0
8612,0.0
8613,0.0
8614,0.0
8615,0.0
8616,0.0
8617,0.0
8618,0.0
8619,0.0
8620,0.0
8621,0.0
8622,0.0
8623,0.0
8624,13.0
8625,225.5
8626,638.0
8627,895.5
8628,870.5
8629,721.5
8630,368.0
8631,50.5
8632,0.0
8633,0.0
8634,0.5
8635,0.0
8636,0.0
8637,0.0
8638,0.0
8639,0.0
8640,0.0
8641,0.0
8642,0.0
8643,0.0
8644,0.0
8645,0.0
8646,0.0
8647,0.0
8648,32.0
8649,393.0
8650,947.0
8651,1490.0
8652,1705.0
8653,1545.0
8654,924.5
8655,199.5
8656,2.5
8657,0.5
8658,0.5
8659,0.0
8660,0.0
8661,0.0
8662,0.0
8663,0.0
8664,0.0
8665,0.0
8666,0.0
8667,0.0
8668,0.0
8669,0.0
8670,0.0
8671,0.0
8672,29.0
8673,285.0
8674,768.5
8675,1025.0
8676,1195.0
8677,1052.5
8678,488.5
8679,96.0
8680,0.5
8681,0.5
8682,0.0
8683,0.0
8684,0.0
8685,0.0
8686,0.0
8687,0.0
8688,0.0
8689,0.0
8690,0.0
8691,0.0
8692,0.0
8693,0.0
8694,0.0
8695,0.0
8696,12.5
8697,223.0
8698,717.0
8699,1125.0
8700,1265.0
8701,1073.0
8702,616.5
8703,106.0
8704,0.0
8705,1.0
8706,0.0
8707,0.0
8708,0.0
8709,0.0
8710,0.0
8711,0.0
8712,0.0
8713,0.0
8714,0.0
8715,0.0
8716,0.0
8717,0.0
8718,0.0
8719,0.0
8720,20.5
8721,237.5
8722,657.0
8723,795.5
8724,761.5
8725,615.0
8726,309.0
8727,46.5
8728,0.0
8729,0.0
8730,0.0
8731,0.0
8732,0.0
8733,0.0
8734,0.0
8735,0.0
8736,0.0
8737,0.0
8738,0.0
8739,0.0
8740,0.0
8741,0.0
8742,0.0
8743,0.0
8744,8.0
8745,114.5
8746,411.5
8747,571.5
8748,561.0
8749,372.0
8750,178.5
8751,27.5
8752,0.0
8753,0.0
8754,0.0
8755,0.0
8756,0.0
8757,0.0
8758,0.0
8759,0.0
