0,0.0
1,0.0
2,0.0
3,0.0
4,0.0
5,0.0
6,0.0
7,0.0
8,356.0
9,512.0
10,532.0
11,386.0
12,545.0
13,672.0
14,359.0
15,469.0
16,829.0
17,1066.0
18,425.0
19,288.0
20,324.0
21,345.0
22,188.0
23,0.0
24,0.0
25,0.0
26,0.0
27,0.0
28,0.0
29,0.0
30,76.0
31,307.0
32,389.0
33,441.0
34,611.0
35,296.0
36,306.0
37,218.0
38,294.0
39,406.0
40,520.0
41,1198.0
42,629.0
43,280.0
44,339.0
45,382.0
46,316.0
47,0.0
48,0.0
49,0.0
50,0.0
51,0.0
52,0.0
53,0.0
54,81.0
55,264.0
56,332.0
57,280.0
58,179.0
59,246.0
60,211.0
61,159.0
62,314.0
63,325.0
64,429.0
65,1174.0
66,683.0
67,518.0
68,335.0
69,367.0
70,295.0
71,0.0
72,0.0
73,0.0
74,0.0
75,0.0
76,0.0
77,0.0
78,117.0
79,293.0
80,363.0
81,411.0
82,258.0
83,181.0
84,142.0
85,143.0
86,187.0
87,365.0
88,516.0
89,771.0
90,437.0
91,402.0
92,427.0
93,416.0
94,306.0
95,0.0
96,0.0
97,0.0
98,0.0
99,0.0
100,0.0
101,0.0
102,104.0
103,363.0
104,424.0
105,353.0
106,373.0
107,395.0
108,315.0
109,338.0
110,223.0
111,243.0
112,546.0
113,1160.0
114,1153.0
115,573.0
116,463.0
117,361.0
118,292.0
119,1.0
120,0.0
121,7.0
122,0.0
123,0.0
124,0.0
125,0.0
126,0.0
127,125.0
128,292.0
129,306.0
130,385.0
131,349.0
132,340.0
133,366.0
134,419.0
135,324.0
136,650.0
137,1351.0
138,948.0
139,319.0
140,460.0
141,387.0
142,308.0
143,0.0
144,0.0
145,0.0
146,0.0
147,0.0
148,0.0
149,0.0
150,0.0
151,0.0
152,252.0
153,288.0
154,315.0
155,302.0
156,326.0
157,328.0
158,380.0
159,383.0
160,616.0
161,1216.0
162,761.0
163,405.0
164,450.0
165,318.0
166,279.0
167,0.0
168,0.0
169,0.0
170,0.0
171,0.0
172,0.0
173,0.0
174,128.0
175,523.0
176,414.0
177,657.0
178,509.0
179,505.0
180,865.0
181,748.0
182,387.0
183,677.0
184,571.0
185,796.0
186,499.0
187,401.0
188,333.0
189,380.0
190,223.0
191,0.0
192,0.0
193,0.0
194,0.0
195,0.0
196,0.0
197,0.0
198,126.0
199,329.0
200,328.0
201,318.0
202,374.0
203,315.0
204,300.0
205,297.0
206,360.0
207,351.0
208,506.0
209,712.0
210,317.0
211,411.0
212,349.0
213,469.0
214,317.0
215,0.0
216,0.0
217,0.0
218,0.0
219,0.0
220,0.0
221,0.0
222,107.0
223,579.0
224,334.0
225,276.0
226,292.0
227,301.0
228,464.0
229,346.0
230,422.0
231,367.0
232,739.0
233,1187.0
234,879.0
235,508.0
236,432.0
237,329.0
238,308.0
239,0.0
240,0.0
241,0.0
242,0.0
243,0.0
244,0.0
245,0.0
246,120.0
247,367.0
248,419.0
249,415.0
250,340.0
251,445.0
252,352.0
253,406.0
254,363.0
255,528.0
256,939.0
257,1345.0
258,1244.0
259,960.0
260,416.0
261,239.0
262,348.0
263,21.0
264,0.0
265,0.0
266,0.0
267,0.0
268,0.0
269,0.0
270,112.0
271,342.0
272,407.0
273,564.0
274,451.0
275,411.0
276,367.0
277,306.0
278,336.0
279,312.0
280,478.0
281,1125.0
282,464.0
283,458.0
284,405.0
285,311.0
286,254.0
287,23.0
288,0.0
289,0.0
290,0.0
291,0.0
292,0.0
293,0.0
294,0.0
295,242.0
296,317.0
297,375.0
298,343.0
299,481.0
300,375.0
301,323.0
302,330.0
303,308.0
304,359.0
305,1749.0
306,998.0
307,396.0
308,306.0
309,361.0
310,263.0
311,16.0
312,0.0
313,0.0
314,0.0
315,0.0
316,0.0
317,0.0
318,0.0
319,0.0
320,0.0
321,150.0
322,303.0
323,248.0
324,365.0
325,346.0
326,354.0
327,306.0
328,492.0
329,847.0
330,478.0
331,312.0
332,350.0
333,324.0
334,294.0
335,0.0
336,0.0
337,0.0
338,0.0
339,0.0
340,0.0
341,0.0
342,243.0
343,926.0
344,623.0
345,536.0
346,497.0
347,348.0
348,313.0
349,333.0
350,326.0
351,337.0
352,372.0
353,627.0
354,432.0
355,715.0
356,615.0
357,410.0
358,300.0
359,0.0
360,0.0
361,0.0
362,0.0
363,0.0
364,0.0
365,0.0
366,95.0
367,488.0
368,427.0
369,313.0
370,351.0
371,340.0
372,383.0
373,460.0
374,448.0
375,514.0
376,474.0
377,810.0
378,607.0
379,643.0
380,345.0
381,372.0
382,347.0
383,0.0
384,0.0
385,0.0
386,0.0
387,0.0
388,0.0
389,0.0
390,0.0
391,661.0
392,327.0
393,395.0
394,389.0
395,311.0
396,288.0
397,314.0
398,368.0
399,337.0
400,683.0
401,767.0
402,642.0
403,709.0
404,493.0
405,527.0
406,335.0
407,0.0
408,0.0
409,0.0
410,0.0
411,0.0
412,0.0
413,0.0
414,94.0
415,696.0
416,486.0
417,460.0
418,405.0
419,380.0
420,696.0
421,316.0
422,388.0
423,325.0
424,606.0
425,1303.0
426,958.0
427,766.0
428,374.0
429,331.0
430,92.0
431,0.0
432,0.0
433,0.0
434,0.0
435,0.0
436,0.0
437,0.0
438,106.0
439,373.0
440,519.0
441,359.0
442,345.0
443,344.0
444,360.0
445,379.0
446,352.0
447,344.0
448,642.0
449,1087.0
450,531.0
451,440.0
452,449.0
453,627.0
454,403.0
455,0.0
456,0.0
457,0.0
458,0.0
459,0.0
460,0.0
461,0.0
462,0.0
463,348.0
464,356.0
465,796.0
466,660.0
467,618.0
468,526.0
469,340.0
470,414.0
471,132.0
472,348.0
473,1640.0
474,1396.0
475,381.0
476,325.0
477,499.0
478,253.0
479,0.0
480,0.0
481,0.0
482,0.0
483,0.0
484,0.0
485,0.0
486,0.0
487,0.0
488,126.0
489,252.0
490,332.0
491,605.0
492,573.0
493,296.0
494,273.0
495,138.0
496,347.0
497,1005.0
498,586.0
499,381.0
500,293.0
501,309.0
502,114.0
503,0.0
504,0.0
505,0.0
506,0.0
507,0.0
508,0.0
509,0.0
510,100.0
511,472.0
512,336.0
513,315.0
514,280.0
515,314.0
516,291.0
517,166.0
518,203.0
519,291.0
520,401.0
521,964.0
522,951.0
523,744.0
524,413.0
525,328.0
526,311.0
527,29.0
528,0.0
529,0.0
530,0.0
531,0.0
532,0.0
533,0.0
534,103.0
535,526.0
536,304.0
537,407.0
538,127.0
539,75.0
540,230.0
541,171.0
542,501.0
543,350.0
544,483.0
545,1248.0
546,564.0
547,676.0
548,714.0
549,440.0
550,388.0
551,55.0
552,0.0
553,0.0
554,0.0
555,0.0
556,0.0
557,0.0
558,111.0
559,508.0
560,490.0
561,558.0
562,713.0
563,471.0
564,581.0
565,434.0
566,308.0
567,481.0
568,660.0
569,1565.0
570,1236.0
571,991.0
572,869.0
573,655.0
574,430.0
575,0.0
576,0.0
577,0.0
578,0.0
579,0.0
580,0.0
581,0.0
582,181.0
583,441.0
584,355.0
585,427.0
586,287.0
587,507.0
588,577.0
589,622.0
590,525.0
591,520.0
592,864.0
593,1514.0
594,1357.0
595,493.0
596,358.0
597,426.0
598,218.0
599,0.0
600,0.0
601,0.0
602,0.0
603,0.0
604,0.0
605,0.0
606,112.0
607,456.0
608,427.0
609,774.0
610,285.0
611,290.0
612,268.0
613,236.0
614,195.0
615,204.0
616,829.0
617,1611.0
618,731.0
619,655.0
620,378.0
621,328.0
622,287.0
623,10.0
624,0.0
625,0.0
626,0.0
627,0.0
628,0.0
629,0.0
630,0.0
631,12.0
632,329.0
633,347.0
634,362.0
635,384.0
636,456.0
637,308.0
638,298.0
639,209.0
640,256.0
641,520.0
642,513.0
643,500.0
644,407.0
645,330.0
646,273.0
647,0.0
648,0.0
649,0.0
650,0.0
651,0.0
652,0.0
653,0.0
654,0.0
655,0.0
656,310.0
657,451.0
658,510.0
659,551.0
660,557.0
661,523.0
662,357.0
663,448.0
664,499.0
665,1795.0
666,1355.0
667,618.0
668,427.0
669,457.0
670,323.0
671,0.0
672,0.0
673,0.0
674,0.0
675,0.0
676,0.0
677,0.0
678,103.0
679,905.0
680,686.0
681,436.0
682,316.0
683,311.0
684,416.0
685,311.0
686,434.0
687,396.0
688,697.0
689,1278.0
690,1128.0
691,874.0
692,557.0
693,906.0
694,376.0
695,0.0
696,0.0
697,0.0
698,0.0
699,0.0
700,0.0
701,0.0
702,120.0
703,725.0
704,726.0
705,578.0
706,397.0
707,289.0
708,319.0
709,296.0
710,501.0
711,370.0
712,350.0
713,1095.0
714,740.0
715,368.0
716,256.0
717,303.0
718,234.0
719,2.0
720,0.0
721,0.0
722,0.0
723,0.0
724,0.0
725,0.0
726,131.0
727,508.0
728,422.0
729,1021.0
730,756.0
731,642.0
732,569.0
733,467.0
734,510.0
735,361.0
736,480.0
737,1898.0
738,910.0
739,603.0
740,456.0
741,615.0
742,295.0
743,21.0
744,0.0
745,0.0
746,0.0
747,0.0
748,0.0
749,0.0
750,50.0
751,478.0
752,613.0
753,421.0
754,318.0
755,343.0
756,446.0
757,359.0
758,372.0
759,360.0
760,297.0
761,1397.0
762,871.0
763,574.0
764,416.0
765,321.0
766,330.0
767,0.0
768,0.0
769,0.0
770,0.0
771,0.0
772,0.0
773,0.0
774,125.0
775,755.0
776,618.0
777,623.0
778,528.0
779,320.0
780,362.0
781,386.0
782,380.0
783,292.0
784,484.0
785,1602.0
786,1664.0
787,788.0
788,472.0
789,416.0
790,341.0
791,0.0
792,0.0
793,0.0
794,0.0
795,0.0
796,0.0
797,0.0
798,0.0
799,95.0
800,224.0
801,518.0
802,307.0
803,443.0
804,428.0
805,359.0
806,333.0
807,242.0
808,233.0
809,1416.0
810,1337.0
811,470.0
812,442.0
813,376.0
814,99.0
815,0.0
816,0.0
817,0.0
818,0.0
819,0.0
820,0.0
821,0.0
822,0.0
823,0.0
824,185.0
825,357.0
826,438.0
827,383.0
828,607.0
829,689.0
830,473.0
831,324.0
832,319.0
833,1594.0
834,1196.0
835,560.0
836,615.0
837,467.0
838,166.0
839,0.0
840,0.0
841,0.0
842,0.0
843,0.0
844,0.0
845,0.0
846,147.0
847,563.0
848,502.0
849,434.0
850,335.0
851,345.0
852,340.0
853,408.0
854,418.0
855,398.0
856,369.0
857,879.0
858,732.0
859,672.0
860,370.0
861,353.0
862,281.0
863,0.0
864,0.0
865,0.0
866,0.0
867,0.0
868,0.0
869,0.0
870,99.0
871,417.0
872,327.0
873,481.0
874,383.0
875,297.0
876,330.0
877,346.0
878,423.0
879,359.0
880,417.0
881,791.0
882,543.0
883,726.0
884,513.0
885,365.0
886,244.0
887,0.0
888,0.0
889,0.0
890,0.0
891,0.0
892,0.0
893,0.0
894,159.0
895,628.0
896,606.0
897,560.0
898,307.0
899,285.0
900,383.0
901,439.0
902,457.0
903,485.0
904,502.0
905,778.0
906,820.0
907,377.0
908,444.0
909,341.0
910,294.0
911,0.0
912,0.0
913,0.0
914,0.0
915,0.0
916,0.0
917,0.0
918,203.0
919,313.0
920,296.0
921,327.0
922,348.0
923,302.0
924,356.0
925,356.0
926,312.0
927,311.0
928,452.0
929,589.0
930,313.0
931,308.0
932,375.0
933,402.0
934,334.0
935,0.0
936,0.0
937,0.0
938,0.0
939,0.0
940,0.0
941,0.0
942,105.0
943,556.0
944,372.0
945,332.0
946,414.0
947,305.0
948,294.0
949,312.0
950,301.0
951,423.0
952,346.0
953,1063.0
954,1077.0
955,533.0
956,568.0
957,362.0
958,310.0
959,6.0
960,0.0
961,0.0
962,0.0
963,0.0
964,0.0
965,0.0
966,0.0
967,45.0
968,227.0
969,555.0
970,617.0
971,612.0
972,459.0
973,316.0
974,466.0
975,365.0
976,335.0
977,1557.0
978,1223.0
979,890.0
980,714.0
981,487.0
982,293.0
983,0.0
984,0.0
985,0.0
986,0.0
987,0.0
988,0.0
989,0.0
990,0.0
991,0.0
992,252.0
993,317.0
994,343.0
995,339.0
996,376.0
997,146.0
998,227.0
999,276.0
1000,318.0
1001,1015.0
1002,824.0
1003,430.0
1004,389.0
1005,378.0
1006,392.0
1007,0.0
1008,0.0
1009,0.0
1010,0.0
1011,0.0
1012,0.0
1013,0.0
1014,95.0
1015,350.0
1016,371.0
1017,384.0
1018,365.0
1019,411.0
1020,459.0
1021,601.0
1022,338.0
1023,424.0
1024,310.0
1025,1073.0
1026,945.0
1027,592.0
1028,311.0
1029,337.0
1030,359.0
1031,0.0
1032,0.0
1033,0.0
1034,0.0
1035,0.0
1036,0.0
1037,0.0
1038,42.0
1039,670.0
1040,1177.0
1041,1238.0
1042,445.0
1043,491.0
1044,668.0
1045,295.0
1046,345.0
1047,427.0
1048,594.0
1049,813.0
1050,1420.0
1051,1096.0
1052,662.0
1053,420.0
1054,277.0
1055,15.0
1056,0.0
1057,0.0
1058,0.0
1059,0.0
1060,0.0
1061,0.0
1062,0.0
1063,49.0
1064,343.0
1065,459.0
1066,315.0
1067,336.0
1068,674.0
1069,593.0
1070,570.0
1071,396.0
1072,350.0
1073,984.0
1074,1171.0
1075,366.0
1076,388.0
1077,371.0
1078,305.0
1079,0.0
1080,0.0
1081,0.0
1082,0.0
1083,0.0
1084,0.0
1085,0.0
1086,0.0
1087,179.0
1088,304.0
1089,285.0
1090,297.0
1091,302.0
1092,298.0
1093,272.0
1094,327.0
1095,386.0
1096,335.0
1097,688.0
1098,994.0
1099,450.0
1100,576.0
1101,431.0
1102,288.0
1103,0.0
1104,0.0
1105,0.0
1106,0.0
1107,0.0
1108,0.0
1109,0.0
1110,447.0
1111,507.0
1112,471.0
1113,609.0
1114,371.0
1115,290.0
1116,303.0
1117,402.0
1118,535.0
1119,323.0
1120,321.0
1121,610.0
1122,668.0
1123,273.0
1124,474.0
1125,416.0
1126,360.0
1127,0.0
1128,0.0
1129,0.0
1130,0.0
1131,0.0
1132,0.0
1133,0.0
1134,57.0
1135,361.0
1136,662.0
1137,855.0
1138,768.0
1139,377.0
1140,364.0
1141,174.0
1142,171.0
1143,200.0
1144,455.0
1145,944.0
1146,1771.0
1147,805.0
1148,392.0
1149,352.0
1150,315.0
1151,0.0
1152,0.0
1153,0.0
1154,0.0
1155,0.0
1156,0.0
1157,0.0
1158,0.0
1159,0.0
1160,166.0
1161,405.0
1162,243.0
1163,174.0
1164,206.0
1165,184.0
1166,188.0
1167,157.0
1168,303.0
1169,862.0
1170,1215.0
1171,322.0
1172,360.0
1173,394.0
1174,298.0
1175,0.0
1176,0.0
1177,0.0
1178,0.0
1179,0.0
1180,0.0
1181,0.0
1182,101.0
1183,375.0
1184,361.0
1185,369.0
1186,340.0
1187,345.0
1188,252.0
1189,297.0
1190,337.0
1191,379.0
1192,336.0
1193,956.0
1194,1511.0
1195,669.0
1196,468.0
1197,375.0
1198,389.0
1199,0.0
1200,0.0
1201,0.0
1202,0.0
1203,0.0
1204,0.0
1205,0.0
1206,111.0
1207,290.0
1208,369.0
1209,443.0
1210,634.0
1211,640.0
1212,452.0
1213,332.0
1214,367.0
1215,589.0
1216,441.0
1217,553.0
1218,890.0
1219,827.0
1220,455.0
1221,376.0
1222,341.0
1223,0.0
1224,0.0
1225,0.0
1226,0.0
1227,0.0
1228,0.0
1229,0.0
1230,350.0
1231,713.0
1232,638.0
1233,656.0
1234,352.0
1235,344.0
1236,472.0
1237,340.0
1238,430.0
1239,360.0
1240,474.0
1241,1633.0
1242,2049.0
1243,1075.0
1244,432.0
1245,321.0
1246,278.0
1247,0.0
1248,0.0
1249,0.0
1250,0.0
1251,0.0
1252,0.0
1253,0.0
1254,82.0
1255,346.0
1256,320.0
1257,340.0
1258,307.0
1259,330.0
1260,334.0
1261,319.0
1262,298.0
1263,334.0
1264,373.0
1265,954.0
1266,1628.0
1267,974.0
1268,381.0
1269,327.0
1270,242.0
1271,0.0
1272,0.0
1273,0.0
1274,0.0
1275,0.0
1276,0.0
1277,0.0
1278,100.0
1279,586.0
1280,1056.0
1281,871.0
1282,349.0
1283,360.0
1284,347.0
1285,200.0
1286,166.0
1287,294.0
1288,302.0
1289,971.0
1290,1130.0
1291,472.0
1292,332.0
1293,327.0
1294,260.0
1295,0.0
1296,0.0
1297,0.0
1298,0.0
1299,0.0
1300,0.0
1301,0.0
1302,0.0
1303,296.0
1304,295.0
1305,283.0
1306,299.0
1307,288.0
1308,214.0
1309,377.0
1310,383.0
1311,231.0
1312,385.0
1313,1149.0
1314,1842.0
1315,925.0
1316,352.0
1317,319.0
1318,316.0
1319,0.0
1320,0.0
1321,0.0
1322,0.0
1323,0.0
1324,0.0
1325,0.0
1326,0.0
1327,0.0
1328,188.0
1329,316.0
1330,346.0
1331,369.0
1332,384.0
1333,134.0
1334,139.0
1335,234.0
1336,335.0
1337,424.0
1338,1648.0
1339,523.0
1340,377.0
1341,299.0
1342,281.0
1343,0.0
1344,0.0
1345,0.0
1346,0.0
1347,0.0
1348,0.0
1349,0.0
1350,188.0
1351,510.0
1352,314.0
1353,321.0
1354,346.0
1355,420.0
1356,439.0
1357,521.0
1358,555.0
1359,407.0
1360,389.0
1361,366.0
1362,626.0
1363,1148.0
1364,716.0
1365,376.0
1366,203.0
1367,0.0
1368,0.0
1369,0.0
1370,0.0
1371,0.0
1372,0.0
1373,0.0
1374,109.0
1375,518.0
1376,422.0
1377,575.0
1378,359.0
1379,423.0
1380,320.0
1381,283.0
1382,333.0
1383,274.0
1384,432.0
1385,313.0
1386,1192.0
1387,536.0
1388,456.0
1389,441.0
1390,243.0
1391,17.0
1392,30.0
1393,0.0
1394,0.0
1395,0.0
1396,0.0
1397,0.0
1398,185.0
1399,678.0
1400,1244.0
1401,1198.0
1402,556.0
1403,528.0
1404,548.0
1405,322.0
1406,257.0
1407,399.0
1408,333.0
1409,669.0
1410,1204.0
1411,455.0
1412,394.0
1413,304.0
1414,47.0
1415,0.0
1416,0.0
1417,0.0
1418,0.0
1419,0.0
1420,0.0
1421,0.0
1422,96.0
1423,863.0
1424,1378.0
1425,1559.0
1426,1273.0
1427,723.0
1428,821.0
1429,544.0
1430,448.0
1431,514.0
1432,549.0
1433,933.0
1434,1357.0
1435,763.0
1436,865.0
1437,506.0
1438,55.0
1439,0.0
1440,0.0
1441,0.0
1442,0.0
1443,0.0
1444,0.0
1445,0.0
1446,100.0
1447,425.0
1448,532.0
1449,946.0
1450,842.0
1451,871.0
1452,905.0
1453,608.0
1454,451.0
1455,379.0
1456,497.0
1457,1195.0
1458,1540.0
1459,893.0
1460,680.0
1461,664.0
1462,2.0
1463,0.0
1464,0.0
1465,0.0
1466,0.0
1467,0.0
1468,0.0
1469,0.0
1470,0.0
1471,118.0
1472,374.0
1473,458.0
1474,410.0
1475,386.0
1476,439.0
1477,477.0
1478,437.0
1479,384.0
1480,450.0
1481,561.0
1482,1380.0
1483,816.0
1484,561.0
1485,100.0
1486,104.0
1487,0.0
1488,0.0
1489,0.0
1490,0.0
1491,0.0
1492,0.0
1493,0.0
1494,0.0
1495,0.0
1496,36.0
1497,321.0
1498,336.0
1499,374.0
1500,358.0
1501,292.0
1502,297.0
1503,333.0
1504,335.0
1505,1070.0
1506,1621.0
1507,1323.0
1508,655.0
1509,174.0
1510,0.0
1511,0.0
1512,0.0
1513,0.0
1514,0.0
1515,0.0
1516,0.0
1517,0.0
1518,101.0
1519,387.0
1520,544.0
1521,389.0
1522,339.0
1523,363.0
1524,541.0
1525,397.0
1526,376.0
1527,359.0
1528,287.0
1529,353.0
1530,561.0
1531,278.0
1532,413.0
1533,443.0
1534,307.0
1535,0.0
1536,0.0
1537,0.0
1538,0.0
1539,0.0
1540,0.0
1541,0.0
1542,95.0
1543,454.0
1544,471.0
1545,447.0
1546,418.0
1547,620.0
1548,819.0
1549,701.0
1550,491.0
1551,433.0
1552,375.0
1553,925.0
1554,1521.0
1555,1314.0
1556,677.0
1557,483.0
1558,394.0
1559,105.0
1560,0.0
1561,0.0
1562,0.0
1563,0.0
1564,0.0
1565,0.0
1566,200.0
1567,652.0
1568,517.0
1569,442.0
1570,284.0
1571,371.0
1572,357.0
1573,290.0
1574,289.0
1575,290.0
1576,335.0
1577,613.0
1578,1273.0
1579,759.0
1580,391.0
1581,380.0
1582,255.0
1583,0.0
1584,0.0
1585,0.0
1586,0.0
1587,0.0
1588,0.0
1589,0.0
1590,189.0
1591,643.0
1592,331.0
1593,510.0
1594,338.0
1595,372.0
1596,325.0
1597,317.0
1598,342.0
1599,334.0
1600,390.0
1601,427.0
1602,1561.0
1603,926.0
1604,419.0
1605,312.0
1606,132.0
1607,0.0
1608,0.0
1609,0.0
1610,0.0
1611,0.0
1612,0.0
1613,0.0
1614,169.0
1615,577.0
1616,418.0
1617,602.0
1618,521.0
1619,355.0
1620,369.0
1621,241.0
1622,379.0
1623,436.0
1624,483.0
1625,866.0
1626,1270.0
1627,938.0
1628,285.0
1629,289.0
1630,282.0
1631,0.0
1632,0.0
1633,0.0
1634,0.0
1635,0.0
1636,0.0
1637,0.0
1638,0.0
1639,205.0
1640,261.0
1641,611.0
1642,675.0
1643,476.0
1644,361.0
1645,323.0
1646,327.0
1647,304.0
1648,338.0
1649,505.0
1650,1172.0
1651,1228.0
1652,619.0
1653,335.0
1654,263.0
1655,0.0
1656,0.0
1657,0.0
1658,0.0
1659,0.0
1660,0.0
1661,0.0
1662,0.0
1663,0.0
1664,166.0
1665,253.0
1666,296.0
1667,339.0
1668,436.0
1669,351.0
1670,208.0
1671,351.0
1672,302.0
1673,890.0
1674,1619.0
1675,1467.0
1676,579.0
1677,458.0
1678,337.0
1679,0.0
1680,0.0
1681,0.0
1682,0.0
1683,0.0
1684,0.0
1685,0.0
1686,106.0
1687,412.0
1688,402.0
1689,460.0
1690,363.0
1691,508.0
1692,437.0
1693,382.0
1694,339.0
1695,268.0
1696,312.0
1697,1018.0
1698,1118.0
1699,1216.0
1700,777.0
1701,498.0
1702,293.0
1703,0.0
1704,0.0
1705,0.0
1706,0.0
1707,0.0
1708,0.0
1709,0.0
1710,141.0
1711,484.0
1712,418.0
1713,454.0
1714,337.0
1715,360.0
1716,311.0
1717,236.0
1718,171.0
1719,260.0
1720,325.0
1721,762.0
1722,1697.0
1723,1453.0
1724,426.0
1725,339.0
1726,267.0
1727,0.0
1728,0.0
1729,0.0
1730,0.0
1731,0.0
1732,0.0
1733,0.0
1734,102.0
1735,323.0
1736,299.0
1737,301.0
1738,272.0
1739,395.0
1740,364.0
1741,385.0
1742,407.0
1743,324.0
1744,314.0
1745,352.0
1746,433.0
1747,394.0
1748,446.0
1749,407.0
1750,259.0
1751,0.0
1752,0.0
1753,0.0
1754,0.0
1755,0.0
1756,0.0
1757,0.0
1758,129.0
1759,471.0
1760,401.0
1761,431.0
1762,350.0
1763,444.0
1764,586.0
1765,509.0
1766,420.0
1767,484.0
1768,504.0
1769,584.0
1770,1132.0
1771,813.0
1772,629.0
1773,570.0
1774,416.0
1775,11.0
1776,0.0
1777,0.0
1778,0.0
1779,0.0
1780,0.0
1781,0.0
1782,84.0
1783,409.0
1784,537.0
1785,544.0
1786,537.0
1787,592.0
1788,540.0
1789,656.0
1790,591.0
1791,827.0
1792,1100.0
1793,1118.0
1794,1561.0
1795,902.0
1796,376.0
1797,363.0
1798,332.0
1799,16.0
1800,0.0
1801,0.0
1802,0.0
1803,0.0
1804,0.0
1805,0.0
1806,0.0
1807,431.0
1808,372.0
1809,500.0
1810,559.0
1811,347.0
1812,292.0
1813,308.0
1814,313.0
1815,303.0
1816,301.0
1817,637.0
1818,1026.0
1819,606.0
1820,387.0
1821,377.0
1822,269.0
1823,11.0
1824,224.0
1825,0.0
1826,0.0
1827,0.0
1828,0.0
1829,0.0
1830,0.0
1831,0.0
1832,303.0
1833,327.0
1834,531.0
1835,627.0
1836,369.0
1837,511.0
1838,304.0
1839,293.0
1840,291.0
1841,491.0
1842,984.0
1843,986.0
1844,423.0
1845,283.0
1846,302.0
1847,0.0
1848,0.0
1849,0.0
1850,0.0
1851,0.0
1852,0.0
1853,0.0
1854,104.0
1855,296.0
1856,329.0
1857,472.0
1858,364.0
1859,310.0
1860,294.0
1861,357.0
1862,384.0
1863,344.0
1864,315.0
1865,311.0
1866,1046.0
1867,789.0
1868,555.0
1869,600.0
1870,306.0
1871,42.0
1872,0.0
1873,0.0
1874,0.0
1875,0.0
1876,0.0
1877,0.0
1878,168.0
1879,550.0
1880,381.0
1881,372.0
1882,400.0
1883,392.0
1884,376.0
1885,288.0
1886,212.0
1887,229.0
1888,302.0
1889,306.0
1890,980.0
1891,633.0
1892,424.0
1893,397.0
1894,284.0
1895,17.0
1896,0.0
1897,0.0
1898,0.0
1899,0.0
1900,0.0
1901,0.0
1902,300.0
1903,454.0
1904,462.0
1905,332.0
1906,310.0
1907,316.0
1908,164.0
1909,140.0
1910,156.0
1911,249.0
1912,322.0
1913,337.0
1914,496.0
1915,329.0
1916,298.0
1917,363.0
1918,344.0
1919,97.0
1920,0.0
1921,0.0
1922,0.0
1923,0.0
1924,0.0
1925,0.0
1926,79.0
1927,536.0
1928,408.0
1929,407.0
1930,427.0
1931,384.0
1932,412.0
1933,357.0
1934,280.0
1935,305.0
1936,335.0
1937,487.0
1938,1138.0
1939,364.0
1940,322.0
1941,473.0
1942,341.0
1943,0.0
1944,0.0
1945,0.0
1946,0.0
1947,0.0
1948,0.0
1949,0.0
1950,82.0
1951,356.0
1952,358.0
1953,376.0
1954,305.0
1955,316.0
1956,379.0
1957,531.0
1958,717.0
1959,682.0
1960,927.0
1961,750.0
1962,971.0
1963,1391.0
1964,984.0
1965,362.0
1966,309.0
1967,0.0
1968,0.0
1969,0.0
1970,0.0
1971,0.0
1972,0.0
1973,0.0
1974,0.0
1975,277.0
1976,349.0
1977,339.0
1978,312.0
1979,353.0
1980,341.0
1981,331.0
1982,299.0
1983,347.0
1984,298.0
1985,592.0
1986,1709.0
1987,1276.0
1988,415.0
1989,303.0
1990,230.0
1991,0.0
1992,0.0
1993,0.0
1994,0.0
1995,0.0
1996,0.0
1997,0.0
1998,0.0
1999,277.0
2000,361.0
2001,371.0
2002,360.0
2003,308.0
2004,327.0
2005,231.0
2006,188.0
2007,147.0
2008,334.0
2009,593.0
2010,1312.0
2011,1528.0
2012,492.0
2013,246.0
2014,0.0
2015,0.0
2016,0.0
2017,0.0
2018,0.0
2019,0.0
2020,0.0
2021,124.0
2022,1054.0
2023,888.0
2024,348.0
2025,306.0
2026,312.0
2027,484.0
2028,498.0
2029,384.0
2030,388.0
2031,395.0
2032,337.0
2033,1185.0
2034,734.0
2035,478.0
2036,433.0
2037,276.0
2038,0.0
2039,0.0
2040,0.0
2041,0.0
2042,0.0
2043,0.0
2044,0.0
2045,138.0
2046,938.0
2047,1062.0
2048,468.0
2049,566.0
2050,330.0
2051,304.0
2052,311.0
2053,338.0
2054,346.0
2055,459.0
2056,482.0
2057,725.0
2058,865.0
2059,1222.0
2060,499.0
2061,409.0
2062,0.0
2063,0.0
2064,0.0
2065,0.0
2066,0.0
2067,0.0
2068,0.0
2069,119.0
2070,774.0
2071,907.0
2072,803.0
2073,750.0
2074,519.0
2075,337.0
2076,307.0
2077,287.0
2078,300.0
2079,311.0
2080,366.0
2081,641.0
2082,1019.0
2083,1371.0
2084,536.0
2085,331.0
2086,0.0
2087,0.0
2088,0.0
2089,0.0
2090,0.0
2091,0.0
2092,0.0
2093,103.0
2094,1135.0
2095,1441.0
2096,1404.0
2097,440.0
2098,413.0
2099,551.0
2100,418.0
2101,468.0
2102,348.0
2103,346.0
2104,276.0
2105,356.0
2106,258.0
2107,353.0
2108,408.0
2109,342.0
2110,0.0
2111,0.0
2112,0.0
2113,0.0
2114,0.0
2115,0.0
2116,0.0
2117,116.0
2118,399.0
2119,763.0
2120,478.0
2121,648.0
2122,440.0
2123,682.0
2124,496.0
2125,517.0
2126,338.0
2127,396.0
2128,393.0
2129,852.0
2130,550.0
2131,527.0
2132,266.0
2133,77.0
2134,0.0
2135,0.0
2136,0.0
2137,0.0
2138,0.0
2139,0.0
2140,0.0
2141,0.0
2142,344.0
2143,468.0
2144,630.0
2145,623.0
2146,443.0
2147,385.0
2148,321.0
2149,490.0
2150,321.0
2151,362.0
2152,618.0
2153,825.0
2154,1082.0
2155,1141.0
2156,603.0
2157,363.0
2158,0.0
2159,0.0
2160,0.0
2161,0.0
2162,0.0
2163,0.0
2164,0.0
2165,0.0
2166,0.0
2167,143.0
2168,412.0
2169,526.0
2170,559.0
2171,697.0
2172,431.0
2173,319.0
2174,204.0
2175,236.0
2176,701.0
2177,430.0
2178,348.0
2179,338.0
2180,510.0
2181,334.0
2182,0.0
2183,0.0
2184,0.0
2185,0.0
2186,0.0
2187,0.0
2188,0.0
2189,0.0
2190,0.0
2191,282.0
2192,342.0
2193,437.0
2194,598.0
2195,501.0
2196,501.0
2197,469.0
2198,367.0
2199,525.0
2200,374.0
2201,303.0
2202,408.0
2203,611.0
2204,356.0
2205,299.0
2206,0.0
2207,0.0
2208,0.0
2209,0.0
2210,0.0
2211,0.0
2212,0.0
2213,84.0
2214,410.0
2215,573.0
2216,485.0
2217,328.0
2218,405.0
2219,239.0
2220,163.0
2221,177.0
2222,199.0
2223,298.0
2224,380.0
2225,446.0
2226,664.0
2227,1005.0
2228,388.0
2229,310.0
2230,25.0
2231,0.0
2232,0.0
2233,0.0
2234,0.0
2235,0.0
2236,0.0
2237,124.0
2238,318.0
2239,380.0
2240,616.0
2241,407.0
2242,329.0
2243,390.0
2244,156.0
2245,171.0
2246,232.0
2247,310.0
2248,378.0
2249,387.0
2250,407.0
2251,557.0
2252,341.0
2253,309.0
2254,0.0
2255,0.0
2256,0.0
2257,0.0
2258,0.0
2259,0.0
2260,0.0
2261,108.0
2262,297.0
2263,522.0
2264,330.0
2265,307.0
2266,296.0
2267,288.0
2268,130.0
2269,54.0
2270,78.0
2271,366.0
2272,393.0
2273,615.0
2274,923.0
2275,1045.0
2276,355.0
2277,268.0
2278,11.0
2279,0.0
2280,0.0
2281,0.0
2282,0.0
2283,0.0
2284,0.0
2285,0.0
2286,372.0
2287,766.0
2288,638.0
2289,375.0
2290,362.0
2291,305.0
2292,114.0
2293,30.0
2294,57.0
2295,250.0
2296,329.0
2297,331.0
2298,512.0
2299,907.0
2300,503.0
2301,325.0
2302,0.0
2303,0.0
2304,0.0
2305,0.0
2306,0.0
2307,0.0
2308,0.0
2309,0.0
2310,156.0
2311,454.0
2312,558.0
2313,574.0
2314,304.0
2315,335.0
2316,319.0
2317,272.0
2318,283.0
2319,371.0
2320,483.0
2321,376.0
2322,817.0
2323,687.0
2324,452.0
2325,374.0
2326,0.0
2327,0.0
2328,0.0
2329,0.0
2330,0.0
2331,0.0
2332,0.0
2333,0.0
2334,0.0
2335,409.0
2336,469.0
2337,377.0
2338,621.0
2339,471.0
2340,313.0
2341,238.0
2342,340.0
2343,435.0
2344,550.0
2345,794.0
2346,916.0
2347,1266.0
2348,517.0
2349,334.0
2350,0.0
2351,0.0
2352,0.0
2353,0.0
2354,0.0
2355,0.0
2356,0.0
2357,125.0
2358,583.0
2359,1017.0
2360,1180.0
2361,964.0
2362,642.0
2363,634.0
2364,509.0
2365,839.0
2366,469.0
2367,629.0
2368,799.0
2369,356.0
2370,355.0
2371,314.0
2372,398.0
2373,299.0
2374,0.0
2375,0.0
2376,0.0
2377,0.0
2378,0.0
2379,0.0
2380,0.0
2381,0.0
2382,374.0
2383,770.0
2384,1114.0
2385,804.0
2386,690.0
2387,580.0
2388,350.0
2389,354.0
2390,329.0
2391,366.0
2392,340.0
2393,501.0
2394,386.0
2395,1010.0
2396,589.0
2397,339.0
2398,0.0
2399,0.0
2400,0.0
2401,0.0
2402,0.0
2403,0.0
2404,0.0
2405,107.0
2406,598.0
2407,1108.0
2408,1016.0
2409,664.0
2410,716.0
2411,602.0
2412,434.0
2413,398.0
2414,355.0
2415,494.0
2416,1276.0
2417,1145.0
2418,714.0
2419,619.0
2420,353.0
2421,0.0
2422,0.0
2423,0.0
2424,0.0
2425,0.0
2426,0.0
2427,0.0
2428,0.0
2429,24.0
2430,535.0
2431,540.0
2432,732.0
2433,668.0
2434,442.0
2435,345.0
2436,394.0
2437,394.0
2438,377.0
2439,431.0
2440,444.0
2441,499.0
2442,356.0
2443,805.0
2444,331.0
2445,304.0
2446,0.0
2447,0.0
2448,0.0
2449,0.0
2450,0.0
2451,0.0
2452,0.0
2453,9.0
2454,601.0
2455,840.0
2456,1304.0
2457,1319.0
2458,1251.0
2459,570.0
2460,524.0
2461,423.0
2462,347.0
2463,399.0
2464,729.0
2465,910.0
2466,491.0
2467,387.0
2468,315.0
2469,315.0
2470,0.0
2471,0.0
2472,0.0
2473,0.0
2474,0.0
2475,0.0
2476,0.0
2477,0.0
2478,159.0
2479,372.0
2480,386.0
2481,333.0
2482,304.0
2483,331.0
2484,161.0
2485,183.0
2486,307.0
2487,339.0
2488,355.0
2489,561.0
2490,283.0
2491,586.0
2492,315.0
2493,270.0
2494,15.0
2495,0.0
2496,0.0
2497,0.0
2498,0.0
2499,0.0
2500,0.0
2501,0.0
2502,0.0
2503,303.0
2504,401.0
2505,419.0
2506,316.0
2507,364.0
2508,303.0
2509,381.0
2510,427.0
2511,588.0
2512,665.0
2513,612.0
2514,1072.0
2515,927.0
2516,462.0
2517,315.0
2518,0.0
2519,0.0
2520,0.0
2521,0.0
2522,0.0
2523,0.0
2524,0.0
2525,159.0
2526,935.0
2527,901.0
2528,341.0
2529,415.0
2530,369.0
2531,341.0
2532,205.0
2533,154.0
2534,255.0
2535,314.0
2536,299.0
2537,358.0
2538,475.0
2539,400.0
2540,303.0
2541,262.0
2542,16.0
2543,0.0
2544,0.0
2545,0.0
2546,0.0
2547,0.0
2548,0.0
2549,102.0
2550,454.0
2551,416.0
2552,490.0
2553,423.0
2554,483.0
2555,328.0
2556,400.0
2557,452.0
2558,390.0
2559,383.0
2560,482.0
2561,367.0
2562,401.0
2563,322.0
2564,411.0
2565,318.0
2566,0.0
2567,0.0
2568,0.0
2569,0.0
2570,0.0
2571,0.0
2572,0.0
2573,265.0
2574,1140.0
2575,1047.0
2576,813.0
2577,560.0
2578,537.0
2579,568.0
2580,416.0
2581,377.0
2582,325.0
2583,410.0
2584,408.0
2585,451.0
2586,768.0
2587,1032.0
2588,648.0
2589,284.0
2590,0.0
2591,0.0
2592,0.0
2593,0.0
2594,0.0
2595,0.0
2596,0.0
2597,111.0
2598,669.0
2599,717.0
2600,551.0
2601,395.0
2602,411.0
2603,367.0
2604,316.0
2605,365.0
2606,381.0
2607,376.0
2608,524.0
2609,917.0
2610,1161.0
2611,1640.0
2612,1069.0
2613,486.0
2614,0.0
2615,0.0
2616,0.0
2617,0.0
2618,0.0
2619,0.0
2620,0.0
2621,109.0
2622,559.0
2623,706.0
2624,347.0
2625,309.0
2626,351.0
2627,316.0
2628,338.0
2629,338.0
2630,312.0
2631,386.0
2632,328.0
2633,402.0
2634,478.0
2635,822.0
2636,746.0
2637,315.0
2638,77.0
2639,0.0
2640,0.0
2641,0.0
2642,0.0
2643,0.0
2644,0.0
2645,0.0
2646,272.0
2647,418.0
2648,373.0
2649,327.0
2650,296.0
2651,366.0
2652,287.0
2653,247.0
2654,279.0
2655,168.0
2656,300.0
2657,422.0
2658,683.0
2659,554.0
2660,333.0
2661,248.0
2662,0.0
2663,0.0
2664,0.0
2665,0.0
2666,0.0
2667,0.0
2668,0.0
2669,0.0
2670,0.0
2671,397.0
2672,386.0
2673,320.0
2674,306.0
2675,370.0
2676,279.0
2677,446.0
2678,433.0
2679,303.0
2680,271.0
2681,454.0
2682,949.0
2683,1148.0
2684,586.0
2685,320.0
2686,80.0
2687,0.0
2688,0.0
2689,0.0
2690,0.0
2691,0.0
2692,0.0
2693,100.0
2694,466.0
2695,600.0
2696,597.0
2697,395.0
2698,300.0
2699,339.0
2700,387.0
2701,338.0
2702,255.0
2703,361.0
2704,396.0
2705,472.0
2706,855.0
2707,884.0
2708,448.0
2709,243.0
2710,0.0
2711,0.0
2712,0.0
2713,0.0
2714,0.0
2715,0.0
2716,0.0
2717,41.0
2718,522.0
2719,544.0
2720,431.0
2721,285.0
2722,333.0
2723,587.0
2724,525.0
2725,703.0
2726,689.0
2727,895.0
2728,1374.0
2729,1383.0
2730,370.0
2731,336.0
2732,299.0
2733,312.0
2734,0.0
2735,0.0
2736,0.0
2737,0.0
2738,0.0
2739,0.0
2740,0.0
2741,142.0
2742,381.0
2743,308.0
2744,355.0
2745,352.0
2746,340.0
2747,336.0
2748,393.0
2749,224.0
2750,199.0
2751,312.0
2752,358.0
2753,465.0
2754,333.0
2755,719.0
2756,497.0
2757,408.0
2758,3.0
2759,0.0
2760,0.0
2761,0.0
2762,0.0
2763,0.0
2764,0.0
2765,129.0
2766,442.0
2767,324.0
2768,402.0
2769,398.0
2770,491.0
2771,341.0
2772,259.0
2773,275.0
2774,308.0
2775,264.0
2776,378.0
2777,329.0
2778,412.0
2779,631.0
2780,716.0
2781,570.0
2782,0.0
2783,0.0
2784,0.0
2785,0.0
2786,0.0
2787,0.0
2788,0.0
2789,132.0
2790,520.0
2791,593.0
2792,1082.0
2793,772.0
2794,525.0
2795,301.0
2796,362.0
2797,295.0
2798,321.0
2799,341.0
2800,344.0
2801,729.0
2802,538.0
2803,382.0
2804,371.0
2805,277.0
2806,0.0
2807,0.0
2808,0.0
2809,0.0
2810,0.0
2811,0.0
2812,0.0
2813,0.0
2814,316.0
2815,380.0
2816,494.0
2817,742.0
2818,579.0
2819,668.0
2820,438.0
2821,308.0
2822,296.0
2823,293.0
2824,772.0
2825,1047.0
2826,468.0
2827,356.0
2828,393.0
2829,308.0
2830,0.0
2831,0.0
2832,0.0
2833,0.0
2834,0.0
2835,0.0
2836,0.0
2837,0.0
2838,0.0
2839,272.0
2840,430.0
2841,490.0
2842,472.0
2843,516.0
2844,509.0
2845,381.0
2846,334.0
2847,408.0
2848,948.0
2849,920.0
2850,647.0
2851,550.0
2852,561.0
2853,262.0
2854,0.0
2855,0.0
2856,0.0
2857,0.0
2858,0.0
2859,0.0
2860,0.0
2861,106.0
2862,488.0
2863,608.0
2864,679.0
2865,311.0
2866,268.0
2867,330.0
2868,339.0
2869,299.0
2870,329.0
2871,291.0
2872,628.0
2873,629.0
2874,428.0
2875,689.0
2876,646.0
2877,356.0
2878,42.0
2879,0.0
2880,0.0
2881,0.0
2882,0.0
2883,0.0
2884,0.0
2885,133.0
2886,815.0
2887,994.0
2888,364.0
2889,276.0
2890,401.0
2891,389.0
2892,284.0
2893,154.0
2894,242.0
2895,272.0
2896,291.0
2897,343.0
2898,301.0
2899,330.0
2900,338.0
2901,62.0
2902,0.0
2903,0.0
2904,0.0
2905,0.0
2906,0.0
2907,0.0
2908,0.0
2909,147.0
2910,575.0
2911,352.0
2912,539.0
2913,351.0
2914,325.0
2915,343.0
2916,240.0
2917,187.0
2918,316.0
2919,292.0
2920,362.0
2921,462.0
2922,547.0
2923,720.0
2924,798.0
2925,41.0
2926,0.0
2927,0.0
2928,0.0
2929,0.0
2930,0.0
2931,0.0
2932,0.0
2933,98.0
2934,900.0
2935,646.0
2936,484.0
2937,318.0
2938,275.0
2939,228.0
2940,238.0
2941,227.0
2942,370.0
2943,436.0
2944,352.0
2945,530.0
2946,591.0
2947,422.0
2948,438.0
2949,109.0
2950,0.0
2951,0.0
2952,0.0
2953,0.0
2954,0.0
2955,0.0
2956,0.0
2957,77.0
2958,421.0
2959,317.0
2960,398.0
2961,477.0
2962,409.0
2963,307.0
2964,310.0
2965,331.0
2966,272.0
2967,309.0
2968,336.0
2969,455.0
2970,508.0
2971,327.0
2972,657.0
2973,335.0
2974,9.0
2975,0.0
2976,0.0
2977,0.0
2978,0.0
2979,0.0
2980,0.0
2981,0.0
2982,90.0
2983,298.0
2984,294.0
2985,380.0
2986,468.0
2987,342.0
2988,211.0
2989,93.0
2990,239.0
2991,209.0
2992,407.0
2993,621.0
2994,461.0
2995,640.0
2996,847.0
2997,393.0
2998,52.0
2999,50.0
3000,0.0
3001,0.0
3002,0.0
3003,0.0
3004,0.0
3005,0.0
3006,0.0
3007,314.0
3008,458.0
3009,330.0
3010,362.0
3011,350.0
3012,188.0
3013,84.0
3014,22.0
3015,77.0
3016,158.0
3017,288.0
3018,471.0
3019,498.0
3020,973.0
3021,448.0
3022,24.0
3023,7.0
3024,0.0
3025,0.0
3026,0.0
3027,0.0
3028,0.0
3029,0.0
3030,0.0
3031,296.0
3032,377.0
3033,326.0
3034,325.0
3035,307.0
3036,158.0
3037,22.0
3038,128.0
3039,301.0
3040,463.0
3041,393.0
3042,620.0
3043,467.0
3044,866.0
3045,274.0
3046,0.0
3047,0.0
3048,0.0
3049,0.0
3050,0.0
3051,0.0
3052,0.0
3053,100.0
3054,285.0
3055,303.0
3056,339.0
3057,341.0
3058,321.0
3059,336.0
3060,380.0
3061,361.0
3062,312.0
3063,363.0
3064,393.0
3065,353.0
3066,396.0
3067,344.0
3068,562.0
3069,291.0
3070,0.0
3071,0.0
3072,0.0
3073,0.0
3074,0.0
3075,0.0
3076,0.0
3077,99.0
3078,298.0
3079,417.0
3080,304.0
3081,403.0
3082,337.0
3083,354.0
3084,315.0
3085,343.0
3086,303.0
3087,446.0
3088,320.0
3089,384.0
3090,559.0
3091,703.0
3092,726.0
3093,267.0
3094,0.0
3095,0.0
3096,0.0
3097,0.0
3098,0.0
3099,0.0
3100,0.0
3101,109.0
3102,405.0
3103,481.0
3104,439.0
3105,99.0
3106,213.0
3107,294.0
3108,328.0
3109,319.0
3110,319.0
3111,313.0
3112,425.0
3113,511.0
3114,506.0
3115,497.0
3116,596.0
3117,334.0
3118,0.0
3119,0.0
3120,0.0
3121,0.0
3122,0.0
3123,0.0
3124,0.0
3125,32.0
3126,458.0
3127,354.0
3128,427.0
3129,184.0
3130,247.0
3131,217.0
3132,28.0
3133,60.0
3134,44.0
3135,176.0
3136,356.0
3137,650.0
3138,832.0
3139,664.0
3140,590.0
3141,510.0
3142,0.0
3143,0.0
3144,0.0
3145,0.0
3146,0.0
3147,0.0
3148,0.0
3149,0.0
3150,424.0
3151,574.0
3152,515.0
3153,460.0
3154,411.0
3155,297.0
3156,343.0
3157,318.0
3158,347.0
3159,339.0
3160,528.0
3161,640.0
3162,612.0
3163,500.0
3164,436.0
3165,277.0
3166,0.0
3167,0.0
3168,0.0
3169,0.0
3170,0.0
3171,0.0
3172,0.0
3173,0.0
3174,0.0
3175,237.0
3176,307.0
3177,350.0
3178,308.0
3179,327.0
3180,150.0
3181,0.0
3182,2.0
3183,270.0
3184,350.0
3185,383.0
3186,487.0
3187,395.0
3188,563.0
3189,329.0
3190,58.0
3191,0.0
3192,0.0
3193,0.0
3194,0.0
3195,0.0
3196,0.0
3197,105.0
3198,349.0
3199,293.0
3200,303.0
3201,328.0
3202,341.0
3203,374.0
3204,391.0
3205,289.0
3206,295.0
3207,302.0
3208,304.0
3209,419.0
3210,437.0
3211,475.0
3212,837.0
3213,299.0
3214,0.0
3215,0.0
3216,0.0
3217,0.0
3218,0.0
3219,0.0
3220,0.0
3221,91.0
3222,586.0
3223,686.0
3224,391.0
3225,343.0
3226,159.0
3227,155.0
3228,156.0
3229,212.0
3230,380.0
3231,365.0
3232,514.0
3233,348.0
3234,303.0
3235,278.0
3236,304.0
3237,262.0
3238,0.0
3239,0.0
3240,0.0
3241,0.0
3242,0.0
3243,0.0
3244,0.0
3245,97.0
3246,344.0
3247,378.0
3248,333.0
3249,383.0
3250,349.0
3251,374.0
3252,255.0
3253,236.0
3254,328.0
3255,320.0
3256,472.0
3257,412.0
3258,388.0
3259,372.0
3260,548.0
3261,314.0
3262,0.0
3263,0.0
3264,0.0
3265,0.0
3266,0.0
3267,0.0
3268,0.0
3269,195.0
3270,617.0
3271,394.0
3272,367.0
3273,333.0
3274,347.0
3275,364.0
3276,317.0
3277,321.0
3278,301.0
3279,314.0
3280,311.0
3281,390.0
3282,321.0
3283,417.0
3284,489.0
3285,391.0
3286,0.0
3287,0.0
3288,0.0
3289,0.0
3290,0.0
3291,0.0
3292,0.0
3293,94.0
3294,409.0
3295,330.0
3296,330.0
3297,358.0
3298,305.0
3299,345.0
3300,169.0
3301,169.0
3302,155.0
3303,352.0
3304,345.0
3305,443.0
3306,473.0
3307,345.0
3308,415.0
3309,265.0
3310,0.0
3311,0.0
3312,0.0
3313,0.0
3314,0.0
3315,0.0
3316,0.0
3317,0.0
3318,252.0
3319,377.0
3320,723.0
3321,410.0
3322,396.0
3323,452.0
3324,329.0
3325,159.0
3326,202.0
3327,214.0
3328,261.0
3329,352.0
3330,459.0
3331,393.0
3332,509.0
3333,263.0
3334,0.0
3335,0.0
3336,0.0
3337,0.0
3338,0.0
3339,0.0
3340,0.0
3341,0.0
3342,0.0
3343,188.0
3344,226.0
3345,262.0
3346,323.0
3347,403.0
3348,288.0
3349,308.0
3350,318.0
3351,424.0
3352,815.0
3353,511.0
3354,500.0
3355,444.0
3356,500.0
3357,519.0
3358,0.0
3359,0.0
3360,0.0
3361,0.0
3362,0.0
3363,0.0
3364,0.0
3365,138.0
3366,392.0
3367,363.0
3368,382.0
3369,366.0
3370,355.0
3371,382.0
3372,301.0
3373,239.0
3374,176.0
3375,378.0
3376,441.0
3377,356.0
3378,313.0
3379,434.0
3380,345.0
3381,335.0
3382,0.0
3383,0.0
3384,0.0
3385,0.0
3386,0.0
3387,0.0
3388,0.0
3389,110.0
3390,475.0
3391,348.0
3392,258.0
3393,172.0
3394,177.0
3395,228.0
3396,194.0
3397,197.0
3398,210.0
3399,215.0
3400,335.0
3401,368.0
3402,430.0
3403,388.0
3404,319.0
3405,287.0
3406,0.0
3407,0.0
3408,0.0
3409,0.0
3410,0.0
3411,0.0
3412,0.0
3413,137.0
3414,420.0
3415,736.0
3416,596.0
3417,422.0
3418,363.0
3419,323.0
3420,303.0
3421,263.0
3422,183.0
3423,283.0
3424,357.0
3425,402.0
3426,382.0
3427,374.0
3428,388.0
3429,268.0
3430,0.0
3431,0.0
3432,0.0
3433,0.0
3434,0.0
3435,0.0
3436,0.0
3437,231.0
3438,476.0
3439,431.0
3440,615.0
3441,334.0
3442,291.0
3443,343.0
3444,358.0
3445,329.0
3446,442.0
3447,414.0
3448,732.0
3449,404.0
3450,416.0
3451,338.0
3452,320.0
3453,442.0
3454,0.0
3455,0.0
3456,0.0
3457,0.0
3458,0.0
3459,0.0
3460,0.0
3461,103.0
3462,507.0
3463,576.0
3464,576.0
3465,474.0
3466,320.0
3467,331.0
3468,221.0
3469,51.0
3470,254.0
3471,279.0
3472,345.0
3473,327.0
3474,339.0
3475,349.0
3476,318.0
3477,262.0
3478,0.0
3479,0.0
3480,0.0
3481,0.0
3482,0.0
3483,0.0
3484,0.0
3485,0.0
3486,285.0
3487,330.0
3488,369.0
3489,349.0
3490,366.0
3491,292.0
3492,91.0
3493,112.0
3494,150.0
3495,206.0
3496,344.0
3497,431.0
3498,432.0
3499,376.0
3500,389.0
3501,299.0
3502,56.0
3503,0.0
3504,0.0
3505,0.0
3506,0.0
3507,0.0
3508,0.0
3509,0.0
3510,0.0
3511,339.0
3512,790.0
3513,589.0
3514,410.0
3515,376.0
3516,332.0
3517,318.0
3518,304.0
3519,149.0
3520,156.0
3521,433.0
3522,323.0
3523,625.0
3524,758.0
3525,507.0
3526,0.0
3527,0.0
3528,0.0
3529,0.0
3530,0.0
3531,0.0
3532,0.0
3533,0.0
3534,89.0
3535,280.0
3536,370.0
3537,364.0
3538,369.0
3539,312.0
3540,317.0
3541,327.0
3542,369.0
3543,334.0
3544,478.0
3545,674.0
3546,637.0
3547,463.0
3548,402.0
3549,323.0
3550,0.0
3551,0.0
3552,0.0
3553,0.0
3554,0.0
3555,0.0
3556,0.0
3557,102.0
3558,348.0
3559,507.0
3560,471.0
3561,364.0
3562,335.0
3563,399.0
3564,422.0
3565,413.0
3566,333.0
3567,429.0
3568,448.0
3569,380.0
3570,290.0
3571,321.0
3572,323.0
3573,299.0
3574,0.0
3575,0.0
3576,0.0
3577,0.0
3578,0.0
3579,0.0
3580,0.0
3581,104.0
3582,406.0
3583,439.0
3584,570.0
3585,716.0
3586,642.0
3587,695.0
3588,475.0
3589,373.0
3590,324.0
3591,487.0
3592,719.0
3593,681.0
3594,345.0
3595,390.0
3596,361.0
3597,341.0
3598,0.0
3599,0.0
3600,0.0
3601,0.0
3602,0.0
3603,0.0
3604,0.0
3605,99.0
3606,346.0
3607,584.0
3608,611.0
3609,480.0
3610,449.0
3611,316.0
3612,324.0
3613,369.0
3614,331.0
3615,400.0
3616,542.0
3617,488.0
3618,456.0
3619,394.0
3620,496.0
3621,420.0
3622,0.0
3623,0.0
3624,0.0
3625,0.0
3626,0.0
3627,0.0
3628,0.0
3629,85.0
3630,397.0
3631,454.0
3632,461.0
3633,610.0
3634,427.0
3635,482.0
3636,373.0
3637,284.0
3638,155.0
3639,261.0
3640,341.0
3641,398.0
3642,433.0
3643,359.0
3644,431.0
3645,280.0
3646,0.0
3647,0.0
3648,0.0
3649,0.0
3650,0.0
3651,0.0
3652,0.0
3653,0.0
3654,103.0
3655,362.0
3656,326.0
3657,341.0
3658,315.0
3659,285.0
3660,148.0
3661,139.0
3662,154.0
3663,240.0
3664,430.0
3665,775.0
3666,987.0
3667,576.0
3668,361.0
3669,332.0
3670,26.0
3671,0.0
3672,0.0
3673,0.0
3674,0.0
3675,0.0
3676,0.0
3677,0.0
3678,0.0
3679,252.0
3680,325.0
3681,395.0
3682,420.0
3683,423.0
3684,340.0
3685,326.0
3686,409.0
3687,297.0
3688,572.0
3689,648.0
3690,722.0
3691,705.0
3692,470.0
3693,353.0
3694,0.0
3695,0.0
3696,0.0
3697,0.0
3698,0.0
3699,0.0
3700,0.0
3701,258.0
3702,647.0
3703,481.0
3704,376.0
3705,583.0
3706,462.0
3707,442.0
3708,480.0
3709,360.0
3710,349.0
3711,450.0
3712,971.0
3713,842.0
3714,387.0
3715,232.0
3716,312.0
3717,267.0
3718,0.0
3719,0.0
3720,0.0
3721,0.0
3722,0.0
3723,0.0
3724,0.0
3725,135.0
3726,555.0
3727,444.0
3728,382.0
3729,337.0
3730,300.0
3731,294.0
3732,304.0
3733,297.0
3734,345.0
3735,346.0
3736,312.0
3737,482.0
3738,335.0
3739,380.0
3740,426.0
3741,416.0
3742,0.0
3743,0.0
3744,0.0
3745,0.0
3746,0.0
3747,0.0
3748,0.0
3749,105.0
3750,385.0
3751,308.0
3752,382.0
3753,380.0
3754,366.0
3755,370.0
3756,362.0
3757,336.0
3758,373.0
3759,367.0
3760,494.0
3761,584.0
3762,634.0
3763,355.0
3764,618.0
3765,411.0
3766,0.0
3767,0.0
3768,0.0
3769,0.0
3770,0.0
3771,0.0
3772,0.0
3773,153.0
3774,534.0
3775,443.0
3776,313.0
3777,319.0
3778,325.0
3779,687.0
3780,560.0
3781,384.0
3782,354.0
3783,620.0
3784,653.0
3785,513.0
3786,557.0
3787,417.0
3788,370.0
3789,270.0
3790,10.0
3791,0.0
3792,0.0
3793,0.0
3794,0.0
3795,0.0
3796,0.0
3797,145.0
3798,606.0
3799,387.0
3800,752.0
3801,615.0
3802,633.0
3803,379.0
3804,472.0
3805,394.0
3806,487.0
3807,531.0
3808,313.0
3809,355.0
3810,361.0
3811,336.0
3812,329.0
3813,312.0
3814,0.0
3815,0.0
3816,0.0
3817,0.0
3818,0.0
3819,0.0
3820,0.0
3821,0.0
3822,236.0
3823,505.0
3824,538.0
3825,441.0
3826,297.0
3827,288.0
3828,150.0
3829,155.0
3830,213.0
3831,214.0
3832,348.0
3833,682.0
3834,616.0
3835,450.0
3836,322.0
3837,307.0
3838,0.0
3839,0.0
3840,0.0
3841,0.0
3842,0.0
3843,0.0
3844,0.0
3845,0.0
3846,0.0
3847,183.0
3848,366.0
3849,460.0
3850,351.0
3851,381.0
3852,268.0
3853,0.0
3854,0.0
3855,260.0
3856,347.0
3857,390.0
3858,682.0
3859,499.0
3860,410.0
3861,328.0
3862,0.0
3863,0.0
3864,0.0
3865,0.0
3866,0.0
3867,0.0
3868,0.0
3869,115.0
3870,373.0
3871,341.0
3872,345.0
3873,360.0
3874,381.0
3875,394.0
3876,336.0
3877,322.0
3878,330.0
3879,307.0
3880,364.0
3881,302.0
3882,374.0
3883,382.0
3884,387.0
3885,383.0
3886,0.0
3887,0.0
3888,0.0
3889,0.0
3890,0.0
3891,0.0
3892,0.0
3893,104.0
3894,399.0
3895,343.0
3896,526.0
3897,439.0
3898,393.0
3899,386.0
3900,382.0
3901,330.0
3902,398.0
3903,441.0
3904,770.0
3905,600.0
3906,428.0
3907,355.0
3908,344.0
3909,312.0
3910,0.0
3911,0.0
3912,0.0
3913,0.0
3914,0.0
3915,0.0
3916,0.0
3917,290.0
3918,356.0
3919,332.0
3920,448.0
3921,401.0
3922,429.0
3923,426.0
3924,399.0
3925,694.0
3926,597.0
3927,770.0
3928,628.0
3929,596.0
3930,701.0
3931,405.0
3932,343.0
3933,261.0
3934,0.0
3935,0.0
3936,0.0
3937,0.0
3938,0.0
3939,0.0
3940,0.0
3941,8.0
3942,352.0
3943,426.0
3944,366.0
3945,372.0
3946,296.0
3947,330.0
3948,412.0
3949,367.0
3950,331.0
3951,428.0
3952,520.0
3953,578.0
3954,722.0
3955,963.0
3956,704.0
3957,745.0
3958,153.0
3959,0.0
3960,0.0
3961,0.0
3962,0.0
3963,0.0
3964,0.0
3965,86.0
3966,384.0
3967,382.0
3968,248.0
3969,335.0
3970,460.0
3971,365.0
3972,371.0
3973,429.0
3974,484.0
3975,469.0
3976,660.0
3977,848.0
3978,548.0
3979,435.0
3980,438.0
3981,298.0
3982,125.0
3983,0.0
3984,0.0
3985,0.0
3986,0.0
3987,0.0
3988,0.0
3989,0.0
3990,270.0
3991,293.0
3992,335.0
3993,359.0
3994,311.0
3995,363.0
3996,258.0
3997,265.0
3998,323.0
3999,307.0
4000,317.0
4001,328.0
4002,390.0
4003,386.0
4004,489.0
4005,482.0
4006,0.0
4007,0.0
4008,0.0
4009,0.0
4010,0.0
4011,0.0
4012,0.0
4013,0.0
4014,0.0
4015,494.0
4016,541.0
4017,675.0
4018,716.0
4019,655.0
4020,572.0
4021,319.0
4022,324.0
4023,336.0
4024,315.0
4025,390.0
4026,630.0
4027,504.0
4028,328.0
4029,186.0
4030,0.0
4031,0.0
4032,0.0
4033,0.0
4034,0.0
4035,0.0
4036,0.0
4037,95.0
4038,475.0
4039,424.0
4040,404.0
4041,356.0
4042,383.0
4043,361.0
4044,328.0
4045,337.0
4046,418.0
4047,387.0
4048,487.0
4049,369.0
4050,453.0
4051,322.0
4052,359.0
4053,296.0
4054,41.0
4055,0.0
4056,0.0
4057,0.0
4058,0.0
4059,0.0
4060,0.0
4061,253.0
4062,399.0
4063,458.0
4064,732.0
4065,599.0
4066,606.0
4067,462.0
4068,570.0
4069,402.0
4070,779.0
4071,1050.0
4072,1522.0
4073,1106.0
4074,544.0
4075,295.0
4076,323.0
4077,263.0
4078,0.0
4079,0.0
4080,0.0
4081,0.0
4082,0.0
4083,0.0
4084,0.0
4085,101.0
4086,352.0
4087,315.0
4088,431.0
4089,339.0
4090,329.0
4091,353.0
4092,340.0
4093,316.0
4094,386.0
4095,461.0
4096,522.0
4097,402.0
4098,410.0
4099,476.0
4100,494.0
4101,445.0
4102,9.0
4103,0.0
4104,0.0
4105,0.0
4106,0.0
4107,0.0
4108,0.0
4109,0.0
4110,86.0
4111,15.0
4112,96.0
4113,70.0
4114,98.0
4115,108.0
4116,142.0
4117,117.0
4118,221.0
4119,251.0
4120,377.0
4121,344.0
4122,401.0
4123,364.0
4124,368.0
4125,244.0
4126,0.0
4127,0.0
4128,0.0
4129,0.0
4130,0.0
4131,0.0
4132,0.0
4133,279.0
4134,429.0
4135,403.0
4136,613.0
4137,303.0
4138,389.0
4139,401.0
4140,231.0
4141,240.0
4142,419.0
4143,413.0
4144,521.0
4145,660.0
4146,1014.0
4147,484.0
4148,472.0
4149,525.0
4150,0.0
4151,0.0
4152,0.0
4153,0.0
4154,0.0
4155,0.0
4156,0.0
4157,0.0
4158,318.0
4159,408.0
4160,717.0
4161,515.0
4162,341.0
4163,384.0
4164,381.0
4165,266.0
4166,420.0
4167,419.0
4168,385.0
4169,953.0
4170,449.0
4171,477.0
4172,471.0
4173,503.0
4174,53.0
4175,0.0
4176,0.0
4177,0.0
4178,0.0
4179,0.0
4180,0.0
4181,0.0
4182,0.0
4183,250.0
4184,339.0
4185,476.0
4186,397.0
4187,431.0
4188,286.0
4189,301.0
4190,381.0
4191,348.0
4192,392.0
4193,553.0
4194,1356.0
4195,1131.0
4196,815.0
4197,487.0
4198,0.0
4199,0.0
4200,0.0
4201,0.0
4202,0.0
4203,0.0
4204,0.0
4205,12.0
4206,425.0
4207,392.0
4208,438.0
4209,397.0
4210,329.0
4211,319.0
4212,380.0
4213,305.0
4214,383.0
4215,486.0
4216,817.0
4217,1254.0
4218,1310.0
4219,655.0
4220,397.0
4221,377.0
4222,28.0
4223,0.0
4224,0.0
4225,0.0
4226,0.0
4227,0.0
4228,0.0
4229,16.0
4230,379.0
4231,362.0
4232,423.0
4233,348.0
4234,426.0
4235,327.0
4236,160.0
4237,384.0
4238,360.0
4239,397.0
4240,1364.0
4241,1173.0
4242,678.0
4243,522.0
4244,391.0
4245,322.0
4246,97.0
4247,0.0
4248,0.0
4249,0.0
4250,0.0
4251,0.0
4252,0.0
4253,63.0
4254,479.0
4255,454.0
4256,333.0
4257,312.0
4258,362.0
4259,304.0
4260,297.0
4261,329.0
4262,311.0
4263,331.0
4264,757.0
4265,759.0
4266,350.0
4267,348.0
4268,387.0
4269,382.0
4270,0.0
4271,0.0
4272,0.0
4273,0.0
4274,0.0
4275,0.0
4276,0.0
4277,125.0
4278,420.0
4279,367.0
4280,525.0
4281,322.0
4282,334.0
4283,325.0
4284,421.0
4285,356.0
4286,362.0
4287,415.0
4288,469.0
4289,573.0
4290,554.0
4291,388.0
4292,468.0
4293,318.0
4294,0.0
4295,0.0
4296,0.0
4297,0.0
4298,0.0
4299,0.0
4300,0.0
4301,114.0
4302,520.0
4303,531.0
4304,439.0
4305,377.0
4306,369.0
4307,325.0
4308,222.0
4309,224.0
4310,311.0
4311,297.0
4312,373.0
4313,350.0
4314,419.0
4315,307.0
4316,331.0
4317,351.0
4318,27.0
4319,0.0
4320,0.0
4321,0.0
4322,0.0
4323,0.0
4324,0.0
4325,0.0
4326,302.0
4327,426.0
4328,555.0
4329,634.0
4330,313.0
4331,374.0
4332,334.0
4333,305.0
4334,337.0
4335,383.0
4336,437.0
4337,559.0
4338,591.0
4339,341.0
4340,500.0
4341,406.0
4342,108.0
4343,0.0
4344,0.0
4345,0.0
4346,0.0
4347,0.0
4348,0.0
4349,0.0
4350,0.0
4351,169.0
4352,306.0
4353,312.0
4354,294.0
4355,229.0
4356,142.0
4357,150.0
4358,175.0
4359,155.0
4360,228.0
4361,390.0
4362,723.0
4363,631.0
4364,619.0
4365,530.0
4366,0.0
4367,0.0
4368,0.0
4369,0.0
4370,0.0
4371,0.0
4372,0.0
4373,86.0
4374,266.0
4375,541.0
4376,290.0
4377,354.0
4378,440.0
4379,295.0
4380,216.0
4381,165.0
4382,243.0
4383,209.0
4384,425.0
4385,390.0
4386,237.0
4387,259.0
4388,209.0
4389,188.0
4390,0.0
4391,0.0
4392,0.0
4393,0.0
4394,0.0
4395,0.0
4396,0.0
4397,0.0
4398,310.0
4399,351.0
4400,256.0
4401,246.0
4402,192.0
4403,155.0
4404,274.0
4405,359.0
4406,465.0
4407,343.0
4408,280.0
4409,517.0
4410,258.0
4411,179.0
4412,357.0
4413,473.0
4414,0.0
4415,0.0
4416,0.0
4417,0.0
4418,0.0
4419,0.0
4420,0.0
4421,63.0
4422,252.0
4423,221.0
4424,314.0
4425,304.0
4426,160.0
4427,269.0
4428,317.0
4429,203.0
4430,235.0
4431,567.0
4432,1075.0
4433,1072.0
4434,401.0
4435,266.0
4436,259.0
4437,171.0
4438,24.0
4439,0.0
4440,0.0
4441,0.0
4442,0.0
4443,0.0
4444,0.0
4445,57.0
4446,225.0
4447,355.0
4448,457.0
4449,535.0
4450,555.0
4451,510.0
4452,364.0
4453,162.0
4454,169.0
4455,387.0
4456,709.0
4457,545.0
4458,402.0
4459,259.0
4460,243.0
4461,275.0
4462,47.0
4463,0.0
4464,0.0
4465,0.0
4466,0.0
4467,0.0
4468,0.0
4469,0.0
4470,513.0
4471,522.0
4472,348.0
4473,286.0
4474,294.0
4475,215.0
4476,393.0
4477,395.0
4478,326.0
4479,302.0
4480,890.0
4481,1035.0
4482,523.0
4483,226.0
4484,306.0
4485,255.0
4486,0.0
4487,0.0
4488,0.0
4489,0.0
4490,0.0
4491,0.0
4492,0.0
4493,0.0
4494,144.0
4495,292.0
4496,495.0
4497,190.0
4498,186.0
4499,118.0
4500,99.0
4501,109.0
4502,235.0
4503,185.0
4504,612.0
4505,796.0
4506,578.0
4507,465.0
4508,708.0
4509,483.0
4510,0.0
4511,0.0
4512,0.0
4513,0.0
4514,0.0
4515,0.0
4516,0.0
4517,0.0
4518,0.0
4519,125.0
4520,144.0
4521,135.0
4522,136.0
4523,142.0
4524,143.0
4525,31.0
4526,16.0
4527,19.0
4528,192.0
4529,317.0
4530,482.0
4531,434.0
4532,175.0
4533,182.0
4534,54.0
4535,0.0
4536,0.0
4537,0.0
4538,0.0
4539,0.0
4540,0.0
4541,54.0
4542,307.0
4543,306.0
4544,569.0
4545,499.0
4546,372.0
4547,350.0
4548,318.0
4549,212.0
4550,151.0
4551,219.0
4552,242.0
4553,140.0
4554,277.0
4555,266.0
4556,267.0
4557,152.0
4558,0.0
4559,0.0
4560,0.0
4561,0.0
4562,0.0
4563,0.0
4564,0.0
4565,67.0
4566,274.0
4567,541.0
4568,529.0
4569,228.0
4570,203.0
4571,148.0
4572,167.0
4573,183.0
4574,166.0
4575,232.0
4576,628.0
4577,610.0
4578,711.0
4579,263.0
4580,287.0
4581,260.0
4582,32.0
4583,0.0
4584,0.0
4585,0.0
4586,0.0
4587,0.0
4588,0.0
4589,0.0
4590,512.0
4591,546.0
4592,390.0
4593,237.0
4594,236.0
4595,185.0
4596,188.0
4597,149.0
4598,185.0
4599,256.0
4600,926.0
4601,802.0
4602,370.0
4603,273.0
4604,564.0
4605,263.0
4606,14.0
4607,0.0
4608,0.0
4609,0.0
4610,0.0
4611,0.0
4612,0.0
4613,63.0
4614,276.0
4615,661.0
4616,670.0
4617,461.0
4618,261.0
4619,363.0
4620,240.0
4621,224.0
4622,229.0
4623,509.0
4624,638.0
4625,793.0
4626,512.0
4627,245.0
4628,204.0
4629,151.0
4630,31.0
4631,0.0
4632,0.0
4633,0.0
4634,0.0
4635,0.0
4636,0.0
4637,4.0
4638,294.0
4639,791.0
4640,955.0
4641,531.0
4642,391.0
4643,372.0
4644,163.0
4645,8.0
4646,222.0
4647,583.0
4648,1229.0
4649,1045.0
4650,393.0
4651,346.0
4652,306.0
4653,130.0
4654,26.0
4655,0.0
4656,0.0
4657,0.0
4658,0.0
4659,0.0
4660,0.0
4661,0.0
4662,30.0
4663,478.0
4664,732.0
4665,196.0
4666,113.0
4667,33.0
4668,0.0
4669,0.0
4670,0.0
4671,30.0
4672,176.0
4673,226.0
4674,313.0
4675,147.0
4676,230.0
4677,172.0
4678,0.0
4679,0.0
4680,0.0
4681,0.0
4682,0.0
4683,0.0
4684,0.0
4685,0.0
4686,0.0
4687,85.0
4688,152.0
4689,210.0
4690,197.0
4691,155.0
4692,133.0
4693,52.0
4694,0.0
4695,103.0
4696,349.0
4697,250.0
4698,242.0
4699,179.0
4700,350.0
4701,187.0
4702,3.0
4703,0.0
4704,0.0
4705,0.0
4706,0.0
4707,0.0
4708,0.0
4709,190.0
4710,235.0
4711,673.0
4712,993.0
4713,335.0
4714,420.0
4715,499.0
4716,517.0
4717,377.0
4718,341.0
4719,879.0
4720,1529.0
4721,1464.0
4722,1070.0
4723,847.0
4724,236.0
4725,117.0
4726,15.0
4727,0.0
4728,0.0
4729,0.0
4730,0.0
4731,0.0
4732,0.0
4733,10.0
4734,153.0
4735,209.0
4736,635.0
4737,850.0
4738,913.0
4739,944.0
4740,197.0
4741,145.0
4742,250.0
4743,348.0
4744,587.0
4745,644.0
4746,536.0
4747,174.0
4748,205.0
4749,128.0
4750,0.0
4751,0.0
4752,0.0
4753,0.0
4754,0.0
4755,0.0
4756,0.0
4757,81.0
4758,173.0
4759,143.0
4760,233.0
4761,168.0
4762,364.0
4763,362.0
4764,151.0
4765,170.0
4766,227.0
4767,509.0
4768,1178.0
4769,1094.0
4770,752.0
4771,201.0
4772,190.0
4773,140.0
4774,13.0
4775,0.0
4776,0.0
4777,0.0
4778,0.0
4779,0.0
4780,0.0
4781,73.0
4782,209.0
4783,624.0
4784,791.0
4785,215.0
4786,146.0
4787,246.0
4788,148.0
4789,158.0
4790,167.0
4791,176.0
4792,393.0
4793,327.0
4794,367.0
4795,163.0
4796,319.0
4797,219.0
4798,0.0
4799,0.0
4800,0.0
4801,0.0
4802,0.0
4803,0.0
4804,0.0
4805,50.0
4806,198.0
4807,232.0
4808,304.0
4809,153.0
4810,308.0
4811,362.0
4812,463.0
4813,514.0
4814,187.0
4815,338.0
4816,507.0
4817,282.0
4818,176.0
4819,201.0
4820,134.0
4821,155.0
4822,23.0
4823,0.0
4824,0.0
4825,0.0
4826,0.0
4827,0.0
4828,0.0
4829,0.0
4830,0.0
4831,193.0
4832,671.0
4833,851.0
4834,163.0
4835,179.0
4836,180.0
4837,193.0
4838,173.0
4839,153.0
4840,198.0
4841,428.0
4842,333.0
4843,181.0
4844,204.0
4845,180.0
4846,0.0
4847,0.0
4848,0.0
4849,0.0
4850,0.0
4851,0.0
4852,0.0
4853,0.0
4854,0.0
4855,70.0
4856,254.0
4857,185.0
4858,155.0
4859,148.0
4860,160.0
4861,89.0
4862,96.0
4863,196.0
4864,237.0
4865,249.0
4866,615.0
4867,935.0
4868,849.0
4869,243.0
4870,4.0
4871,0.0
4872,0.0
4873,0.0
4874,0.0
4875,0.0
4876,0.0
4877,78.0
4878,212.0
4879,269.0
4880,359.0
4881,192.0
4882,359.0
4883,369.0
4884,197.0
4885,209.0
4886,211.0
4887,413.0
4888,995.0
4889,731.0
4890,385.0
4891,215.0
4892,263.0
4893,344.0
4894,0.0
4895,0.0
4896,0.0
4897,0.0
4898,0.0
4899,0.0
4900,0.0
4901,55.0
4902,278.0
4903,461.0
4904,361.0
4905,257.0
4906,229.0
4907,253.0
4908,187.0
4909,207.0
4910,208.0
4911,187.0
4912,435.0
4913,456.0
4914,184.0
4915,212.0
4916,313.0
4917,172.0
4918,10.0
4919,0.0
4920,0.0
4921,0.0
4922,0.0
4923,0.0
4924,0.0
4925,63.0
4926,202.0
4927,195.0
4928,289.0
4929,155.0
4930,151.0
4931,194.0
4932,155.0
4933,181.0
4934,189.0
4935,250.0
4936,836.0
4937,1169.0
4938,784.0
4939,273.0
4940,196.0
4941,189.0
4942,0.0
4943,0.0
4944,0.0
4945,0.0
4946,0.0
4947,0.0
4948,0.0
4949,190.0
4950,303.0
4951,445.0
4952,582.0
4953,269.0
4954,326.0
4955,343.0
4956,346.0
4957,425.0
4958,533.0
4959,337.0
4960,404.0
4961,315.0
4962,229.0
4963,263.0
4964,438.0
4965,257.0
4966,0.0
4967,0.0
4968,0.0
4969,0.0
4970,0.0
4971,0.0
4972,0.0
4973,0.0
4974,217.0
4975,717.0
4976,399.0
4977,633.0
4978,312.0
4979,195.0
4980,153.0
4981,263.0
4982,241.0
4983,435.0
4984,579.0
4985,214.0
4986,363.0
4987,320.0
4988,228.0
4989,61.0
4990,15.0
4991,0.0
4992,0.0
4993,0.0
4994,0.0
4995,0.0
4996,0.0
4997,0.0
4998,0.0
4999,0.0
5000,102.0
5001,0.0
5002,0.0
5003,0.0
5004,0.0
5005,288.0
5006,85.0
5007,606.0
5008,1053.0
5009,1014.0
5010,1174.0
5011,902.0
5012,1291.0
5013,815.0
5014,227.0
5015,0.0
5016,0.0
5017,0.0
5018,0.0
5019,0.0
5020,0.0
5021,0.0
5022,40.0
5023,355.0
5024,156.0
5025,364.0
5026,420.0
5027,479.0
5028,252.0
5029,155.0
5030,170.0
5031,268.0
5032,913.0
5033,1041.0
5034,952.0
5035,751.0
5036,821.0
5037,330.0
5038,0.0
5039,0.0
5040,0.0
5041,0.0
5042,0.0
5043,0.0
5044,0.0
5045,0.0
5046,252.0
5047,414.0
5048,317.0
5049,251.0
5050,211.0
5051,196.0
5052,151.0
5053,10.0
5054,224.0
5055,223.0
5056,687.0
5057,1011.0
5058,378.0
5059,192.0
5060,190.0
5061,163.0
5062,0.0
5063,0.0
5064,0.0
5065,0.0
5066,0.0
5067,0.0
5068,0.0
5069,48.0
5070,370.0
5071,746.0
5072,217.0
5073,47.0
5074,31.0
5075,23.0
5076,139.0
5077,116.0
5078,65.0
5079,70.0
5080,188.0
5081,377.0
5082,372.0
5083,233.0
5084,328.0
5085,211.0
5086,0.0
5087,0.0
5088,0.0
5089,0.0
5090,0.0
5091,0.0
5092,0.0
5093,1.0
5094,703.0
5095,425.0
5096,406.0
5097,530.0
5098,400.0
5099,410.0
5100,164.0
5101,211.0
5102,281.0
5103,223.0
5104,328.0
5105,280.0
5106,210.0
5107,242.0
5108,257.0
5109,194.0
5110,27.0
5111,0.0
5112,0.0
5113,0.0
5114,0.0
5115,0.0
5116,0.0
5117,65.0
5118,214.0
5119,234.0
5120,254.0
5121,214.0
5122,146.0
5123,170.0
5124,171.0
5125,178.0
5126,302.0
5127,359.0
5128,847.0
5129,932.0
5130,569.0
5131,524.0
5132,421.0
5133,244.0
5134,13.0
5135,0.0
5136,0.0
5137,0.0
5138,0.0
5139,0.0
5140,0.0
5141,341.0
5142,450.0
5143,858.0
5144,627.0
5145,618.0
5146,440.0
5147,340.0
5148,226.0
5149,355.0
5150,323.0
5151,304.0
5152,448.0
5153,454.0
5154,378.0
5155,287.0
5156,287.0
5157,170.0
5158,0.0
5159,0.0
5160,0.0
5161,0.0
5162,0.0
5163,0.0
5164,0.0
5165,0.0
5166,137.0
5167,386.0
5168,514.0
5169,398.0
5170,148.0
5171,147.0
5172,0.0
5173,0.0
5174,0.0
5175,76.0
5176,241.0
5177,259.0
5178,307.0
5179,553.0
5180,743.0
5181,270.0
5182,0.0
5183,0.0
5184,0.0
5185,0.0
5186,0.0
5187,0.0
5188,0.0
5189,0.0
5190,0.0
5191,126.0
5192,204.0
5193,156.0
5194,327.0
5195,256.0
5196,319.0
5197,166.0
5198,166.0
5199,147.0
5200,151.0
5201,649.0
5202,1024.0
5203,622.0
5204,562.0
5205,133.0
5206,0.0
5207,0.0
5208,0.0
5209,0.0
5210,0.0
5211,0.0
5212,0.0
5213,17.0
5214,148.0
5215,352.0
5216,145.0
5217,146.0
5218,161.0
5219,159.0
5220,179.0
5221,214.0
5222,197.0
5223,372.0
5224,698.0
5225,1415.0
5226,640.0
5227,422.0
5228,519.0
5229,355.0
5230,57.0
5231,0.0
5232,0.0
5233,0.0
5234,0.0
5235,0.0
5236,0.0
5237,158.0
5238,593.0
5239,547.0
5240,301.0
5241,262.0
5242,342.0
5243,420.0
5244,610.0
5245,688.0
5246,150.0
5247,249.0
5248,561.0
5249,1012.0
5250,330.0
5251,174.0
5252,254.0
5253,146.0
5254,0.0
5255,0.0
5256,0.0
5257,0.0
5258,0.0
5259,0.0
5260,0.0
5261,0.0
5262,225.0
5263,366.0
5264,269.0
5265,157.0
5266,84.0
5267,0.0
5268,2.0
5269,143.0
5270,191.0
5271,139.0
5272,177.0
5273,207.0
5274,248.0
5275,154.0
5276,330.0
5277,294.0
5278,91.0
5279,0.0
5280,0.0
5281,0.0
5282,0.0
5283,0.0
5284,0.0
5285,79.0
5286,193.0
5287,630.0
5288,653.0
5289,383.0
5290,242.0
5291,401.0
5292,401.0
5293,430.0
5294,156.0
5295,181.0
5296,175.0
5297,296.0
5298,374.0
5299,261.0
5300,323.0
5301,210.0
5302,17.0
5303,0.0
5304,0.0
5305,0.0
5306,0.0
5307,0.0
5308,0.0
5309,102.0
5310,212.0
5311,330.0
5312,651.0
5313,568.0
5314,574.0
5315,636.0
5316,526.0
5317,337.0
5318,77.0
5319,42.0
5320,161.0
5321,244.0
5322,276.0
5323,499.0
5324,738.0
5325,153.0
5326,30.0
5327,0.0
5328,0.0
5329,0.0
5330,0.0
5331,0.0
5332,0.0
5333,0.0
5334,0.0
5335,74.0
5336,186.0
5337,145.0
5338,174.0
5339,157.0
5340,123.0
5341,164.0
5342,173.0
5343,160.0
5344,183.0
5345,213.0
5346,183.0
5347,191.0
5348,162.0
5349,152.0
5350,0.0
5351,0.0
5352,0.0
5353,0.0
5354,0.0
5355,0.0
5356,0.0
5357,0.0
5358,0.0
5359,25.0
5360,167.0
5361,199.0
5362,134.0
5363,367.0
5364,131.0
5365,160.0
5366,327.0
5367,399.0
5368,1325.0
5369,1450.0
5370,1202.0
5371,1188.0
5372,860.0
5373,267.0
5374,78.0
5375,0.0
5376,0.0
5377,0.0
5378,0.0
5379,0.0
5380,0.0
5381,111.0
5382,390.0
5383,498.0
5384,1016.0
5385,1010.0
5386,710.0
5387,507.0
5388,223.0
5389,171.0
5390,315.0
5391,288.0
5392,917.0
5393,807.0
5394,430.0
5395,382.0
5396,263.0
5397,199.0
5398,3.0
5399,0.0
5400,0.0
5401,0.0
5402,0.0
5403,0.0
5404,0.0
5405,83.0
5406,312.0
5407,928.0
5408,893.0
5409,609.0
5410,215.0
5411,94.0
5412,0.0
5413,0.0
5414,2.0
5415,151.0
5416,184.0
5417,154.0
5418,255.0
5419,253.0
5420,135.0
5421,112.0
5422,0.0
5423,0.0
5424,0.0
5425,0.0
5426,0.0
5427,0.0
5428,0.0
5429,84.0
5430,161.0
5431,343.0
5432,326.0
5433,213.0
5434,163.0
5435,213.0
5436,142.0
5437,169.0
5438,35.0
5439,101.0
5440,276.0
5441,385.0
5442,299.0
5443,471.0
5444,300.0
5445,187.0
5446,0.0
5447,0.0
5448,0.0
5449,0.0
5450,0.0
5451,0.0
5452,0.0
5453,54.0
5454,356.0
5455,422.0
5456,217.0
5457,185.0
5458,215.0
5459,97.0
5460,75.0
5461,70.0
5462,147.0
5463,226.0
5464,273.0
5465,391.0
5466,333.0
5467,579.0
5468,391.0
5469,170.0
5470,3.0
5471,0.0
5472,0.0
5473,0.0
5474,0.0
5475,0.0
5476,0.0
5477,85.0
5478,160.0
5479,561.0
5480,782.0
5481,510.0
5482,144.0
5483,155.0
5484,168.0
5485,153.0
5486,143.0
5487,153.0
5488,207.0
5489,146.0
5490,195.0
5491,248.0
5492,224.0
5493,296.0
5494,60.0
5495,0.0
5496,0.0
5497,0.0
5498,0.0
5499,0.0
5500,0.0
5501,0.0
5502,83.0
5503,38.0
5504,25.0
5505,18.0
5506,32.0
5507,34.0
5508,2.0
5509,153.0
5510,267.0
5511,319.0
5512,497.0
5513,536.0
5514,580.0
5515,801.0
5516,378.0
5517,138.0
5518,0.0
5519,0.0
5520,0.0
5521,0.0
5522,0.0
5523,0.0
5524,0.0
5525,0.0
5526,0.0
5527,100.0
5528,199.0
5529,156.0
5530,167.0
5531,154.0
5532,190.0
5533,176.0
5534,205.0
5535,215.0
5536,244.0
5537,360.0
5538,753.0
5539,1116.0
5540,1068.0
5541,497.0
5542,53.0
5543,0.0
5544,0.0
5545,0.0
5546,0.0
5547,0.0
5548,0.0
5549,85.0
5550,535.0
5551,708.0
5552,845.0
5553,823.0
5554,961.0
5555,972.0
5556,660.0
5557,654.0
5558,708.0
5559,621.0
5560,1127.0
5561,991.0
5562,446.0
5563,630.0
5564,407.0
5565,179.0
5566,7.0
5567,0.0
5568,0.0
5569,0.0
5570,0.0
5571,0.0
5572,0.0
5573,0.0
5574,313.0
5575,610.0
5576,598.0
5577,434.0
5578,304.0
5579,182.0
5580,140.0
5581,147.0
5582,240.0
5583,165.0
5584,192.0
5585,199.0
5586,200.0
5587,188.0
5588,148.0
5589,187.0
5590,0.0
5591,0.0
5592,0.0
5593,0.0
5594,0.0
5595,0.0
5596,0.0
5597,123.0
5598,454.0
5599,379.0
5600,506.0
5601,183.0
5602,153.0
5603,242.0
5604,158.0
5605,505.0
5606,486.0
5607,484.0
5608,629.0
5609,515.0
5610,677.0
5611,334.0
5612,168.0
5613,286.0
5614,53.0
5615,0.0
5616,0.0
5617,0.0
5618,0.0
5619,0.0
5620,0.0
5621,198.0
5622,490.0
5623,588.0
5624,983.0
5625,352.0
5626,300.0
5627,656.0
5628,288.0
5629,183.0
5630,302.0
5631,173.0
5632,223.0
5633,408.0
5634,713.0
5635,492.0
5636,241.0
5637,137.0
5638,0.0
5639,0.0
5640,0.0
5641,0.0
5642,0.0
5643,0.0
5644,0.0
5645,65.0
5646,204.0
5647,198.0
5648,227.0
5649,313.0
5650,396.0
5651,294.0
5652,363.0
5653,487.0
5654,412.0
5655,186.0
5656,197.0
5657,722.0
5658,596.0
5659,368.0
5660,232.0
5661,189.0
5662,22.0
5663,0.0
5664,0.0
5665,0.0
5666,0.0
5667,0.0
5668,0.0
5669,82.0
5670,297.0
5671,162.0
5672,169.0
5673,179.0
5674,235.0
5675,224.0
5676,257.0
5677,148.0
5678,175.0
5679,161.0
5680,168.0
5681,329.0
5682,258.0
5683,435.0
5684,344.0
5685,155.0
5686,112.0
5687,18.0
5688,0.0
5689,0.0
5690,0.0
5691,0.0
5692,0.0
5693,0.0
5694,0.0
5695,0.0
5696,157.0
5697,156.0
5698,151.0
5699,286.0
5700,145.0
5701,118.0
5702,244.0
5703,576.0
5704,715.0
5705,784.0
5706,801.0
5707,1066.0
5708,298.0
5709,155.0
5710,0.0
5711,0.0
5712,0.0
5713,0.0
5714,0.0
5715,0.0
5716,0.0
5717,0.0
5718,0.0
5719,279.0
5720,316.0
5721,202.0
5722,210.0
5723,191.0
5724,313.0
5725,346.0
5726,256.0
5727,368.0
5728,820.0
5729,392.0
5730,476.0
5731,873.0
5732,635.0
5733,238.0
5734,12.0
5735,0.0
5736,0.0
5737,0.0
5738,0.0
5739,0.0
5740,67.0
5741,151.0
5742,251.0
5743,206.0
5744,144.0
5745,242.0
5746,250.0
5747,140.0
5748,144.0
5749,153.0
5750,347.0
5751,219.0
5752,495.0
5753,789.0
5754,985.0
5755,987.0
5756,438.0
5757,150.0
5758,0.0
5759,0.0
5760,0.0
5761,0.0
5762,0.0
5763,0.0
5764,0.0
5765,12.0
5766,377.0
5767,689.0
5768,649.0
5769,273.0
5770,408.0
5771,200.0
5772,225.0
5773,155.0
5774,200.0
5775,234.0
5776,186.0
5777,254.0
5778,179.0
5779,355.0
5780,240.0
5781,154.0
5782,4.0
5783,0.0
5784,0.0
5785,0.0
5786,0.0
5787,0.0
5788,0.0
5789,63.0
5790,274.0
5791,196.0
5792,171.0
5793,161.0
5794,207.0
5795,207.0
5796,216.0
5797,181.0
5798,160.0
5799,236.0
5800,200.0
5801,310.0
5802,457.0
5803,475.0
5804,168.0
5805,197.0
5806,34.0
5807,0.0
5808,0.0
5809,0.0
5810,0.0
5811,0.0
5812,0.0
5813,37.0
5814,30.0
5815,167.0
5816,142.0
5817,144.0
5818,151.0
5819,140.0
5820,183.0
5821,224.0
5822,227.0
5823,178.0
5824,214.0
5825,317.0
5826,309.0
5827,344.0
5828,416.0
5829,315.0
5830,244.0
5831,0.0
5832,0.0
5833,0.0
5834,0.0
5835,0.0
5836,0.0
5837,19.0
5838,156.0
5839,280.0
5840,363.0
5841,296.0
5842,141.0
5843,144.0
5844,179.0
5845,198.0
5846,148.0
5847,225.0
5848,169.0
5849,460.0
5850,488.0
5851,460.0
5852,241.0
5853,182.0
5854,31.0
5855,0.0
5856,0.0
5857,0.0
5858,0.0
5859,0.0
5860,0.0
5861,0.0
5862,0.0
5863,121.0
5864,158.0
5865,149.0
5866,145.0
5867,86.0
5868,0.0
5869,0.0
5870,0.0
5871,266.0
5872,365.0
5873,341.0
5874,504.0
5875,1129.0
5876,621.0
5877,269.0
5878,73.0
5879,0.0
5880,0.0
5881,0.0
5882,0.0
5883,0.0
5884,0.0
5885,54.0
5886,204.0
5887,139.0
5888,142.0
5889,151.0
5890,180.0
5891,164.0
5892,234.0
5893,331.0
5894,279.0
5895,295.0
5896,624.0
5897,483.0
5898,260.0
5899,819.0
5900,265.0
5901,396.0
5902,3.0
5903,0.0
5904,0.0
5905,0.0
5906,0.0
5907,0.0
5908,0.0
5909,53.0
5910,172.0
5911,221.0
5912,160.0
5913,142.0
5914,218.0
5915,147.0
5916,155.0
5917,148.0
5918,220.0
5919,166.0
5920,675.0
5921,204.0
5922,240.0
5923,648.0
5924,389.0
5925,318.0
5926,77.0
5927,0.0
5928,0.0
5929,0.0
5930,0.0
5931,0.0
5932,99.0
5933,139.0
5934,358.0
5935,433.0
5936,387.0
5937,277.0
5938,208.0
5939,160.0
5940,186.0
5941,145.0
5942,234.0
5943,158.0
5944,225.0
5945,156.0
5946,226.0
5947,594.0
5948,347.0
5949,174.0
5950,0.0
5951,0.0
5952,0.0
5953,0.0
5954,0.0
5955,0.0
5956,0.0
5957,133.0
5958,470.0
5959,151.0
5960,269.0
5961,205.0
5962,189.0
5963,243.0
5964,224.0
5965,218.0
5966,204.0
5967,340.0
5968,711.0
5969,149.0
5970,227.0
5971,171.0
5972,198.0
5973,206.0
5974,36.0
5975,0.0
5976,0.0
5977,0.0
5978,0.0
5979,0.0
5980,0.0
5981,96.0
5982,156.0
5983,166.0
5984,168.0
5985,164.0
5986,204.0
5987,179.0
5988,149.0
5989,183.0
5990,161.0
5991,264.0
5992,290.0
5993,616.0
5994,903.0
5995,957.0
5996,214.0
5997,232.0
5998,67.0
5999,50.0
6000,0.0
6001,0.0
6002,0.0
6003,0.0
6004,0.0
6005,0.0
6006,225.0
6007,227.0
6008,245.0
6009,316.0
6010,314.0
6011,172.0
6012,175.0
6013,187.0
6014,192.0
6015,179.0
6016,170.0
6017,257.0
6018,646.0
6019,443.0
6020,194.0
6021,161.0
6022,0.0
6023,0.0
6024,0.0
6025,0.0
6026,0.0
6027,0.0
6028,0.0
6029,0.0
6030,0.0
6031,92.0
6032,203.0
6033,147.0
6034,0.0
6035,71.0
6036,109.0
6037,0.0
6038,0.0
6039,116.0
6040,261.0
6041,406.0
6042,1304.0
6043,1150.0
6044,245.0
6045,233.0
6046,0.0
6047,0.0
6048,0.0
6049,0.0
6050,0.0
6051,0.0
6052,0.0
6053,68.0
6054,257.0
6055,359.0
6056,217.0
6057,258.0
6058,392.0
6059,362.0
6060,443.0
6061,520.0
6062,519.0
6063,671.0
6064,1550.0
6065,837.0
6066,1548.0
6067,780.0
6068,257.0
6069,138.0
6070,3.0
6071,0.0
6072,0.0
6073,0.0
6074,0.0
6075,0.0
6076,0.0
6077,0.0
6078,283.0
6079,360.0
6080,358.0
6081,53.0
6082,136.0
6083,178.0
6084,249.0
6085,268.0
6086,147.0
6087,141.0
6088,507.0
6089,442.0
6090,453.0
6091,525.0
6092,363.0
6093,245.0
6094,0.0
6095,13.0
6096,0.0
6097,0.0
6098,0.0
6099,0.0
6100,0.0
6101,54.0
6102,468.0
6103,436.0
6104,548.0
6105,260.0
6106,282.0
6107,159.0
6108,193.0
6109,240.0
6110,171.0
6111,485.0
6112,701.0
6113,1067.0
6114,1121.0
6115,920.0
6116,161.0
6117,122.0
6118,0.0
6119,42.0
6120,0.0
6121,0.0
6122,0.0
6123,0.0
6124,0.0
6125,50.0
6126,142.0
6127,267.0
6128,451.0
6129,278.0
6130,196.0
6131,225.0
6132,221.0
6133,226.0
6134,418.0
6135,357.0
6136,351.0
6137,361.0
6138,904.0
6139,741.0
6140,248.0
6141,148.0
6142,0.0
6143,0.0
6144,0.0
6145,0.0
6146,0.0
6147,0.0
6148,0.0
6149,79.0
6150,167.0
6151,270.0
6152,138.0
6153,124.0
6154,165.0
6155,225.0
6156,166.0
6157,197.0
6158,223.0
6159,487.0
6160,254.0
6161,281.0
6162,562.0
6163,456.0
6164,174.0
6165,186.0
6166,16.0
6167,0.0
6168,0.0
6169,0.0
6170,0.0
6171,0.0
6172,0.0
6173,24.0
6174,168.0
6175,244.0
6176,290.0
6177,322.0
6178,323.0
6179,195.0
6180,181.0
6181,163.0
6182,156.0
6183,154.0
6184,268.0
6185,686.0
6186,690.0
6187,222.0
6188,240.0
6189,150.0
6190,0.0
6191,0.0
6192,0.0
6193,0.0
6194,0.0
6195,0.0
6196,0.0
6197,0.0
6198,0.0
6199,0.0
6200,5.0
6201,382.0
6202,146.0
6203,168.0
6204,174.0
6205,162.0
6206,244.0
6207,415.0
6208,546.0
6209,780.0
6210,1397.0
6211,1409.0
6212,609.0
6213,285.0
6214,43.0
6215,0.0
6216,0.0
6217,0.0
6218,0.0
6219,0.0
6220,0.0
6221,136.0
6222,699.0
6223,1105.0
6224,1065.0
6225,371.0
6226,283.0
6227,176.0
6228,152.0
6229,181.0
6230,191.0
6231,192.0
6232,209.0
6233,378.0
6234,334.0
6235,209.0
6236,162.0
6237,231.0
6238,0.0
6239,0.0
6240,0.0
6241,0.0
6242,0.0
6243,0.0
6244,0.0
6245,324.0
6246,778.0
6247,1058.0
6248,959.0
6249,704.0
6250,525.0
6251,502.0
6252,353.0
6253,191.0
6254,209.0
6255,324.0
6256,179.0
6257,674.0
6258,996.0
6259,1112.0
6260,205.0
6261,193.0
6262,40.0
6263,0.0
6264,0.0
6265,0.0
6266,0.0
6267,0.0
6268,0.0
6269,62.0
6270,269.0
6271,424.0
6272,227.0
6273,369.0
6274,818.0
6275,773.0
6276,601.0
6277,365.0
6278,408.0
6279,355.0
6280,193.0
6281,186.0
6282,517.0
6283,212.0
6284,373.0
6285,215.0
6286,64.0
6287,0.0
6288,0.0
6289,0.0
6290,0.0
6291,0.0
6292,0.0
6293,147.0
6294,619.0
6295,479.0
6296,648.0
6297,572.0
6298,415.0
6299,250.0
6300,170.0
6301,254.0
6302,160.0
6303,361.0
6304,751.0
6305,587.0
6306,568.0
6307,670.0
6308,557.0
6309,432.0
6310,9.0
6311,0.0
6312,0.0
6313,0.0
6314,0.0
6315,0.0
6316,0.0
6317,0.0
6318,49.0
6319,278.0
6320,207.0
6321,168.0
6322,280.0
6323,168.0
6324,197.0
6325,253.0
6326,153.0
6327,325.0
6328,383.0
6329,378.0
6330,1033.0
6331,691.0
6332,393.0
6333,232.0
6334,0.0
6335,0.0
6336,0.0
6337,0.0
6338,0.0
6339,0.0
6340,0.0
6341,0.0
6342,259.0
6343,265.0
6344,484.0
6345,577.0
6346,560.0
6347,323.0
6348,423.0
6349,380.0
6350,231.0
6351,219.0
6352,631.0
6353,751.0
6354,990.0
6355,268.0
6356,203.0
6357,255.0
6358,213.0
6359,0.0
6360,0.0
6361,0.0
6362,0.0
6363,0.0
6364,0.0
6365,0.0
6366,0.0
6367,176.0
6368,545.0
6369,397.0
6370,148.0
6371,113.0
6372,6.0
6373,14.0
6374,0.0
6375,66.0
6376,74.0
6377,232.0
6378,458.0
6379,188.0
6380,196.0
6381,246.0
6382,0.0
6383,0.0
6384,0.0
6385,0.0
6386,0.0
6387,0.0
6388,0.0
6389,123.0
6390,457.0
6391,338.0
6392,162.0
6393,172.0
6394,206.0
6395,175.0
6396,178.0
6397,155.0
6398,158.0
6399,166.0
6400,172.0
6401,1166.0
6402,1932.0
6403,886.0
6404,191.0
6405,216.0
6406,48.0
6407,0.0
6408,0.0
6409,0.0
6410,0.0
6411,0.0
6412,0.0
6413,93.0
6414,890.0
6415,840.0
6416,137.0
6417,148.0
6418,151.0
6419,151.0
6420,156.0
6421,165.0
6422,209.0
6423,192.0
6424,191.0
6425,172.0
6426,171.0
6427,166.0
6428,183.0
6429,181.0
6430,21.0
6431,0.0
6432,0.0
6433,0.0
6434,0.0
6435,0.0
6436,0.0
6437,199.0
6438,414.0
6439,206.0
6440,186.0
6441,229.0
6442,163.0
6443,143.0
6444,156.0
6445,170.0
6446,155.0
6447,174.0
6448,521.0
6449,1043.0
6450,1481.0
6451,745.0
6452,263.0
6453,218.0
6454,0.0
6455,0.0
6456,0.0
6457,0.0
6458,0.0
6459,0.0
6460,0.0
6461,56.0
6462,284.0
6463,168.0
6464,264.0
6465,23.0
6466,0.0
6467,31.0
6468,71.0
6469,37.0
6470,61.0
6471,45.0
6472,146.0
6473,206.0
6474,867.0
6475,284.0
6476,249.0
6477,155.0
6478,0.0
6479,0.0
6480,0.0
6481,0.0
6482,0.0
6483,0.0
6484,0.0
6485,101.0
6486,670.0
6487,878.0
6488,526.0
6489,249.0
6490,168.0
6491,148.0
6492,146.0
6493,167.0
6494,158.0
6495,145.0
6496,185.0
6497,178.0
6498,552.0
6499,177.0
6500,173.0
6501,137.0
6502,6.0
6503,0.0
6504,0.0
6505,0.0
6506,0.0
6507,0.0
6508,0.0
6509,0.0
6510,64.0
6511,114.0
6512,161.0
6513,146.0
6514,171.0
6515,167.0
6516,161.0
6517,143.0
6518,162.0
6519,166.0
6520,256.0
6521,261.0
6522,764.0
6523,326.0
6524,170.0
6525,143.0
6526,45.0
6527,0.0
6528,0.0
6529,0.0
6530,0.0
6531,0.0
6532,0.0
6533,0.0
6534,0.0
6535,4.0
6536,93.0
6537,174.0
6538,247.0
6539,184.0
6540,187.0
6541,117.0
6542,51.0
6543,63.0
6544,77.0
6545,161.0
6546,231.0
6547,147.0
6548,205.0
6549,89.0
6550,0.0
6551,0.0
6552,0.0
6553,0.0
6554,0.0
6555,0.0
6556,0.0
6557,158.0
6558,521.0
6559,412.0
6560,259.0
6561,164.0
6562,199.0
6563,161.0
6564,197.0
6565,123.0
6566,217.0
6567,267.0
6568,740.0
6569,738.0
6570,527.0
6571,206.0
6572,140.0
6573,163.0
6574,40.0
6575,0.0
6576,0.0
6577,0.0
6578,0.0
6579,0.0
6580,0.0
6581,0.0
6582,0.0
6583,128.0
6584,139.0
6585,144.0
6586,144.0
6587,164.0
6588,144.0
6589,170.0
6590,190.0
6591,169.0
6592,250.0
6593,679.0
6594,1221.0
6595,556.0
6596,539.0
6597,234.0
6598,43.0
6599,0.0
6600,68.0
6601,0.0
6602,0.0
6603,0.0
6604,0.0
6605,46.0
6606,286.0
6607,418.0
6608,137.0
6609,157.0
6610,167.0
6611,138.0
6612,144.0
6613,162.0
6614,231.0
6615,150.0
6616,664.0
6617,1150.0
6618,1410.0
6619,674.0
6620,184.0
6621,282.0
6622,0.0
6623,0.0
6624,0.0
6625,0.0
6626,0.0
6627,0.0
6628,0.0
6629,35.0
6630,195.0
6631,173.0
6632,196.0
6633,275.0
6634,136.0
6635,175.0
6636,139.0
6637,156.0
6638,177.0
6639,162.0
6640,860.0
6641,1077.0
6642,1196.0
6643,590.0
6644,408.0
6645,491.0
6646,29.0
6647,0.0
6648,0.0
6649,0.0
6650,0.0
6651,0.0
6652,0.0
6653,220.0
6654,501.0
6655,470.0
6656,281.0
6657,175.0
6658,153.0
6659,184.0
6660,393.0
6661,302.0
6662,234.0
6663,184.0
6664,508.0
6665,1238.0
6666,1266.0
6667,431.0
6668,161.0
6669,147.0
6670,0.0
6671,0.0
6672,0.0
6673,0.0
6674,0.0
6675,0.0
6676,0.0
6677,0.0
6678,23.0
6679,150.0
6680,309.0
6681,402.0
6682,269.0
6683,222.0
6684,140.0
6685,142.0
6686,144.0
6687,211.0
6688,248.0
6689,438.0
6690,869.0
6691,286.0
6692,148.0
6693,199.0
6694,36.0
6695,0.0
6696,0.0
6697,0.0
6698,0.0
6699,0.0
6700,0.0
6701,0.0
6702,0.0
6703,148.0
6704,218.0
6705,155.0
6706,188.0
6707,81.0
6708,2.0
6709,119.0
6710,282.0
6711,252.0
6712,161.0
6713,355.0
6714,482.0
6715,166.0
6716,0.0
6717,13.0
6718,0.0
6719,0.0
6720,0.0
6721,0.0
6722,0.0
6723,0.0
6724,0.0
6725,150.0
6726,461.0
6727,544.0
6728,807.0
6729,432.0
6730,296.0
6731,270.0
6732,348.0
6733,278.0
6734,353.0
6735,181.0
6736,174.0
6737,349.0
6738,448.0
6739,485.0
6740,462.0
6741,388.0
6742,25.0
6743,0.0
6744,0.0
6745,0.0
6746,0.0
6747,0.0
6748,0.0
6749,0.0
6750,398.0
6751,218.0
6752,260.0
6753,330.0
6754,315.0
6755,266.0
6756,334.0
6757,270.0
6758,267.0
6759,389.0
6760,550.0
6761,1162.0
6762,814.0
6763,531.0
6764,297.0
6765,296.0
6766,34.0
6767,0.0
6768,0.0
6769,0.0
6770,0.0
6771,0.0
6772,0.0
6773,169.0
6774,476.0
6775,227.0
6776,377.0
6777,515.0
6778,482.0
6779,546.0
6780,472.0
6781,246.0
6782,169.0
6783,541.0
6784,498.0
6785,1109.0
6786,1115.0
6787,692.0
6788,390.0
6789,181.0
6790,0.0
6791,0.0
6792,0.0
6793,0.0
6794,0.0
6795,0.0
6796,0.0
6797,131.0
6798,497.0
6799,322.0
6800,201.0
6801,202.0
6802,273.0
6803,200.0
6804,176.0
6805,157.0
6806,369.0
6807,289.0
6808,516.0
6809,1561.0
6810,1348.0
6811,1108.0
6812,430.0
6813,159.0
6814,108.0
6815,0.0
6816,0.0
6817,0.0
6818,0.0
6819,0.0
6820,0.0
6821,0.0
6822,192.0
6823,146.0
6824,256.0
6825,141.0
6826,388.0
6827,145.0
6828,242.0
6829,199.0
6830,254.0
6831,431.0
6832,641.0
6833,593.0
6834,587.0
6835,260.0
6836,32.0
6837,34.0
6838,0.0
6839,0.0
6840,0.0
6841,0.0
6842,0.0
6843,0.0
6844,0.0
6845,66.0
6846,155.0
6847,253.0
6848,660.0
6849,794.0
6850,379.0
6851,162.0
6852,201.0
6853,159.0
6854,153.0
6855,140.0
6856,159.0
6857,372.0
6858,663.0
6859,668.0
6860,428.0
6861,500.0
6862,73.0
6863,0.0
6864,0.0
6865,0.0
6866,0.0
6867,0.0
6868,0.0
6869,0.0
6870,0.0
6871,212.0
6872,640.0
6873,761.0
6874,649.0
6875,864.0
6876,437.0
6877,458.0
6878,437.0
6879,254.0
6880,285.0
6881,1128.0
6882,1336.0
6883,213.0
6884,183.0
6885,92.0
6886,0.0
6887,0.0
6888,0.0
6889,0.0
6890,0.0
6891,0.0
6892,0.0
6893,125.0
6894,341.0
6895,193.0
6896,314.0
6897,184.0
6898,177.0
6899,176.0
6900,185.0
6901,223.0
6902,316.0
6903,337.0
6904,924.0
6905,1492.0
6906,1290.0
6907,320.0
6908,173.0
6909,177.0
6910,35.0
6911,0.0
6912,0.0
6913,0.0
6914,0.0
6915,0.0
6916,0.0
6917,23.0
6918,526.0
6919,623.0
6920,223.0
6921,196.0
6922,157.0
6923,146.0
6924,201.0
6925,193.0
6926,220.0
6927,241.0
6928,375.0
6929,1124.0
6930,393.0
6931,479.0
6932,274.0
6933,406.0
6934,0.0
6935,0.0
6936,0.0
6937,0.0
6938,0.0
6939,0.0
6940,0.0
6941,62.0
6942,280.0
6943,225.0
6944,174.0
6945,155.0
6946,202.0
6947,171.0
6948,182.0
6949,241.0
6950,313.0
6951,177.0
6952,288.0
6953,1047.0
6954,196.0
6955,215.0
6956,253.0
6957,181.0
6958,0.0
6959,0.0
6960,0.0
6961,0.0
6962,0.0
6963,0.0
6964,0.0
6965,72.0
6966,595.0
6967,551.0
6968,352.0
6969,61.0
6970,84.0
6971,137.0
6972,137.0
6973,153.0
6974,149.0
6975,169.0
6976,576.0
6977,1222.0
6978,1076.0
6979,445.0
6980,171.0
6981,140.0
6982,13.0
6983,0.0
6984,0.0
6985,0.0
6986,0.0
6987,0.0
6988,0.0
6989,52.0
6990,421.0
6991,367.0
6992,401.0
6993,180.0
6994,137.0
6995,147.0
6996,170.0
6997,200.0
6998,215.0
6999,172.0
7000,523.0
7001,1456.0
7002,1480.0
7003,555.0
7004,213.0
7005,129.0
7006,8.0
7007,0.0
7008,0.0
7009,0.0
7010,0.0
7011,0.0
7012,0.0
7013,0.0
7014,154.0
7015,197.0
7016,271.0
7017,149.0
7018,135.0
7019,128.0
7020,0.0
7021,26.0
7022,24.0
7023,232.0
7024,600.0
7025,1715.0
7026,1440.0
7027,530.0
7028,252.0
7029,192.0
7030,0.0
7031,0.0
7032,0.0
7033,0.0
7034,0.0
7035,0.0
7036,0.0
7037,0.0
7038,0.0
7039,133.0
7040,162.0
7041,169.0
7042,150.0
7043,144.0
7044,6.0
7045,69.0
7046,96.0
7047,13.0
7048,231.0
7049,1082.0
7050,758.0
7051,48.0
7052,152.0
7053,115.0
7054,0.0
7055,0.0
7056,0.0
7057,0.0
7058,0.0
7059,0.0
7060,0.0
7061,67.0
7062,319.0
7063,257.0
7064,257.0
7065,176.0
7066,169.0
7067,179.0
7068,211.0
7069,174.0
7070,208.0
7071,223.0
7072,282.0
7073,1015.0
7074,705.0
7075,218.0
7076,172.0
7077,150.0
7078,15.0
7079,0.0
7080,0.0
7081,0.0
7082,0.0
7083,0.0
7084,0.0
7085,89.0
7086,308.0
7087,237.0
7088,480.0
7089,387.0
7090,416.0
7091,423.0
7092,198.0
7093,205.0
7094,164.0
7095,207.0
7096,317.0
7097,698.0
7098,726.0
7099,316.0
7100,258.0
7101,158.0
7102,0.0
7103,0.0
7104,0.0
7105,0.0
7106,0.0
7107,0.0
7108,0.0
7109,56.0
7110,639.0
7111,698.0
7112,378.0
7113,330.0
7114,246.0
7115,186.0
7116,242.0
7117,211.0
7118,27.0
7119,312.0
7120,606.0
7121,1073.0
7122,381.0
7123,256.0
7124,217.0
7125,186.0
7126,0.0
7127,0.0
7128,0.0
7129,0.0
7130,0.0
7131,0.0
7132,0.0
7133,66.0
7134,644.0
7135,347.0
7136,306.0
7137,360.0
7138,316.0
7139,179.0
7140,286.0
7141,241.0
7142,416.0
7143,168.0
7144,621.0
7145,1074.0
7146,337.0
7147,413.0
7148,134.0
7149,147.0
7150,0.0
7151,0.0
7152,0.0
7153,0.0
7154,0.0
7155,0.0
7156,0.0
7157,78.0
7158,294.0
7159,475.0
7160,506.0
7161,269.0
7162,203.0
7163,152.0
7164,120.0
7165,153.0
7166,187.0
7167,146.0
7168,251.0
7169,366.0
7170,340.0
7171,411.0
7172,239.0
7173,245.0
7174,56.0
7175,0.0
7176,0.0
7177,0.0
7178,0.0
7179,0.0
7180,0.0
7181,18.0
7182,156.0
7183,379.0
7184,329.0
7185,169.0
7186,273.0
7187,173.0
7188,33.0
7189,207.0
7190,33.0
7191,106.0
7192,358.0
7193,999.0
7194,575.0
7195,232.0
7196,264.0
7197,21.0
7198,0.0
7199,0.0
7200,0.0
7201,0.0
7202,0.0
7203,0.0
7204,0.0
7205,0.0
7206,0.0
7207,1.0
7208,118.0
7209,175.0
7210,163.0
7211,214.0
7212,115.0
7213,93.0
7214,67.0
7215,201.0
7216,278.0
7217,1130.0
7218,955.0
7219,539.0
7220,141.0
7221,161.0
7222,118.0
7223,62.0
7224,52.0
7225,0.0
7226,0.0
7227,0.0
7228,0.0
7229,0.0
7230,0.0
7231,363.0
7232,201.0
7233,174.0
7234,136.0
7235,147.0
7236,230.0
7237,193.0
7238,229.0
7239,460.0
7240,525.0
7241,1488.0
7242,1430.0
7243,425.0
7244,194.0
7245,256.0
7246,354.0
7247,37.0
7248,0.0
7249,0.0
7250,0.0
7251,0.0
7252,0.0
7253,0.0
7254,12.0
7255,506.0
7256,602.0
7257,283.0
7258,250.0
7259,199.0
7260,177.0
7261,153.0
7262,171.0
7263,402.0
7264,557.0
7265,1490.0
7266,1273.0
7267,518.0
7268,251.0
7269,245.0
7270,266.0
7271,48.0
7272,0.0
7273,0.0
7274,0.0
7275,0.0
7276,0.0
7277,0.0
7278,48.0
7279,195.0
7280,134.0
7281,138.0
7282,139.0
7283,248.0
7284,258.0
7285,173.0
7286,214.0
7287,160.0
7288,276.0
7289,726.0
7290,395.0
7291,254.0
7292,233.0
7293,179.0
7294,267.0
7295,20.0
7296,0.0
7297,0.0
7298,0.0
7299,0.0
7300,0.0
7301,0.0
7302,53.0
7303,159.0
7304,226.0
7305,277.0
7306,171.0
7307,250.0
7308,294.0
7309,211.0
7310,116.0
7311,352.0
7312,647.0
7313,894.0
7314,732.0
7315,208.0
7316,198.0
7317,223.0
7318,200.0
7319,23.0
7320,0.0
7321,0.0
7322,0.0
7323,0.0
7324,0.0
7325,0.0
7326,60.0
7327,435.0
7328,138.0
7329,298.0
7330,305.0
7331,239.0
7332,151.0
7333,152.0
7334,186.0
7335,408.0
7336,705.0
7337,1206.0
7338,680.0
7339,137.0
7340,171.0
7341,226.0
7342,125.0
7343,0.0
7344,0.0
7345,0.0
7346,0.0
7347,0.0
7348,0.0
7349,0.0
7350,0.0
7351,122.0
7352,86.0
7353,8.0
7354,43.0
7355,54.0
7356,16.0
7357,33.0
7358,6.0
7359,258.0
7360,528.0
7361,682.0
7362,609.0
7363,332.0
7364,432.0
7365,355.0
7366,333.0
7367,72.0
7368,0.0
7369,0.0
7370,0.0
7371,0.0
7372,0.0
7373,0.0
7374,0.0
7375,37.0
7376,378.0
7377,443.0
7378,454.0
7379,233.0
7380,465.0
7381,239.0
7382,131.0
7383,330.0
7384,921.0
7385,1598.0
7386,1051.0
7387,515.0
7388,196.0
7389,262.0
7390,164.0
7391,112.0
7392,0.0
7393,0.0
7394,0.0
7395,0.0
7396,0.0
7397,0.0
7398,57.0
7399,194.0
7400,213.0
7401,299.0
7402,181.0
7403,168.0
7404,299.0
7405,209.0
7406,320.0
7407,739.0
7408,1180.0
7409,1226.0
7410,1020.0
7411,250.0
7412,204.0
7413,223.0
7414,168.0
7415,18.0
7416,101.0
7417,0.0
7418,0.0
7419,0.0
7420,0.0
7421,0.0
7422,62.0
7423,282.0
7424,261.0
7425,235.0
7426,203.0
7427,273.0
7428,201.0
7429,211.0
7430,140.0
7431,316.0
7432,382.0
7433,714.0
7434,335.0
7435,197.0
7436,131.0
7437,193.0
7438,67.0
7439,0.0
7440,0.0
7441,0.0
7442,0.0
7443,0.0
7444,0.0
7445,0.0
7446,53.0
7447,160.0
7448,144.0
7449,191.0
7450,209.0
7451,161.0
7452,514.0
7453,246.0
7454,181.0
7455,505.0
7456,453.0
7457,1176.0
7458,990.0
7459,369.0
7460,353.0
7461,369.0
7462,292.0
7463,6.0
7464,0.0
7465,0.0
7466,0.0
7467,0.0
7468,0.0
7469,0.0
7470,51.0
7471,289.0
7472,444.0
7473,224.0
7474,222.0
7475,200.0
7476,369.0
7477,296.0
7478,147.0
7479,376.0
7480,767.0
7481,960.0
7482,388.0
7483,213.0
7484,148.0
7485,141.0
7486,152.0
7487,38.0
7488,3.0
7489,0.0
7490,0.0
7491,0.0
7492,0.0
7493,0.0
7494,54.0
7495,213.0
7496,149.0
7497,139.0
7498,147.0
7499,144.0
7500,143.0
7501,174.0
7502,139.0
7503,363.0
7504,392.0
7505,700.0
7506,703.0
7507,204.0
7508,271.0
7509,220.0
7510,249.0
7511,0.0
7512,0.0
7513,0.0
7514,0.0
7515,0.0
7516,0.0
7517,0.0
7518,39.0
7519,299.0
7520,478.0
7521,366.0
7522,168.0
7523,209.0
7524,224.0
7525,159.0
7526,151.0
7527,381.0
7528,689.0
7529,1378.0
7530,797.0
7531,391.0
7532,267.0
7533,256.0
7534,409.0
7535,37.0
7536,0.0
7537,0.0
7538,0.0
7539,0.0
7540,0.0
7541,0.0
7542,0.0
7543,0.0
7544,127.0
7545,244.0
7546,233.0
7547,73.0
7548,5.0
7549,4.0
7550,17.0
7551,330.0
7552,604.0
7553,1261.0
7554,872.0
7555,156.0
7556,201.0
7557,158.0
7558,153.0
7559,0.0
7560,0.0
7561,0.0
7562,0.0
7563,0.0
7564,0.0
7565,0.0
7566,44.0
7567,153.0
7568,163.0
7569,158.0
7570,135.0
7571,160.0
7572,168.0
7573,217.0
7574,218.0
7575,456.0
7576,513.0
7577,794.0
7578,481.0
7579,418.0
7580,266.0
7581,265.0
7582,228.0
7583,0.0
7584,5.0
7585,0.0
7586,0.0
7587,0.0
7588,0.0
7589,0.0
7590,73.0
7591,281.0
7592,219.0
7593,146.0
7594,165.0
7595,169.0
7596,173.0
7597,198.0
7598,231.0
7599,439.0
7600,854.0
7601,1232.0
7602,799.0
7603,189.0
7604,226.0
7605,196.0
7606,137.0
7607,100.0
7608,44.0
7609,0.0
7610,0.0
7611,0.0
7612,0.0
7613,0.0
7614,58.0
7615,248.0
7616,485.0
7617,575.0
7618,166.0
7619,154.0
7620,152.0
7621,151.0
7622,234.0
7623,424.0
7624,789.0
7625,1139.0
7626,1098.0
7627,597.0
7628,452.0
7629,351.0
7630,251.0
7631,153.0
7632,121.0
7633,0.0
7634,0.0
7635,0.0
7636,0.0
7637,0.0
7638,481.0
7639,579.0
7640,222.0
7641,235.0
7642,193.0
7643,101.0
7644,29.0
7645,48.0
7646,26.0
7647,207.0
7648,528.0
7649,866.0
7650,1010.0
7651,193.0
7652,340.0
7653,180.0
7654,243.0
7655,62.0
7656,0.0
7657,0.0
7658,0.0
7659,0.0
7660,0.0
7661,0.0
7662,81.0
7663,268.0
7664,268.0
7665,307.0
7666,276.0
7667,224.0
7668,137.0
7669,257.0
7670,273.0
7671,329.0
7672,906.0
7673,1208.0
7674,415.0
7675,263.0
7676,172.0
7677,265.0
7678,175.0
7679,10.0
7680,0.0
7681,0.0
7682,0.0
7683,0.0
7684,0.0
7685,0.0
7686,0.0
7687,172.0
7688,266.0
7689,245.0
7690,259.0
7691,140.0
7692,169.0
7693,72.0
7694,0.0
7695,157.0
7696,658.0
7697,937.0
7698,755.0
7699,157.0
7700,155.0
7701,204.0
7702,129.0
7703,37.0
7704,0.0
7705,0.0
7706,0.0
7707,0.0
7708,0.0
7709,0.0
7710,0.0
7711,0.0
7712,179.0
7713,201.0
7714,326.0
7715,164.0
7716,168.0
7717,236.0
7718,7.0
7719,363.0
7720,751.0
7721,1165.0
7722,1051.0
7723,244.0
7724,180.0
7725,215.0
7726,146.0
7727,0.0
7728,0.0
7729,0.0
7730,0.0
7731,0.0
7732,0.0
7733,0.0
7734,56.0
7735,218.0
7736,229.0
7737,249.0
7738,166.0
7739,194.0
7740,160.0
7741,329.0
7742,168.0
7743,337.0
7744,522.0
7745,711.0
7746,787.0
7747,229.0
7748,162.0
7749,302.0
7750,196.0
7751,0.0
7752,0.0
7753,0.0
7754,0.0
7755,0.0
7756,0.0
7757,0.0
7758,57.0
7759,237.0
7760,188.0
7761,181.0
7762,191.0
7763,182.0
7764,213.0
7765,278.0
7766,148.0
7767,341.0
7768,507.0
7769,1078.0
7770,988.0
7771,385.0
7772,329.0
7773,425.0
7774,245.0
7775,0.0
7776,0.0
7777,0.0
7778,0.0
7779,0.0
7780,0.0
7781,0.0
7782,0.0
7783,156.0
7784,315.0
7785,385.0
7786,201.0
7787,227.0
7788,238.0
7789,149.0
7790,179.0
7791,544.0
7792,1005.0
7793,972.0
7794,1271.0
7795,688.0
7796,306.0
7797,270.0
7798,345.0
7799,0.0
7800,0.0
7801,0.0
7802,0.0
7803,0.0
7804,0.0
7805,0.0
7806,85.0
7807,335.0
7808,460.0
7809,462.0
7810,138.0
7811,251.0
7812,191.0
7813,135.0
7814,144.0
7815,881.0
7816,1739.0
7817,1574.0
7818,1479.0
7819,1028.0
7820,222.0
7821,269.0
7822,142.0
7823,0.0
7824,0.0
7825,0.0
7826,0.0
7827,0.0
7828,0.0
7829,0.0
7830,46.0
7831,156.0
7832,177.0
7833,242.0
7834,183.0
7835,173.0
7836,185.0
7837,208.0
7838,206.0
7839,534.0
7840,845.0
7841,1022.0
7842,725.0
7843,131.0
7844,293.0
7845,233.0
7846,172.0
7847,40.0
7848,0.0
7849,0.0
7850,0.0
7851,0.0
7852,0.0
7853,0.0
7854,0.0
7855,0.0
7856,216.0
7857,263.0
7858,360.0
7859,296.0
7860,171.0
7861,143.0
7862,183.0
7863,299.0
7864,517.0
7865,949.0
7866,499.0
7867,199.0
7868,241.0
7869,234.0
7870,268.0
7871,3.0
7872,0.0
7873,0.0
7874,0.0
7875,0.0
7876,0.0
7877,0.0
7878,0.0
7879,0.0
7880,130.0
7881,138.0
7882,213.0
7883,185.0
7884,200.0
7885,201.0
7886,164.0
7887,306.0
7888,970.0
7889,893.0
7890,664.0
7891,192.0
7892,250.0
7893,238.0
7894,272.0
7895,0.0
7896,0.0
7897,0.0
7898,0.0
7899,0.0
7900,0.0
7901,0.0
7902,94.0
7903,511.0
7904,491.0
7905,886.0
7906,750.0
7907,574.0
7908,466.0
7909,308.0
7910,254.0
7911,583.0
7912,1057.0
7913,1406.0
7914,975.0
7915,445.0
7916,172.0
7917,145.0
7918,173.0
7919,0.0
7920,0.0
7921,0.0
7922,0.0
7923,0.0
7924,0.0
7925,0.0
7926,57.0
7927,137.0
7928,169.0
7929,159.0
7930,164.0
7931,152.0
7932,151.0
7933,162.0
7934,147.0
7935,408.0
7936,601.0
7937,525.0
7938,419.0
7939,250.0
7940,189.0
7941,263.0
7942,238.0
7943,0.0
7944,0.0
7945,0.0
7946,0.0
7947,0.0
7948,0.0
7949,0.0
7950,0.0
7951,99.0
7952,148.0
7953,159.0
7954,159.0
7955,138.0
7956,292.0
7957,156.0
7958,183.0
7959,316.0
7960,770.0
7961,923.0
7962,340.0
7963,301.0
7964,390.0
7965,238.0
7966,278.0
7967,21.0
7968,0.0
7969,0.0
7970,0.0
7971,0.0
7972,0.0
7973,0.0
7974,407.0
7975,292.0
7976,369.0
7977,485.0
7978,275.0
7979,134.0
7980,184.0
7981,146.0
7982,147.0
7983,304.0
7984,564.0
7985,597.0
7986,268.0
7987,152.0
7988,162.0
7989,168.0
7990,186.0
7991,0.0
7992,0.0
7993,0.0
7994,0.0
7995,0.0
7996,0.0
7997,0.0
7998,119.0
7999,218.0
8000,142.0
8001,187.0
8002,256.0
8003,268.0
8004,290.0
8005,320.0
8006,264.0
8007,512.0
8008,575.0
8009,1175.0
8010,641.0
8011,474.0
8012,436.0
8013,329.0
8014,329.0
8015,168.0
8016,122.0
8017,145.0
8018,0.0
8019,0.0
8020,0.0
8021,0.0
8022,50.0
8023,359.0
8024,468.0
8025,508.0
8026,441.0
8027,244.0
8028,146.0
8029,142.0
8030,146.0
8031,189.0
8032,693.0
8033,1461.0
8034,1198.0
8035,518.0
8036,188.0
8037,172.0
8038,159.0
8039,18.0
8040,124.0
8041,0.0
8042,0.0
8043,0.0
8044,0.0
8045,0.0
8046,0.0
8047,0.0
8048,469.0
8049,139.0
8050,147.0
8051,10.0
8052,0.0
8053,0.0
8054,0.0
8055,256.0
8056,478.0
8057,1047.0
8058,623.0
8059,105.0
8060,134.0
8061,193.0
8062,150.0
8063,0.0
8064,0.0
8065,0.0
8066,0.0
8067,0.0
8068,0.0
8069,0.0
8070,81.0
8071,446.0
8072,163.0
8073,317.0
8074,168.0
8075,177.0
8076,139.0
8077,140.0
8078,275.0
8079,198.0
8080,920.0
8081,1704.0
8082,1865.0
8083,873.0
8084,346.0
8085,247.0
8086,167.0
8087,0.0
8088,0.0
8089,0.0
8090,0.0
8091,0.0
8092,0.0
8093,0.0
8094,37.0
8095,314.0
8096,142.0
8097,150.0
8098,132.0
8099,180.0
8100,229.0
8101,296.0
8102,236.0
8103,847.0
8104,1244.0
8105,1479.0
8106,1416.0
8107,743.0
8108,22.0
8109,244.0
8110,191.0
8111,0.0
8112,0.0
8113,0.0
8114,0.0
8115,0.0
8116,0.0
8117,0.0
8118,52.0
8119,152.0
8120,150.0
8121,139.0
8122,177.0
8123,175.0
8124,205.0
8125,240.0
8126,308.0
8127,553.0
8128,1266.0
8129,1579.0
8130,1070.0
8131,653.0
8132,181.0
8133,210.0
8134,158.0
8135,0.0
8136,61.0
8137,0.0
8138,0.0
8139,0.0
8140,0.0
8141,0.0
8142,58.0
8143,167.0
8144,119.0
8145,220.0
8146,125.0
8147,174.0
8148,148.0
8149,171.0
8150,232.0
8151,172.0
8152,449.0
8153,1232.0
8154,1068.0
8155,875.0
8156,346.0
8157,348.0
8158,309.0
8159,248.0
8160,0.0
8161,0.0
8162,0.0
8163,0.0
8164,0.0
8165,0.0
8166,142.0
8167,231.0
8168,319.0
8169,312.0
8170,263.0
8171,148.0
8172,204.0
8173,111.0
8174,450.0
8175,196.0
8176,654.0
8177,1306.0
8178,605.0
8179,341.0
8180,396.0
8181,281.0
8182,222.0
8183,0.0
8184,0.0
8185,0.0
8186,0.0
8187,0.0
8188,0.0
8189,0.0
8190,0.0
8191,164.0
8192,239.0
8193,135.0
8194,167.0
8195,365.0
8196,806.0
8197,569.0
8198,824.0
8199,486.0
8200,704.0
8201,1186.0
8202,769.0
8203,438.0
8204,439.0
8205,417.0
8206,195.0
8207,118.0
8208,64.0
8209,0.0
8210,0.0
8211,0.0
8212,0.0
8213,0.0
8214,0.0
8215,2.0
8216,123.0
8217,195.0
8218,147.0
8219,197.0
8220,170.0
8221,156.0
8222,224.0
8223,440.0
8224,1148.0
8225,1646.0
8226,1440.0
8227,1075.0
8228,236.0
8229,273.0
8230,239.0
8231,0.0
8232,0.0
8233,0.0
8234,0.0
8235,0.0
8236,0.0
8237,0.0
8238,0.0
8239,272.0
8240,253.0
8241,253.0
8242,355.0
8243,218.0
8244,202.0
8245,155.0
8246,145.0
8247,254.0
8248,1242.0
8249,1446.0
8250,1333.0
8251,438.0
8252,206.0
8253,178.0
8254,133.0
8255,1.0
8256,0.0
8257,0.0
8258,0.0
8259,0.0
8260,0.0
8261,0.0
8262,79.0
8263,455.0
8264,348.0
8265,147.0
8266,101.0
8267,0.0
8268,116.0
8269,333.0
8270,144.0
8271,303.0
8272,734.0
8273,939.0
8274,302.0
8275,285.0
8276,173.0
8277,202.0
8278,253.0
8279,3.0
8280,0.0
8281,0.0
8282,0.0
8283,0.0
8284,0.0
8285,0.0
8286,119.0
8287,230.0
8288,429.0
8289,158.0
8290,173.0
8291,157.0
8292,147.0
8293,145.0
8294,153.0
8295,147.0
8296,470.0
8297,393.0
8298,152.0
8299,306.0
8300,147.0
8301,215.0
8302,156.0
8303,0.0
8304,0.0
8305,0.0
8306,0.0
8307,0.0
8308,0.0
8309,0.0
8310,0.0
8311,255.0
8312,169.0
8313,154.0
8314,142.0
8315,255.0
8316,198.0
8317,177.0
8318,147.0
8319,449.0
8320,837.0
8321,680.0
8322,1001.0
8323,486.0
8324,316.0
8325,225.0
8326,167.0
8327,36.0
8328,0.0
8329,0.0
8330,0.0
8331,0.0
8332,0.0
8333,0.0
8334,310.0
8335,466.0
8336,573.0
8337,426.0
8338,153.0
8339,173.0
8340,202.0
8341,144.0
8342,149.0
8343,354.0
8344,980.0
8345,1038.0
8346,632.0
8347,142.0
8348,146.0
8349,244.0
8350,140.0
8351,0.0
8352,0.0
8353,0.0
8354,0.0
8355,0.0
8356,0.0
8357,0.0
8358,0.0
8359,0.0
8360,0.0
8361,13.0
8362,52.0
8363,171.0
8364,225.0
8365,194.0
8366,356.0
8367,526.0
8368,1341.0
8369,1828.0
8370,1582.0
8371,424.0
8372,266.0
8373,165.0
8374,192.0
8375,43.0
8376,0.0
8377,0.0
8378,0.0
8379,0.0
8380,0.0
8381,0.0
8382,0.0
8383,82.0
8384,142.0
8385,224.0
8386,176.0
8387,246.0
8388,168.0
8389,168.0
8390,142.0
8391,144.0
8392,840.0
8393,1526.0
8394,851.0
8395,213.0
8396,172.0
8397,165.0
8398,144.0
8399,0.0
8400,0.0
8401,0.0
8402,0.0
8403,0.0
8404,0.0
8405,0.0
8406,126.0
8407,370.0
8408,229.0
8409,260.0
8410,145.0
8411,187.0
8412,170.0
8413,242.0
8414,150.0
8415,384.0
8416,292.0
8417,165.0
8418,149.0
8419,129.0
8420,157.0
8421,162.0
8422,179.0
8423,0.0
8424,0.0
8425,0.0
8426,0.0
8427,0.0
8428,0.0
8429,0.0
8430,20.0
8431,222.0
8432,182.0
8433,175.0
8434,150.0
8435,196.0
8436,189.0
8437,219.0
8438,216.0
8439,302.0
8440,1129.0
8441,1541.0
8442,1282.0
8443,620.0
8444,373.0
8445,302.0
8446,158.0
8447,26.0
8448,54.0
8449,0.0
8450,0.0
8451,0.0
8452,0.0
8453,0.0
8454,56.0
8455,350.0
8456,335.0
8457,403.0
8458,257.0
8459,150.0
8460,211.0
8461,281.0
8462,171.0
8463,209.0
8464,525.0
8465,1058.0
8466,388.0
8467,206.0
8468,276.0
8469,240.0
8470,160.0
8471,2.0
8472,0.0
8473,0.0
8474,0.0
8475,0.0
8476,0.0
8477,0.0
8478,54.0
8479,215.0
8480,436.0
8481,251.0
8482,157.0
8483,207.0
8484,149.0
8485,254.0
8486,186.0
8487,148.0
8488,799.0
8489,1281.0
8490,799.0
8491,325.0
8492,277.0
8493,70.0
8494,21.0
8495,0.0
8496,0.0
8497,0.0
8498,0.0
8499,0.0
8500,0.0
8501,0.0
8502,2.0
8503,196.0
8504,375.0
8505,647.0
8506,534.0
8507,355.0
8508,160.0
8509,166.0
8510,157.0
8511,191.0
8512,456.0
8513,1344.0
8514,499.0
8515,306.0
8516,225.0
8517,149.0
8518,129.0
8519,88.0
8520,177.0
8521,30.0
8522,0.0
8523,0.0
8524,0.0
8525,0.0
8526,0.0
8527,11.0
8528,28.0
8529,65.0
8530,143.0
8531,145.0
8532,154.0
8533,164.0
8534,172.0
8535,207.0
8536,551.0
8537,1433.0
8538,1150.0
8539,281.0
8540,198.0
8541,262.0
8542,395.0
8543,156.0
8544,101.0
8545,0.0
8546,0.0
8547,0.0
8548,0.0
8549,0.0
8550,0.0
8551,0.0
8552,114.0
8553,220.0
8554,160.0
8555,143.0
8556,139.0
8557,151.0
8558,145.0
8559,149.0
8560,506.0
8561,1353.0
8562,551.0
8563,271.0
8564,228.0
8565,340.0
8566,175.0
8567,23.0
8568,82.0
8569,0.0
8570,0.0
8571,0.0
8572,0.0
8573,0.0
8574,0.0
8575,119.0
8576,152.0
8577,138.0
8578,139.0
8579,144.0
8580,148.0
8581,149.0
8582,183.0
8583,174.0
8584,383.0
8585,1346.0
8586,548.0
8587,464.0
8588,436.0
8589,263.0
8590,145.0
8591,54.0
8592,16.0
8593,0.0
8594,0.0
8595,0.0
8596,0.0
8597,0.0
8598,0.0
8599,0.0
8600,134.0
8601,169.0
8602,134.0
8603,289.0
8604,908.0
8605,1171.0
8606,435.0
8607,151.0
8608,415.0
8609,176.0
8610,157.0
8611,150.0
8612,177.0
8613,200.0
8614,149.0
8615,0.0
8616,0.0
8617,0.0
8618,0.0
8619,0.0
8620,0.0
8621,0.0
8622,0.0
8623,5.0
8624,156.0
8625,140.0
8626,134.0
8627,152.0
8628,146.0
8629,137.0
8630,0.0
8631,120.0
8632,410.0
8633,1355.0
8634,542.0
8635,284.0
8636,209.0
8637,206.0
8638,173.0
8639,19.0
8640,0.0
8641,0.0
8642,0.0
8643,0.0
8644,0.0
8645,0.0
8646,61.0
8647,154.0
8648,158.0
8649,145.0
8650,157.0
8651,146.0
8652,141.0
8653,156.0
8654,248.0
8655,226.0
8656,851.0
8657,1747.0
8658,979.0
8659,433.0
8660,243.0
8661,207.0
8662,186.0
8663,0.0
8664,0.0
8665,0.0
8666,0.0
8667,0.0
8668,0.0
8669,0.0
8670,0.0
8671,48.0
8672,110.0
8673,148.0
8674,146.0
8675,194.0
8676,226.0
8677,215.0
8678,293.0
8679,316.0
8680,1088.0
8681,1573.0
8682,1494.0
8683,416.0
8684,141.0
8685,193.0
8686,179.0
8687,36.0
8688,0.0
8689,0.0
8690,0.0
8691,0.0
8692,0.0
8693,0.0
8694,0.0
8695,0.0
8696,17.0
8697,234.0
8698,242.0
8699,187.0
8700,223.0
8701,253.0
8702,243.0
8703,595.0
8704,730.0
8705,1959.0
8706,1488.0
8707,710.0
8708,223.0
8709,142.0
8710,159.0
8711,58.0
8712,3.0
8713,0.0
8714,0.0
8715,0.0
8716,0.0
8717,0.0
8718,0.0
8719,0.0
8720,122.0
8721,140.0
8722,151.0
8723,185.0
8724,176.0
8725,193.0
8726,143.0
8727,215.0
8728,442.0
8729,942.0
8730,367.0
8731,209.0
8732,215.0
8733,170.0
8734,132.0
8735,0.0
8736,0.0
8737,0.0
8738,0.0
8739,0.0
8740,0.0
8741,0.0
8742,0.0
8743,123.0
8744,205.0
8745,222.0
8746,208.0
8747,264.0
8748,160.0
8749,156.0
8750,141.0
8751,146.0
8752,111.0
8753,247.0
8754,153.0
8755,170.0
8756,170.0
8757,150.0
8758,127.0
8759,0.0
