Actual Or Estimated Wind And Solar Power Generation (B1630),,,,,
Time Series ID,Business Type,PSR Type,Settlement  Date,Settlement Period,Quantity (MW)
NGET-EMFIP-AGWS-TS-00197562,Wind generation,Wind Onshore,03/03/2018,48,3586.859
NGET-EMFIP-AGWS-TS-00197561,Wind generation,Wind Offshore,03/03/2018,48,2134.647
NGET-EMFIP-AGWS-TS-00197560,Solar generation,Solar,03/03/2018,48,0
NGET-EMFIP-AGWS-TS-00197559,Wind generation,Wind Onshore,03/03/2018,47,3672.884
NGET-EMFIP-AGWS-TS-00197558,Wind generation,Wind Offshore,03/03/2018,47,2223.797
NGET-EMFIP-AGWS-TS-00197557,Solar generation,Solar,03/03/2018,47,0
NGET-EMFIP-AGWS-TS-00197556,Wind generation,Wind Onshore,03/03/2018,46,3778.012
NGET-EMFIP-AGWS-TS-00197555,Wind generation,Wind Offshore,03/03/2018,46,2260.113
NGET-EMFIP-AGWS-TS-00197554,Solar generation,Solar,03/03/2018,46,0
NGET-EMFIP-AGWS-TS-00197553,Wind generation,Wind Onshore,03/03/2018,45,3806.482
NGET-EMFIP-AGWS-TS-00197552,Wind generation,Wind Offshore,03/03/2018,45,2409.435
NGET-EMFIP-AGWS-TS-00197551,Solar generation,Solar,03/03/2018,45,3
NGET-EMFIP-AGWS-TS-00197550,Wind generation,Wind Onshore,03/03/2018,44,3725.342
NGET-EMFIP-AGWS-TS-00197549,Wind generation,Wind Offshore,03/03/2018,44,2581.702
NGET-EMFIP-AGWS-TS-00197548,Solar generation,Solar,03/03/2018,44,5
NGET-EMFIP-AGWS-TS-00197547,Wind generation,Wind Onshore,03/03/2018,43,3822.295
NGET-EMFIP-AGWS-TS-00197546,Wind generation,Wind Offshore,03/03/2018,43,2608.789
NGET-EMFIP-AGWS-TS-00197545,Solar generation,Solar,03/03/2018,43,4
NGET-EMFIP-AGWS-TS-00197544,Wind generation,Wind Onshore,03/03/2018,42,3963.213
NGET-EMFIP-AGWS-TS-00197543,Wind generation,Wind Offshore,03/03/2018,42,2506.677
NGET-EMFIP-AGWS-TS-00197542,Solar generation,Solar,03/03/2018,42,4
NGET-EMFIP-AGWS-TS-00197541,Wind generation,Wind Onshore,03/03/2018,41,3989.898
NGET-EMFIP-AGWS-TS-00197540,Wind generation,Wind Offshore,03/03/2018,41,2598.272
NGET-EMFIP-AGWS-TS-00197539,Solar generation,Solar,03/03/2018,41,0
NGET-EMFIP-AGWS-TS-00197535,Wind generation,Wind Onshore,03/03/2018,40,4001.745
NGET-EMFIP-AGWS-TS-00197534,Wind generation,Wind Offshore,03/03/2018,40,2609.801
NGET-EMFIP-AGWS-TS-00197533,Solar generation,Solar,03/03/2018,40,0
NGET-EMFIP-AGWS-TS-00197532,Wind generation,Wind Onshore,03/03/2018,39,4157.773
NGET-EMFIP-AGWS-TS-00197531,Wind generation,Wind Offshore,03/03/2018,39,2818.696
NGET-EMFIP-AGWS-TS-00197530,Solar generation,Solar,03/03/2018,39,1
NGET-EMFIP-AGWS-TS-00197529,Wind generation,Wind Onshore,03/03/2018,38,4181.236
NGET-EMFIP-AGWS-TS-00197528,Wind generation,Wind Offshore,03/03/2018,38,2736.036
NGET-EMFIP-AGWS-TS-00197527,Solar generation,Solar,03/03/2018,38,1
NGET-EMFIP-AGWS-TS-00197526,Wind generation,Wind Onshore,03/03/2018,37,4100.678
NGET-EMFIP-AGWS-TS-00197525,Wind generation,Wind Offshore,03/03/2018,37,2617.021
NGET-EMFIP-AGWS-TS-00197524,Solar generation,Solar,03/03/2018,37,5
NGET-EMFIP-AGWS-TS-00197523,Wind generation,Wind Onshore,03/03/2018,36,4138.734
NGET-EMFIP-AGWS-TS-00197522,Wind generation,Wind Offshore,03/03/2018,36,2536.872
NGET-EMFIP-AGWS-TS-00197521,Solar generation,Solar,03/03/2018,36,11
NGET-EMFIP-AGWS-TS-00197520,Wind generation,Wind Onshore,03/03/2018,35,4098.751
NGET-EMFIP-AGWS-TS-00197519,Wind generation,Wind Offshore,03/03/2018,35,2531.437
NGET-EMFIP-AGWS-TS-00197518,Solar generation,Solar,03/03/2018,35,58
NGET-EMFIP-AGWS-TS-00197517,Wind generation,Wind Onshore,03/03/2018,34,4120.693
NGET-EMFIP-AGWS-TS-00197516,Wind generation,Wind Offshore,03/03/2018,34,2545.804
NGET-EMFIP-AGWS-TS-00197515,Solar generation,Solar,03/03/2018,34,189
NGET-EMFIP-AGWS-TS-00197514,Wind generation,Wind Onshore,03/03/2018,33,4111.138
NGET-EMFIP-AGWS-TS-00197513,Wind generation,Wind Offshore,03/03/2018,33,2365.854
NGET-EMFIP-AGWS-TS-00197512,Solar generation,Solar,03/03/2018,33,389
NGET-EMFIP-AGWS-TS-00197511,Wind generation,Wind Onshore,03/03/2018,32,4101.679
NGET-EMFIP-AGWS-TS-00197510,Wind generation,Wind Offshore,03/03/2018,32,2238.66
NGET-EMFIP-AGWS-TS-00197509,Solar generation,Solar,03/03/2018,32,590
NGET-EMFIP-AGWS-TS-00197508,Wind generation,Wind Onshore,03/03/2018,31,4122.158
NGET-EMFIP-AGWS-TS-00197507,Wind generation,Wind Offshore,03/03/2018,31,2211.193
NGET-EMFIP-AGWS-TS-00197506,Solar generation,Solar,03/03/2018,31,856
NGET-EMFIP-AGWS-TS-00197505,Wind generation,Wind Onshore,03/03/2018,30,4179.553
NGET-EMFIP-AGWS-TS-00197504,Wind generation,Wind Offshore,03/03/2018,30,2087.497
NGET-EMFIP-AGWS-TS-00197503,Solar generation,Solar,03/03/2018,30,1010
NGET-EMFIP-AGWS-TS-00197502,Wind generation,Wind Onshore,03/03/2018,29,4214.251
NGET-EMFIP-AGWS-TS-00197501,Wind generation,Wind Offshore,03/03/2018,29,1974.762
NGET-EMFIP-AGWS-TS-00197500,Solar generation,Solar,03/03/2018,29,1220
NGET-EMFIP-AGWS-TS-00197499,Wind generation,Wind Onshore,03/03/2018,28,4427.763
NGET-EMFIP-AGWS-TS-00197498,Wind generation,Wind Offshore,03/03/2018,28,1961.703
NGET-EMFIP-AGWS-TS-00197497,Solar generation,Solar,03/03/2018,28,1410
NGET-EMFIP-AGWS-TS-00197496,Wind generation,Wind Onshore,03/03/2018,27,4614.255
NGET-EMFIP-AGWS-TS-00197495,Wind generation,Wind Offshore,03/03/2018,27,2012.502
NGET-EMFIP-AGWS-TS-00197494,Solar generation,Solar,03/03/2018,27,2944
NGET-EMFIP-AGWS-TS-00197493,Wind generation,Wind Onshore,03/03/2018,26,4629.828
NGET-EMFIP-AGWS-TS-00197492,Wind generation,Wind Offshore,03/03/2018,26,2001.204
NGET-EMFIP-AGWS-TS-00197491,Solar generation,Solar,03/03/2018,26,1720
NGET-EMFIP-AGWS-TS-00197490,Wind generation,Wind Onshore,03/03/2018,25,4785.306
NGET-EMFIP-AGWS-TS-00197489,Wind generation,Wind Offshore,03/03/2018,25,2031.532
NGET-EMFIP-AGWS-TS-00197488,Solar generation,Solar,03/03/2018,25,1780
NGET-EMFIP-AGWS-TS-00197487,Wind generation,Wind Onshore,03/03/2018,24,4802.301
NGET-EMFIP-AGWS-TS-00197486,Wind generation,Wind Offshore,03/03/2018,24,2087.302
NGET-EMFIP-AGWS-TS-00197485,Solar generation,Solar,03/03/2018,24,1680
NGET-EMFIP-AGWS-TS-00197487,Wind generation,Wind Onshore,03/03/2018,,4902.0355
NGET-EMFIP-AGWS-TS-00197486,Wind generation,Wind Offshore,03/03/2018,,2128.8135
NGET-EMFIP-AGWS-TS-00197485,Solar generation,Solar,03/03/2018,,1565
NGET-EMFIP-AGWS-TS-00197481,Wind generation,Wind Onshore,03/03/2018,22,5001.77
NGET-EMFIP-AGWS-TS-00197480,Wind generation,Wind Offshore,03/03/2018,22,2170.325
NGET-EMFIP-AGWS-TS-00197479,Solar generation,Solar,03/03/2018,22,1450
NGET-EMFIP-AGWS-TS-00197459,Wind generation,Wind Onshore,03/03/2018,21,4974.531
NGET-EMFIP-AGWS-TS-00197458,Wind generation,Wind Offshore,03/03/2018,21,2128.565
NGET-EMFIP-AGWS-TS-00197457,Solar generation,Solar,03/03/2018,21,1260
NGET-EMFIP-AGWS-TS-00197456,Wind generation,Wind Onshore,03/03/2018,20,5004.128
NGET-EMFIP-AGWS-TS-00197455,Wind generation,Wind Offshore,03/03/2018,20,2182.989
NGET-EMFIP-AGWS-TS-00197454,Solar generation,Solar,03/03/2018,20,874
NGET-EMFIP-AGWS-TS-00197453,Wind generation,Wind Onshore,03/03/2018,19,4871.029
NGET-EMFIP-AGWS-TS-00197452,Wind generation,Wind Offshore,03/03/2018,19,2207.929
NGET-EMFIP-AGWS-TS-00197451,Solar generation,Solar,03/03/2018,19,590
NGET-EMFIP-AGWS-TS-00197450,Wind generation,Wind Onshore,03/03/2018,18,5038.108
NGET-EMFIP-AGWS-TS-00197449,Wind generation,Wind Offshore,03/03/2018,18,2234.199
NGET-EMFIP-AGWS-TS-00197448,Solar generation,Solar,03/03/2018,18,394
NGET-EMFIP-AGWS-TS-00197447,Wind generation,Wind Onshore,03/03/2018,17,5077.849
NGET-EMFIP-AGWS-TS-00197446,Wind generation,Wind Offshore,03/03/2018,17,2258.997
NGET-EMFIP-AGWS-TS-00197445,Solar generation,Solar,03/03/2018,17,239
NGET-EMFIP-AGWS-TS-00197444,Wind generation,Wind Onshore,03/03/2018,16,5119.427
NGET-EMFIP-AGWS-TS-00197443,Wind generation,Wind Offshore,03/03/2018,16,2291.472
NGET-EMFIP-AGWS-TS-00197442,Solar generation,Solar,03/03/2018,16,109
NGET-EMFIP-AGWS-TS-00197441,Wind generation,Wind Onshore,03/03/2018,15,5109.251
NGET-EMFIP-AGWS-TS-00197440,Wind generation,Wind Offshore,03/03/2018,15,2324.049
NGET-EMFIP-AGWS-TS-00197439,Solar generation,Solar,03/03/2018,15,36
NGET-EMFIP-AGWS-TS-00197428,Wind generation,Wind Onshore,03/03/2018,14,5058.142
NGET-EMFIP-AGWS-TS-00197427,Wind generation,Wind Offshore,03/03/2018,14,2308.109
NGET-EMFIP-AGWS-TS-00197426,Solar generation,Solar,03/03/2018,14,0
NGET-EMFIP-AGWS-TS-00197425,Wind generation,Wind Onshore,03/03/2018,13,4977.38
NGET-EMFIP-AGWS-TS-00197424,Wind generation,Wind Offshore,03/03/2018,13,2283.514
NGET-EMFIP-AGWS-TS-00197423,Solar generation,Solar,03/03/2018,13,0
NGET-EMFIP-AGWS-TS-00197422,Wind generation,Wind Onshore,03/03/2018,12,4990.348
NGET-EMFIP-AGWS-TS-00197421,Wind generation,Wind Offshore,03/03/2018,12,2257.183
NGET-EMFIP-AGWS-TS-00197420,Solar generation,Solar,03/03/2018,12,0
NGET-EMFIP-AGWS-TS-00197419,Wind generation,Wind Onshore,03/03/2018,11,5080.556
NGET-EMFIP-AGWS-TS-00197418,Wind generation,Wind Offshore,03/03/2018,11,2250.249
NGET-EMFIP-AGWS-TS-00197417,Solar generation,Solar,03/03/2018,11,0
NGET-EMFIP-AGWS-TS-00197416,Wind generation,Wind Onshore,03/03/2018,10,5118.549
NGET-EMFIP-AGWS-TS-00197415,Wind generation,Wind Offshore,03/03/2018,10,2264.119
NGET-EMFIP-AGWS-TS-00197414,Solar generation,Solar,03/03/2018,10,0
NGET-EMFIP-AGWS-TS-00197413,Wind generation,Wind Onshore,03/03/2018,9,5205.793
NGET-EMFIP-AGWS-TS-00197412,Wind generation,Wind Offshore,03/03/2018,9,2241.099
NGET-EMFIP-AGWS-TS-00197411,Solar generation,Solar,03/03/2018,9,0
NGET-EMFIP-AGWS-TS-00197410,Wind generation,Wind Onshore,03/03/2018,8,5207.087
NGET-EMFIP-AGWS-TS-00197409,Wind generation,Wind Offshore,03/03/2018,8,2275.236
NGET-EMFIP-AGWS-TS-00197408,Solar generation,Solar,03/03/2018,8,0
NGET-EMFIP-AGWS-TS-00197407,Wind generation,Wind Onshore,03/03/2018,7,5272.467
NGET-EMFIP-AGWS-TS-00197406,Wind generation,Wind Offshore,03/03/2018,7,2361.377
NGET-EMFIP-AGWS-TS-00197405,Solar generation,Solar,03/03/2018,7,0
NGET-EMFIP-AGWS-TS-00197404,Wind generation,Wind Onshore,03/03/2018,6,5363.539
NGET-EMFIP-AGWS-TS-00197403,Wind generation,Wind Offshore,03/03/2018,6,2386.124
NGET-EMFIP-AGWS-TS-00197402,Solar generation,Solar,03/03/2018,6,0
NGET-EMFIP-AGWS-TS-00197401,Wind generation,Wind Onshore,03/03/2018,5,5322.354
NGET-EMFIP-AGWS-TS-00197400,Wind generation,Wind Offshore,03/03/2018,5,2376.457
NGET-EMFIP-AGWS-TS-00197399,Solar generation,Solar,03/03/2018,5,0
NGET-EMFIP-AGWS-TS-00197398,Wind generation,Wind Onshore,03/03/2018,4,5442.487
NGET-EMFIP-AGWS-TS-00197397,Wind generation,Wind Offshore,03/03/2018,4,2438.722
NGET-EMFIP-AGWS-TS-00197396,Solar generation,Solar,03/03/2018,4,0
NGET-EMFIP-AGWS-TS-00197395,Wind generation,Wind Onshore,03/03/2018,3,5571.202
NGET-EMFIP-AGWS-TS-00197394,Wind generation,Wind Offshore,03/03/2018,3,2571.939
NGET-EMFIP-AGWS-TS-00197393,Solar generation,Solar,03/03/2018,3,0
NGET-EMFIP-AGWS-TS-00197392,Wind generation,Wind Onshore,03/03/2018,2,5820.483
NGET-EMFIP-AGWS-TS-00197391,Wind generation,Wind Offshore,03/03/2018,2,2686.11
NGET-EMFIP-AGWS-TS-00197390,Solar generation,Solar,03/03/2018,2,0
NGET-EMFIP-AGWS-TS-00197389,Wind generation,Wind Onshore,03/03/2018,1,5995.782
NGET-EMFIP-AGWS-TS-00197388,Wind generation,Wind Offshore,03/03/2018,1,2797.672
NGET-EMFIP-AGWS-TS-00197387,Solar generation,Solar,03/03/2018,1,0
