Actual Or Estimated Wind And Solar Power Generation (B1630),,,,,
Time Series ID,Business Type,PSR Type,Settlement  Date,Settlement Period,Quantity (MW)
NGET-EMFIP-AGWS-TS-00241708,Wind generation,Wind Onshore,25/11/2018,48,2466.671
NGET-EMFIP-AGWS-TS-00241707,Wind generation,Wind Offshore,25/11/2018,48,2015.421
NGET-EMFIP-AGWS-TS-00241706,Solar generation,Solar,25/11/2018,48,0
NGET-EMFIP-AGWS-TS-00241705,Wind generation,Wind Onshore,25/11/2018,47,2524.864
NGET-EMFIP-AGWS-TS-00241704,Wind generation,Wind Offshore,25/11/2018,47,2199.417
NGET-EMFIP-AGWS-TS-00241703,Solar generation,Solar,25/11/2018,47,0
NGET-EMFIP-AGWS-TS-00241702,Wind generation,Wind Onshore,25/11/2018,46,2644.332
NGET-EMFIP-AGWS-TS-00241701,Wind generation,Wind Offshore,25/11/2018,46,2307.243
NGET-EMFIP-AGWS-TS-00241700,Solar generation,Solar,25/11/2018,46,0
NGET-EMFIP-AGWS-TS-00241699,Wind generation,Wind Onshore,25/11/2018,45,2630.361
NGET-EMFIP-AGWS-TS-00241698,Wind generation,Wind Offshore,25/11/2018,45,2144.329
NGET-EMFIP-AGWS-TS-00241697,Solar generation,Solar,25/11/2018,45,0
NGET-EMFIP-AGWS-TS-00241696,Wind generation,Wind Onshore,25/11/2018,44,2869.865
NGET-EMFIP-AGWS-TS-00241695,Wind generation,Wind Offshore,25/11/2018,44,2222.907
NGET-EMFIP-AGWS-TS-00241694,Solar generation,Solar,25/11/2018,44,0
NGET-EMFIP-AGWS-TS-00241693,Wind generation,Wind Onshore,25/11/2018,43,2850.877
NGET-EMFIP-AGWS-TS-00241692,Wind generation,Wind Offshore,25/11/2018,43,2045.669
NGET-EMFIP-AGWS-TS-00241691,Solar generation,Solar,25/11/2018,43,0
NGET-EMFIP-AGWS-TS-00241690,Wind generation,Wind Onshore,25/11/2018,42,2961.999
NGET-EMFIP-AGWS-TS-00241689,Wind generation,Wind Offshore,25/11/2018,42,1933.961
NGET-EMFIP-AGWS-TS-00241688,Solar generation,Solar,25/11/2018,42,0
NGET-EMFIP-AGWS-TS-00241687,Wind generation,Wind Onshore,25/11/2018,41,2905.806
NGET-EMFIP-AGWS-TS-00241686,Wind generation,Wind Offshore,25/11/2018,41,1933.699
NGET-EMFIP-AGWS-TS-00241685,Solar generation,Solar,25/11/2018,41,0
NGET-EMFIP-AGWS-TS-00241684,Wind generation,Wind Onshore,25/11/2018,40,3041.268
NGET-EMFIP-AGWS-TS-00241683,Wind generation,Wind Offshore,25/11/2018,40,1838.896
NGET-EMFIP-AGWS-TS-00241682,Solar generation,Solar,25/11/2018,40,0
NGET-EMFIP-AGWS-TS-00241681,Wind generation,Wind Onshore,25/11/2018,39,3089.024
NGET-EMFIP-AGWS-TS-00241680,Wind generation,Wind Offshore,25/11/2018,39,1858.774
NGET-EMFIP-AGWS-TS-00241679,Solar generation,Solar,25/11/2018,39,0
NGET-EMFIP-AGWS-TS-00241678,Wind generation,Wind Onshore,25/11/2018,38,3139.112
NGET-EMFIP-AGWS-TS-00241677,Wind generation,Wind Offshore,25/11/2018,38,1880.554
NGET-EMFIP-AGWS-TS-00241676,Solar generation,Solar,25/11/2018,38,0
NGET-EMFIP-AGWS-TS-00241675,Wind generation,Wind Onshore,25/11/2018,37,3176.089
NGET-EMFIP-AGWS-TS-00241674,Wind generation,Wind Offshore,25/11/2018,37,2141.835
NGET-EMFIP-AGWS-TS-00241673,Solar generation,Solar,25/11/2018,37,0
NGET-EMFIP-AGWS-TS-00241672,Wind generation,Wind Onshore,25/11/2018,36,3231.04
NGET-EMFIP-AGWS-TS-00241671,Wind generation,Wind Offshore,25/11/2018,36,2084.064
NGET-EMFIP-AGWS-TS-00241670,Solar generation,Solar,25/11/2018,36,0
NGET-EMFIP-AGWS-TS-00241669,Wind generation,Wind Onshore,25/11/2018,35,3037.573
NGET-EMFIP-AGWS-TS-00241668,Wind generation,Wind Offshore,25/11/2018,35,1816.411
NGET-EMFIP-AGWS-TS-00241667,Solar generation,Solar,25/11/2018,35,1
NGET-EMFIP-AGWS-TS-00241666,Wind generation,Wind Onshore,25/11/2018,34,3078.974
NGET-EMFIP-AGWS-TS-00241665,Wind generation,Wind Offshore,25/11/2018,34,1728.481
NGET-EMFIP-AGWS-TS-00241664,Solar generation,Solar,25/11/2018,34,1
NGET-EMFIP-AGWS-TS-00241663,Wind generation,Wind Onshore,25/11/2018,33,3051.506
NGET-EMFIP-AGWS-TS-00241662,Wind generation,Wind Offshore,25/11/2018,33,1775.734
NGET-EMFIP-AGWS-TS-00241661,Solar generation,Solar,25/11/2018,33,1
NGET-EMFIP-AGWS-TS-00241660,Wind generation,Wind Onshore,25/11/2018,32,2963.432
NGET-EMFIP-AGWS-TS-00241659,Wind generation,Wind Offshore,25/11/2018,32,1805.551
NGET-EMFIP-AGWS-TS-00241658,Solar generation,Solar,25/11/2018,32,36
NGET-EMFIP-AGWS-TS-00241657,Wind generation,Wind Onshore,25/11/2018,31,3005.632
NGET-EMFIP-AGWS-TS-00241656,Wind generation,Wind Offshore,25/11/2018,31,1837.657
NGET-EMFIP-AGWS-TS-00241655,Solar generation,Solar,25/11/2018,31,175
NGET-EMFIP-AGWS-TS-00241654,Wind generation,Wind Onshore,25/11/2018,30,3092.077
NGET-EMFIP-AGWS-TS-00241653,Wind generation,Wind Offshore,25/11/2018,30,1915.304
NGET-EMFIP-AGWS-TS-00241652,Solar generation,Solar,25/11/2018,30,378
NGET-EMFIP-AGWS-TS-00241651,Wind generation,Wind Onshore,25/11/2018,29,2972.946
NGET-EMFIP-AGWS-TS-00241650,Wind generation,Wind Offshore,25/11/2018,29,1893.272
NGET-EMFIP-AGWS-TS-00241649,Solar generation,Solar,25/11/2018,29,601
NGET-EMFIP-AGWS-TS-00241648,Wind generation,Wind Onshore,25/11/2018,28,3015.291
NGET-EMFIP-AGWS-TS-00241647,Wind generation,Wind Offshore,25/11/2018,28,1890.24
NGET-EMFIP-AGWS-TS-00241646,Solar generation,Solar,25/11/2018,28,852
NGET-EMFIP-AGWS-TS-00241645,Wind generation,Wind Onshore,25/11/2018,27,3017.36
NGET-EMFIP-AGWS-TS-00241644,Wind generation,Wind Offshore,25/11/2018,27,1809.52
NGET-EMFIP-AGWS-TS-00241643,Solar generation,Solar,25/11/2018,27,992
NGET-EMFIP-AGWS-TS-00241642,Wind generation,Wind Onshore,25/11/2018,26,1370.886
NGET-EMFIP-AGWS-TS-00241641,Wind generation,Wind Offshore,25/11/2018,26,99.319
NGET-EMFIP-AGWS-TS-00241640,Solar generation,Solar,25/11/2018,26,1210
NGET-EMFIP-AGWS-TS-00241639,Wind generation,Wind Onshore,25/11/2018,25,2926.502
NGET-EMFIP-AGWS-TS-00241638,Wind generation,Wind Offshore,25/11/2018,25,1765.268
NGET-EMFIP-AGWS-TS-00241637,Solar generation,Solar,25/11/2018,25,1440
NGET-EMFIP-AGWS-TS-00241636,Wind generation,Wind Onshore,25/11/2018,24,2836.445
NGET-EMFIP-AGWS-TS-00241635,Wind generation,Wind Offshore,25/11/2018,24,1633.153
NGET-EMFIP-AGWS-TS-00241634,Solar generation,Solar,25/11/2018,24,1460
NGET-EMFIP-AGWS-TS-00241633,Wind generation,Wind Onshore,25/11/2018,23,2892.066
NGET-EMFIP-AGWS-TS-00241632,Wind generation,Wind Offshore,25/11/2018,23,1694.274
NGET-EMFIP-AGWS-TS-00241631,Solar generation,Solar,25/11/2018,23,1460
NGET-EMFIP-AGWS-TS-00241630,Wind generation,Wind Onshore,25/11/2018,22,2985.606
NGET-EMFIP-AGWS-TS-00241629,Wind generation,Wind Offshore,25/11/2018,22,1604.889
NGET-EMFIP-AGWS-TS-00241628,Solar generation,Solar,25/11/2018,22,1330
NGET-EMFIP-AGWS-TS-00241627,Wind generation,Wind Onshore,25/11/2018,21,3002.435
NGET-EMFIP-AGWS-TS-00241626,Wind generation,Wind Offshore,25/11/2018,21,1775.837
NGET-EMFIP-AGWS-TS-00241625,Solar generation,Solar,25/11/2018,21,1100
NGET-EMFIP-AGWS-TS-00241624,Wind generation,Wind Onshore,25/11/2018,20,2852.751
NGET-EMFIP-AGWS-TS-00241623,Wind generation,Wind Offshore,25/11/2018,20,1729.142
NGET-EMFIP-AGWS-TS-00241622,Solar generation,Solar,25/11/2018,20,819
NGET-EMFIP-AGWS-TS-00241621,Wind generation,Wind Onshore,25/11/2018,19,2823.699
NGET-EMFIP-AGWS-TS-00241620,Wind generation,Wind Offshore,25/11/2018,19,1794.299
NGET-EMFIP-AGWS-TS-00241619,Solar generation,Solar,25/11/2018,19,485
NGET-EMFIP-AGWS-TS-00241601,Wind generation,Wind Onshore,25/11/2018,18,2753.995
NGET-EMFIP-AGWS-TS-00241600,Wind generation,Wind Offshore,25/11/2018,18,1763.381
NGET-EMFIP-AGWS-TS-00241599,Solar generation,Solar,25/11/2018,18,214
NGET-EMFIP-AGWS-TS-00241598,Wind generation,Wind Onshore,25/11/2018,17,2608.169
NGET-EMFIP-AGWS-TS-00241597,Wind generation,Wind Offshore,25/11/2018,17,1709.104
NGET-EMFIP-AGWS-TS-00241596,Solar generation,Solar,25/11/2018,17,40
NGET-EMFIP-AGWS-TS-00241595,Wind generation,Wind Onshore,25/11/2018,16,2482.976
NGET-EMFIP-AGWS-TS-00241594,Wind generation,Wind Offshore,25/11/2018,16,1654.973
NGET-EMFIP-AGWS-TS-00241593,Solar generation,Solar,25/11/2018,16,1
NGET-EMFIP-AGWS-TS-00241592,Wind generation,Wind Onshore,25/11/2018,15,2401.778
NGET-EMFIP-AGWS-TS-00241591,Wind generation,Wind Offshore,25/11/2018,15,1581.897
NGET-EMFIP-AGWS-TS-00241590,Solar generation,Solar,25/11/2018,15,0
NGET-EMFIP-AGWS-TS-00241589,Wind generation,Wind Onshore,25/11/2018,14,2353.626
NGET-EMFIP-AGWS-TS-00241588,Wind generation,Wind Offshore,25/11/2018,14,1490.236
NGET-EMFIP-AGWS-TS-00241587,Solar generation,Solar,25/11/2018,14,0
NGET-EMFIP-AGWS-TS-00241586,Wind generation,Wind Onshore,25/11/2018,13,2220.472
NGET-EMFIP-AGWS-TS-00241585,Wind generation,Wind Offshore,25/11/2018,13,1422.97
NGET-EMFIP-AGWS-TS-00241584,Solar generation,Solar,25/11/2018,13,0
NGET-EMFIP-AGWS-TS-00241583,Wind generation,Wind Onshore,25/11/2018,12,2205.274
NGET-EMFIP-AGWS-TS-00241582,Wind generation,Wind Offshore,25/11/2018,12,1424.345
NGET-EMFIP-AGWS-TS-00241581,Solar generation,Solar,25/11/2018,12,0
NGET-EMFIP-AGWS-TS-00241580,Wind generation,Wind Onshore,25/11/2018,11,2151.027
NGET-EMFIP-AGWS-TS-00241579,Wind generation,Wind Offshore,25/11/2018,11,1509.758
NGET-EMFIP-AGWS-TS-00241578,Solar generation,Solar,25/11/2018,11,0
NGET-EMFIP-AGWS-TS-00241577,Wind generation,Wind Onshore,25/11/2018,10,2019.828
NGET-EMFIP-AGWS-TS-00241576,Wind generation,Wind Offshore,25/11/2018,10,1541.152
NGET-EMFIP-AGWS-TS-00241575,Solar generation,Solar,25/11/2018,10,0
NGET-EMFIP-AGWS-TS-00241574,Wind generation,Wind Onshore,25/11/2018,9,2010.547
NGET-EMFIP-AGWS-TS-00241573,Wind generation,Wind Offshore,25/11/2018,9,1432.66
NGET-EMFIP-AGWS-TS-00241572,Solar generation,Solar,25/11/2018,9,0
NGET-EMFIP-AGWS-TS-00241568,Wind generation,Wind Onshore,25/11/2018,8,1975.717
NGET-EMFIP-AGWS-TS-00241567,Wind generation,Wind Offshore,25/11/2018,8,1387.513
NGET-EMFIP-AGWS-TS-00241566,Solar generation,Solar,25/11/2018,8,0
NGET-EMFIP-AGWS-TS-00241565,Wind generation,Wind Onshore,25/11/2018,7,1878.148
NGET-EMFIP-AGWS-TS-00241564,Wind generation,Wind Offshore,25/11/2018,7,1252.496
NGET-EMFIP-AGWS-TS-00241563,Solar generation,Solar,25/11/2018,7,0
NGET-EMFIP-AGWS-TS-00241562,Wind generation,Wind Onshore,25/11/2018,6,1783.751
NGET-EMFIP-AGWS-TS-00241561,Wind generation,Wind Offshore,25/11/2018,6,1209.096
NGET-EMFIP-AGWS-TS-00241560,Solar generation,Solar,25/11/2018,6,0
NGET-EMFIP-AGWS-TS-00241559,Wind generation,Wind Onshore,25/11/2018,5,1753.629
NGET-EMFIP-AGWS-TS-00241558,Wind generation,Wind Offshore,25/11/2018,5,1176.504
NGET-EMFIP-AGWS-TS-00241557,Solar generation,Solar,25/11/2018,5,0
NGET-EMFIP-AGWS-TS-00241556,Wind generation,Wind Onshore,25/11/2018,4,924.787
NGET-EMFIP-AGWS-TS-00241555,Wind generation,Wind Offshore,25/11/2018,4,73.651
NGET-EMFIP-AGWS-TS-00241554,Solar generation,Solar,25/11/2018,4,0
NGET-EMFIP-AGWS-TS-00241553,Wind generation,Wind Onshore,25/11/2018,3,1678.885
NGET-EMFIP-AGWS-TS-00241552,Wind generation,Wind Offshore,25/11/2018,3,1046.837
NGET-EMFIP-AGWS-TS-00241551,Solar generation,Solar,25/11/2018,3,0
NGET-EMFIP-AGWS-TS-00241571,Wind generation,Wind Onshore,25/11/2018,2,1717.523
NGET-EMFIP-AGWS-TS-00241570,Wind generation,Wind Offshore,25/11/2018,2,1003.201
NGET-EMFIP-AGWS-TS-00241569,Solar generation,Solar,25/11/2018,2,0
NGET-EMFIP-AGWS-TS-00241547,Wind generation,Wind Onshore,25/11/2018,1,1760.406
NGET-EMFIP-AGWS-TS-00241546,Wind generation,Wind Offshore,25/11/2018,1,987.565
NGET-EMFIP-AGWS-TS-00241545,Solar generation,Solar,25/11/2018,1,0
