Actual Or Estimated Wind And Solar Power Generation (B1630)
Time Series ID,Business Type,PSR Type,Settlement  Date,Settlement Period,Quantity (MW)
NGET-EMFIP-AGWS-TS-00238893,Wind generation,"Wind Onshore",2018-11-08,48,6127.131
NGET-EMFIP-AGWS-TS-00238892,Wind generation,"Wind Offshore",2018-11-08,48,3137.686
NGET-EMFIP-AGWS-TS-00238891,Solar generation,"Solar",2018-11-08,48,0
NGET-EMFIP-AGWS-TS-00238890,Wind generation,"Wind Onshore",2018-11-08,47,6443.622
NGET-EMFIP-AGWS-TS-00238889,Wind generation,"Wind Offshore",2018-11-08,47,3250.679
NGET-EMFIP-AGWS-TS-00238888,Solar generation,"Solar",2018-11-08,47,0
NGET-EMFIP-AGWS-TS-00238887,Wind generation,"Wind Onshore",2018-11-08,46,6635.294
NGET-EMFIP-AGWS-TS-00238886,Wind generation,"Wind Offshore",2018-11-08,46,3258.592
NGET-EMFIP-AGWS-TS-00238885,Solar generation,"Solar",2018-11-08,46,0
NGET-EMFIP-AGWS-TS-00238884,Wind generation,"Wind Onshore",2018-11-08,45,6708.941
NGET-EMFIP-AGWS-TS-00238883,Wind generation,"Wind Offshore",2018-11-08,45,3270.654
NGET-EMFIP-AGWS-TS-00238882,Solar generation,"Solar",2018-11-08,45,0
NGET-EMFIP-AGWS-TS-00238881,Wind generation,"Wind Onshore",2018-11-08,44,6670.722
NGET-EMFIP-AGWS-TS-00238880,Wind generation,"Wind Offshore",2018-11-08,44,3350.815
NGET-EMFIP-AGWS-TS-00238879,Solar generation,"Solar",2018-11-08,44,0
NGET-EMFIP-AGWS-TS-00238864,Wind generation,"Wind Onshore",2018-11-08,43,6754.025
NGET-EMFIP-AGWS-TS-00238863,Wind generation,"Wind Offshore",2018-11-08,43,3328.575
NGET-EMFIP-AGWS-TS-00238862,Solar generation,"Solar",2018-11-08,43,0
NGET-EMFIP-AGWS-TS-00238861,Wind generation,"Wind Onshore",2018-11-08,42,6353.175
NGET-EMFIP-AGWS-TS-00238860,Wind generation,"Wind Offshore",2018-11-08,42,3366.494
NGET-EMFIP-AGWS-TS-00238859,Solar generation,"Solar",2018-11-08,42,0
NGET-EMFIP-AGWS-TS-00238858,Wind generation,"Wind Onshore",2018-11-08,41,6210.781
NGET-EMFIP-AGWS-TS-00238857,Wind generation,"Wind Offshore",2018-11-08,41,3513.114
NGET-EMFIP-AGWS-TS-00238856,Solar generation,"Solar",2018-11-08,41,0
NGET-EMFIP-AGWS-TS-00238855,Wind generation,"Wind Onshore",2018-11-08,40,5919.469
NGET-EMFIP-AGWS-TS-00238854,Wind generation,"Wind Offshore",2018-11-08,40,3584.983
NGET-EMFIP-AGWS-TS-00238853,Solar generation,"Solar",2018-11-08,40,0
NGET-EMFIP-AGWS-TS-00238852,Wind generation,"Wind Onshore",2018-11-08,39,5681.74
NGET-EMFIP-AGWS-TS-00238851,Wind generation,"Wind Offshore",2018-11-08,39,3688.952
NGET-EMFIP-AGWS-TS-00238850,Solar generation,"Solar",2018-11-08,39,1
NGET-EMFIP-AGWS-TS-00238849,Wind generation,"Wind Onshore",2018-11-08,38,5254.182
NGET-EMFIP-AGWS-TS-00238848,Wind generation,"Wind Offshore",2018-11-08,38,3665.477
NGET-EMFIP-AGWS-TS-00238847,Solar generation,"Solar",2018-11-08,38,1
NGET-EMFIP-AGWS-TS-00238846,Wind generation,"Wind Onshore",2018-11-08,37,4914.089
NGET-EMFIP-AGWS-TS-00238845,Wind generation,"Wind Offshore",2018-11-08,37,3197.619
NGET-EMFIP-AGWS-TS-00238844,Solar generation,"Solar",2018-11-08,37,1
NGET-EMFIP-AGWS-TS-00238843,Wind generation,"Wind Onshore",2018-11-08,36,4387.783
NGET-EMFIP-AGWS-TS-00238842,Wind generation,"Wind Offshore",2018-11-08,36,3006.846
NGET-EMFIP-AGWS-TS-00238841,Solar generation,"Solar",2018-11-08,36,3
NGET-EMFIP-AGWS-TS-00238840,Wind generation,"Wind Onshore",2018-11-08,35,4361.424
NGET-EMFIP-AGWS-TS-00238839,Wind generation,"Wind Offshore",2018-11-08,35,2942.184
NGET-EMFIP-AGWS-TS-00238838,Solar generation,"Solar",2018-11-08,35,2
NGET-EMFIP-AGWS-TS-00238837,Wind generation,"Wind Onshore",2018-11-08,34,4381.132
NGET-EMFIP-AGWS-TS-00238836,Wind generation,"Wind Offshore",2018-11-08,34,2761.165
NGET-EMFIP-AGWS-TS-00238835,Solar generation,"Solar",2018-11-08,34,1
NGET-EMFIP-AGWS-TS-00238834,Wind generation,"Wind Onshore",2018-11-08,33,4510.561
NGET-EMFIP-AGWS-TS-00238833,Wind generation,"Wind Offshore",2018-11-08,33,2591.933
NGET-EMFIP-AGWS-TS-00238832,Solar generation,"Solar",2018-11-08,33,14
NGET-EMFIP-AGWS-TS-00238831,Wind generation,"Wind Onshore",2018-11-08,32,4648.162
NGET-EMFIP-AGWS-TS-00238830,Wind generation,"Wind Offshore",2018-11-08,32,2560.259
NGET-EMFIP-AGWS-TS-00238829,Solar generation,"Solar",2018-11-08,32,215
NGET-EMFIP-AGWS-TS-00238828,Wind generation,"Wind Onshore",2018-11-08,31,4387.519
NGET-EMFIP-AGWS-TS-00238827,Wind generation,"Wind Offshore",2018-11-08,31,2511.29
NGET-EMFIP-AGWS-TS-00238826,Solar generation,"Solar",2018-11-08,31,604
NGET-EMFIP-AGWS-TS-00238825,Wind generation,"Wind Onshore",2018-11-08,30,4301.394
NGET-EMFIP-AGWS-TS-00238824,Wind generation,"Wind Offshore",2018-11-08,30,2608.808
NGET-EMFIP-AGWS-TS-00238823,Solar generation,"Solar",2018-11-08,30,1040
NGET-EMFIP-AGWS-TS-00238822,Wind generation,"Wind Onshore",2018-11-08,29,4128.302
NGET-EMFIP-AGWS-TS-00238821,Wind generation,"Wind Offshore",2018-11-08,29,2724.411
NGET-EMFIP-AGWS-TS-00238820,Solar generation,"Solar",2018-11-08,29,1450
NGET-EMFIP-AGWS-TS-00238819,Wind generation,"Wind Onshore",2018-11-08,28,4230.202
NGET-EMFIP-AGWS-TS-00238818,Wind generation,"Wind Offshore",2018-11-08,28,2865.215
NGET-EMFIP-AGWS-TS-00238817,Solar generation,"Solar",2018-11-08,28,1800
NGET-EMFIP-AGWS-TS-00238816,Wind generation,"Wind Onshore",2018-11-08,27,4375.3
NGET-EMFIP-AGWS-TS-00238815,Wind generation,"Wind Offshore",2018-11-08,27,3022.23
NGET-EMFIP-AGWS-TS-00238814,Solar generation,"Solar",2018-11-08,27,2160
NGET-EMFIP-AGWS-TS-00238813,Wind generation,"Wind Onshore",2018-11-08,26,4534.327
NGET-EMFIP-AGWS-TS-00238812,Wind generation,"Wind Offshore",2018-11-08,26,3260.805
NGET-EMFIP-AGWS-TS-00238811,Solar generation,"Solar",2018-11-08,26,2500
NGET-EMFIP-AGWS-TS-00238810,Wind generation,"Wind Onshore",2018-11-08,25,4540.41
NGET-EMFIP-AGWS-TS-00238809,Wind generation,"Wind Offshore",2018-11-08,25,3208.086
NGET-EMFIP-AGWS-TS-00238808,Solar generation,"Solar",2018-11-08,25,2660
NGET-EMFIP-AGWS-TS-00238807,Wind generation,"Wind Onshore",2018-11-08,24,4380.734
NGET-EMFIP-AGWS-TS-00238806,Wind generation,"Wind Offshore",2018-11-08,24,3399.979
NGET-EMFIP-AGWS-TS-00238805,Solar generation,"Solar",2018-11-08,24,2780
NGET-EMFIP-AGWS-TS-00238804,Wind generation,"Wind Onshore",2018-11-08,23,4309.392
NGET-EMFIP-AGWS-TS-00238803,Wind generation,"Wind Offshore",2018-11-08,23,3265.142
NGET-EMFIP-AGWS-TS-00238802,Solar generation,"Solar",2018-11-08,23,2710
NGET-EMFIP-AGWS-TS-00238801,Wind generation,"Wind Onshore",2018-11-08,22,4159.697
NGET-EMFIP-AGWS-TS-00238800,Wind generation,"Wind Offshore",2018-11-08,22,3303.741
NGET-EMFIP-AGWS-TS-00238799,Solar generation,"Solar",2018-11-08,22,2650
NGET-EMFIP-AGWS-TS-00238779,Wind generation,"Wind Onshore",2018-11-08,21,4018.107
NGET-EMFIP-AGWS-TS-00238778,Wind generation,"Wind Offshore",2018-11-08,21,3162.347
NGET-EMFIP-AGWS-TS-00238777,Solar generation,"Solar",2018-11-08,21,2460
NGET-EMFIP-AGWS-TS-00238776,Wind generation,"Wind Onshore",2018-11-08,20,3653.962
NGET-EMFIP-AGWS-TS-00238775,Wind generation,"Wind Offshore",2018-11-08,20,3213.552
NGET-EMFIP-AGWS-TS-00238774,Solar generation,"Solar",2018-11-08,20,2130
NGET-EMFIP-AGWS-TS-00238773,Wind generation,"Wind Onshore",2018-11-08,19,3626.981
NGET-EMFIP-AGWS-TS-00238772,Wind generation,"Wind Offshore",2018-11-08,19,3307.316
NGET-EMFIP-AGWS-TS-00238771,Solar generation,"Solar",2018-11-08,19,1630
NGET-EMFIP-AGWS-TS-00238770,Wind generation,"Wind Onshore",2018-11-08,18,3607.386
NGET-EMFIP-AGWS-TS-00238769,Wind generation,"Wind Offshore",2018-11-08,18,3332.708
NGET-EMFIP-AGWS-TS-00238768,Solar generation,"Solar",2018-11-08,18,1130
NGET-EMFIP-AGWS-TS-00238767,Wind generation,"Wind Onshore",2018-11-08,17,3751.698
NGET-EMFIP-AGWS-TS-00238766,Wind generation,"Wind Offshore",2018-11-08,17,3049.812
NGET-EMFIP-AGWS-TS-00238765,Solar generation,"Solar",2018-11-08,17,665
NGET-EMFIP-AGWS-TS-00238764,Wind generation,"Wind Onshore",2018-11-08,16,3856.812
NGET-EMFIP-AGWS-TS-00238763,Wind generation,"Wind Offshore",2018-11-08,16,2757.076
NGET-EMFIP-AGWS-TS-00238762,Solar generation,"Solar",2018-11-08,16,215
NGET-EMFIP-AGWS-TS-00238761,Wind generation,"Wind Onshore",2018-11-08,15,3745.305
NGET-EMFIP-AGWS-TS-00238760,Wind generation,"Wind Offshore",2018-11-08,15,2353.793
NGET-EMFIP-AGWS-TS-00238759,Solar generation,"Solar",2018-11-08,15,18
NGET-EMFIP-AGWS-TS-00238758,Wind generation,"Wind Onshore",2018-11-08,14,3358.057
NGET-EMFIP-AGWS-TS-00238757,Wind generation,"Wind Offshore",2018-11-08,14,2221.696
NGET-EMFIP-AGWS-TS-00238756,Solar generation,"Solar",2018-11-08,14,0
NGET-EMFIP-AGWS-TS-00238755,Wind generation,"Wind Onshore",2018-11-08,13,3247.565
NGET-EMFIP-AGWS-TS-00238754,Wind generation,"Wind Offshore",2018-11-08,13,2128.182
NGET-EMFIP-AGWS-TS-00238753,Solar generation,"Solar",2018-11-08,13,0
NGET-EMFIP-AGWS-TS-00238752,Wind generation,"Wind Onshore",2018-11-08,12,2969.017
NGET-EMFIP-AGWS-TS-00238751,Wind generation,"Wind Offshore",2018-11-08,12,2191.174
NGET-EMFIP-AGWS-TS-00238750,Solar generation,"Solar",2018-11-08,12,0
NGET-EMFIP-AGWS-TS-00238749,Wind generation,"Wind Onshore",2018-11-08,11,3061.835
NGET-EMFIP-AGWS-TS-00238748,Wind generation,"Wind Offshore",2018-11-08,11,2554.639
NGET-EMFIP-AGWS-TS-00238747,Solar generation,"Solar",2018-11-08,11,0
NGET-EMFIP-AGWS-TS-00238746,Wind generation,"Wind Onshore",2018-11-08,10,3177.591
NGET-EMFIP-AGWS-TS-00238745,Wind generation,"Wind Offshore",2018-11-08,10,2509.151
NGET-EMFIP-AGWS-TS-00238744,Solar generation,"Solar",2018-11-08,10,0
NGET-EMFIP-AGWS-TS-00238743,Wind generation,"Wind Onshore",2018-11-08,9,3034.782
NGET-EMFIP-AGWS-TS-00238742,Wind generation,"Wind Offshore",2018-11-08,9,2539.405
NGET-EMFIP-AGWS-TS-00238741,Solar generation,"Solar",2018-11-08,9,0
NGET-EMFIP-AGWS-TS-00238740,Wind generation,"Wind Onshore",2018-11-08,8,2585.884
NGET-EMFIP-AGWS-TS-00238739,Wind generation,"Wind Offshore",2018-11-08,8,2735.094
NGET-EMFIP-AGWS-TS-00238738,Solar generation,"Solar",2018-11-08,8,0
NGET-EMFIP-AGWS-TS-00238737,Wind generation,"Wind Onshore",2018-11-08,7,2391.394
NGET-EMFIP-AGWS-TS-00238736,Wind generation,"Wind Offshore",2018-11-08,7,2516.995
NGET-EMFIP-AGWS-TS-00238735,Solar generation,"Solar",2018-11-08,7,0
NGET-EMFIP-AGWS-TS-00238734,Wind generation,"Wind Onshore",2018-11-08,6,2314.487
NGET-EMFIP-AGWS-TS-00238733,Wind generation,"Wind Offshore",2018-11-08,6,2532.938
NGET-EMFIP-AGWS-TS-00238732,Solar generation,"Solar",2018-11-08,6,0
NGET-EMFIP-AGWS-TS-00238731,Wind generation,"Wind Onshore",2018-11-08,5,2238.746
NGET-EMFIP-AGWS-TS-00238730,Wind generation,"Wind Offshore",2018-11-08,5,2460.964
NGET-EMFIP-AGWS-TS-00238729,Solar generation,"Solar",2018-11-08,5,0
NGET-EMFIP-AGWS-TS-00238728,Wind generation,"Wind Onshore",2018-11-08,4,2244.959
NGET-EMFIP-AGWS-TS-00238727,Wind generation,"Wind Offshore",2018-11-08,4,2345.656
NGET-EMFIP-AGWS-TS-00238726,Solar generation,"Solar",2018-11-08,4,0
NGET-EMFIP-AGWS-TS-00238725,Wind generation,"Wind Onshore",2018-11-08,3,2310.785
NGET-EMFIP-AGWS-TS-00238724,Wind generation,"Wind Offshore",2018-11-08,3,2115.519
NGET-EMFIP-AGWS-TS-00238723,Solar generation,"Solar",2018-11-08,3,0
NGET-EMFIP-AGWS-TS-00238722,Wind generation,"Wind Onshore",2018-11-08,2,2409.311
NGET-EMFIP-AGWS-TS-00238721,Wind generation,"Wind Offshore",2018-11-08,2,2192.626
NGET-EMFIP-AGWS-TS-00238720,Solar generation,"Solar",2018-11-08,2,0
NGET-EMFIP-AGWS-TS-00238719,Wind generation,"Wind Onshore",2018-11-08,1,2478.23
NGET-EMFIP-AGWS-TS-00238718,Wind generation,"Wind Offshore",2018-11-08,1,2352.626
NGET-EMFIP-AGWS-TS-00238717,Solar generation,"Solar",2018-11-08,1,0