0,1.5
1,3.5
2,5.5
3,7.5
4,9.5
5,11.5
6,13.5
7,15.5
8,17.5
9,19.5
10,21.5
11,23.5
12,25.5
13,27.5
14,29.5
15,31.5
16,33.5
17,35.5
18,37.5
19,39.5
20,41.5
21,43.5
22,45.5
23,47.5
24,1.5
25,3.5
26,5.5
27,7.5
28,9.5
29,11.5
30,13.5
31,15.5
32,17.5
33,19.5
34,21.5
35,23.5
36,25.5
37,27.5
38,29.5
39,31.5
40,33.5
41,35.5
42,37.5
43,39.5
44,41.5
45,43.5
46,45.5
47,47.5
48,1.5
49,3.5
50,5.5
51,7.5
52,9.5
53,11.5
54,13.5
55,15.5
56,17.5
57,19.5
58,21.5
59,23.5
60,25.5
61,27.5
62,29.5
63,31.5
64,33.5
65,35.5
66,37.5
67,39.5
68,41.5
69,43.5
70,45.5
71,47.5
72,1.5
73,3.5
74,5.5
75,7.5
76,9.5
77,11.5
78,13.5
79,15.5
80,17.5
81,19.5
82,21.5
83,23.5
84,25.5
85,27.5
86,29.5
87,31.5
88,33.5
89,35.5
90,37.5
91,39.5
92,41.5
93,43.5
94,45.5
95,47.5
96,1.5
97,3.5
98,5.5
99,7.5
100,9.5
101,11.5
102,13.5
103,15.5
104,17.5
105,19.5
106,21.5
107,23.5
108,25.5
109,27.5
110,29.5
111,31.5
112,33.5
113,35.5
114,37.5
115,39.5
116,41.5
117,43.5
118,45.5
119,47.5
120,1.5
121,3.5
122,5.5
123,7.5
124,9.5
125,11.5
126,13.5
127,15.5
128,17.5
129,19.5
130,21.5
131,23.5
132,25.5
133,27.5
134,29.5
135,31.5
136,33.5
137,35.5
138,37.5
139,39.5
140,41.5
141,43.5
142,45.5
143,47.5
144,1.5
145,3.5
146,5.5
147,7.5
148,9.5
149,11.5
150,13.5
151,15.5
152,17.5
153,19.5
154,21.5
155,23.5
156,25.5
157,27.5
158,29.5
159,31.5
160,33.5
161,35.5
162,37.5
163,39.5
164,41.5
165,43.5
166,45.5
167,47.5
168,1.5
169,3.5
170,5.5
171,7.5
172,9.5
173,11.5
174,13.5
175,15.5
176,17.5
177,19.5
178,21.5
179,23.5
180,25.5
181,27.5
182,29.5
183,31.5
184,33.5
185,35.5
186,37.5
187,39.5
188,41.5
189,43.5
190,45.5
191,47.5
192,1.5
193,3.5
194,5.5
195,7.5
196,9.5
197,11.5
198,13.5
199,15.5
200,17.5
201,19.5
202,21.5
203,23.5
204,25.5
205,27.5
206,29.5
207,31.5
208,33.5
209,35.5
210,37.5
211,39.5
212,41.5
213,43.5
214,45.5
215,47.5
216,1.5
217,3.5
218,5.5
219,7.5
220,9.5
221,11.5
222,13.5
223,15.5
224,17.5
225,19.5
226,21.5
227,23.5
228,25.5
229,27.5
230,29.5
231,31.5
232,33.5
233,35.5
234,37.5
235,39.5
236,41.5
237,43.5
238,45.5
239,47.5
240,1.5
241,3.5
242,5.5
243,7.5
244,9.5
245,11.5
246,13.5
247,15.5
248,17.5
249,19.5
250,21.5
251,23.5
252,25.5
253,27.5
254,29.5
255,31.5
256,33.5
257,35.5
258,37.5
259,39.5
260,41.5
261,43.5
262,45.5
263,47.5
264,1.5
265,3.5
266,5.5
267,7.5
268,9.5
269,11.5
270,13.5
271,15.5
272,17.5
273,19.5
274,21.5
275,23.5
276,25.5
277,27.5
278,29.5
279,31.5
280,33.5
281,35.5
282,37.5
283,39.5
284,41.5
285,43.5
286,45.5
287,47.5
288,1.5
289,3.5
290,5.5
291,7.5
292,9.5
293,11.5
294,13.5
295,15.5
296,17.5
297,19.5
298,21.5
299,23.5
300,25.5
301,27.5
302,29.5
303,31.5
304,33.5
305,35.5
306,37.5
307,39.5
308,41.5
309,43.5
310,45.5
311,47.5
312,1.5
313,3.5
314,5.5
315,7.5
316,9.5
317,11.5
318,13.5
319,15.5
320,17.5
321,19.5
322,21.5
323,23.5
324,25.5
325,27.5
326,29.5
327,31.5
328,33.5
329,35.5
330,37.5
331,39.5
332,41.5
333,43.5
334,45.5
335,47.5
336,1.5
337,3.5
338,5.5
339,7.5
340,9.5
341,11.5
342,13.5
343,15.5
344,17.5
345,19.5
346,21.5
347,23.5
348,25.5
349,27.5
350,29.5
351,31.5
352,33.5
353,35.5
354,37.5
355,39.5
356,41.5
357,43.5
358,45.5
359,47.5
360,1.5
361,3.5
362,5.5
363,7.5
364,9.5
365,11.5
366,13.5
367,15.5
368,17.5
369,19.5
370,21.5
371,23.5
372,25.5
373,27.5
374,29.5
375,31.5
376,33.5
377,35.5
378,37.5
379,39.5
380,41.5
381,43.5
382,45.5
383,47.5
384,1.5
385,3.5
386,5.5
387,7.5
388,9.5
389,11.5
390,13.5
391,15.5
392,17.5
393,19.5
394,21.5
395,23.5
396,25.5
397,27.5
398,29.5
399,31.5
400,33.5
401,35.5
402,37.5
403,39.5
404,41.5
405,43.5
406,45.5
407,47.5
408,1.5
409,3.5
410,5.5
411,7.5
412,9.5
413,11.5
414,13.5
415,15.5
416,17.5
417,19.5
418,21.5
419,23.5
420,25.5
421,27.5
422,29.5
423,31.5
424,33.5
425,35.5
426,37.5
427,39.5
428,41.5
429,43.5
430,45.5
431,47.5
432,1.5
433,3.5
434,5.5
435,7.5
436,9.5
437,11.5
438,13.5
439,15.5
440,17.5
441,19.5
442,21.5
443,23.5
444,25.5
445,27.5
446,29.5
447,31.5
448,33.5
449,35.5
450,37.5
451,39.5
452,41.5
453,43.5
454,45.5
455,47.5
456,1.5
457,3.5
458,5.5
459,7.5
460,9.5
461,11.5
462,13.5
463,15.5
464,17.5
465,19.5
466,21.5
467,23.5
468,25.5
469,27.5
470,29.5
471,31.5
472,33.5
473,35.5
474,37.5
475,39.5
476,41.5
477,43.5
478,45.5
479,47.5
480,1.5
481,3.5
482,5.5
483,7.5
484,9.5
485,11.5
486,13.5
487,15.5
488,17.5
489,19.5
490,21.5
491,23.5
492,25.5
493,27.5
494,29.5
495,31.5
496,33.5
497,35.5
498,37.5
499,39.5
500,41.5
501,43.5
502,45.5
503,47.5
504,1.5
505,3.5
506,5.5
507,7.5
508,9.5
509,11.5
510,13.5
511,15.5
512,17.5
513,19.5
514,21.5
515,23.5
516,25.5
517,27.5
518,29.5
519,31.5
520,33.5
521,35.5
522,37.5
523,39.5
524,41.5
525,43.5
526,45.5
527,47.5
528,1.5
529,3.5
530,5.5
531,7.5
532,9.5
533,11.5
534,13.5
535,15.5
536,17.5
537,19.5
538,21.5
539,23.5
540,25.5
541,27.5
542,29.5
543,31.5
544,33.5
545,35.5
546,37.5
547,39.5
548,41.5
549,43.5
550,45.5
551,47.5
552,1.5
553,3.5
554,5.5
555,7.5
556,9.5
557,11.5
558,13.5
559,15.5
560,17.5
561,19.5
562,21.5
563,23.5
564,25.5
565,27.5
566,29.5
567,31.5
568,33.5
569,35.5
570,37.5
571,39.5
572,41.5
573,43.5
574,45.5
575,47.5
576,1.5
577,3.5
578,5.5
579,7.5
580,9.5
581,11.5
582,13.5
583,15.5
584,17.5
585,19.5
586,21.5
587,23.5
588,25.5
589,27.5
590,29.5
591,31.5
592,33.5
593,35.5
594,37.5
595,39.5
596,41.5
597,43.5
598,45.5
599,47.5
600,1.5
601,3.5
602,5.5
603,7.5
604,9.5
605,11.5
606,13.5
607,15.5
608,17.5
609,19.5
610,21.5
611,23.5
612,25.5
613,27.5
614,29.5
615,31.5
616,33.5
617,35.5
618,37.5
619,39.5
620,41.5
621,43.5
622,45.5
623,47.5
624,1.5
625,3.5
626,5.5
627,7.5
628,9.5
629,11.5
630,13.5
631,15.5
632,17.5
633,19.5
634,21.5
635,23.5
636,25.5
637,27.5
638,29.5
639,31.5
640,33.5
641,35.5
642,37.5
643,39.5
644,41.5
645,43.5
646,45.5
647,47.5
648,1.5
649,3.5
650,5.5
651,7.5
652,9.5
653,11.5
654,13.5
655,15.5
656,17.5
657,19.5
658,21.5
659,23.5
660,25.5
661,27.5
662,29.5
663,31.5
664,33.5
665,35.5
666,37.5
667,39.5
668,41.5
669,43.5
670,45.5
671,47.5
672,1.5
673,3.5
674,5.5
675,7.5
676,9.5
677,11.5
678,13.5
679,15.5
680,17.5
681,19.5
682,21.5
683,23.5
684,25.5
685,27.5
686,29.5
687,31.5
688,33.5
689,35.5
690,37.5
691,39.5
692,41.5
693,43.5
694,45.5
695,47.5
696,1.5
697,3.5
698,5.5
699,7.5
700,9.5
701,11.5
702,13.5
703,15.5
704,17.5
705,19.5
706,21.5
707,23.5
708,25.5
709,27.5
710,29.5
711,31.5
712,33.5
713,35.5
714,37.5
715,39.5
716,41.5
717,43.5
718,45.5
719,47.5
720,1.5
721,3.5
722,5.5
723,7.5
724,9.5
725,11.5
726,13.5
727,15.5
728,17.5
729,19.5
730,21.5
731,23.5
732,25.5
733,27.5
734,29.5
735,31.5
736,33.5
737,35.5
738,37.5
739,39.5
740,41.5
741,43.5
742,45.5
743,47.5
744,1.5
745,3.5
746,5.5
747,7.5
748,9.5
749,11.5
750,13.5
751,15.5
752,17.5
753,19.5
754,21.5
755,23.5
756,25.5
757,27.5
758,29.5
759,31.5
760,33.5
761,35.5
762,37.5
763,39.5
764,41.5
765,43.5
766,45.5
767,47.5
768,1.5
769,3.5
770,5.5
771,7.5
772,9.5
773,11.5
774,13.5
775,15.5
776,17.5
777,19.5
778,21.5
779,23.5
780,25.5
781,27.5
782,29.5
783,31.5
784,33.5
785,35.5
786,37.5
787,39.5
788,41.5
789,43.5
790,45.5
791,47.5
792,1.5
793,3.5
794,5.5
795,7.5
796,9.5
797,11.5
798,13.5
799,15.5
800,17.5
801,19.5
802,21.5
803,23.5
804,25.5
805,27.5
806,29.5
807,31.5
808,33.5
809,35.5
810,37.5
811,39.5
812,41.5
813,43.5
814,45.5
815,47.5
816,1.5
817,3.5
818,5.5
819,7.5
820,9.5
821,11.5
822,13.5
823,15.5
824,17.5
825,19.5
826,21.5
827,23.5
828,25.5
829,27.5
830,29.5
831,31.5
832,33.5
833,35.5
834,37.5
835,39.5
836,41.5
837,43.5
838,45.5
839,47.5
840,1.5
841,3.5
842,5.5
843,7.5
844,9.5
845,11.5
846,13.5
847,15.5
848,17.5
849,19.5
850,21.5
851,23.5
852,25.5
853,27.5
854,29.5
855,31.5
856,33.5
857,35.5
858,37.5
859,39.5
860,41.5
861,43.5
862,45.5
863,47.5
864,1.5
865,3.5
866,5.5
867,7.5
868,9.5
869,11.5
870,13.5
871,15.5
872,17.5
873,19.5
874,21.5
875,23.5
876,25.5
877,27.5
878,29.5
879,31.5
880,33.5
881,35.5
882,37.5
883,39.5
884,41.5
885,43.5
886,45.5
887,47.5
888,1.5
889,3.5
890,5.5
891,7.5
892,9.5
893,11.5
894,13.5
895,15.5
896,17.5
897,19.5
898,21.5
899,23.5
900,25.5
901,27.5
902,29.5
903,31.5
904,33.5
905,35.5
906,37.5
907,39.5
908,41.5
909,43.5
910,45.5
911,47.5
912,1.5
913,3.5
914,5.5
915,7.5
916,9.5
917,11.5
918,13.5
919,15.5
920,17.5
921,19.5
922,21.5
923,23.5
924,25.5
925,27.5
926,29.5
927,31.5
928,33.5
929,35.5
930,37.5
931,39.5
932,41.5
933,43.5
934,45.5
935,47.5
936,1.5
937,3.5
938,5.5
939,7.5
940,9.5
941,11.5
942,13.5
943,15.5
944,17.5
945,19.5
946,21.5
947,23.5
948,25.5
949,27.5
950,29.5
951,31.5
952,33.5
953,35.5
954,37.5
955,39.5
956,41.5
957,43.5
958,45.5
959,47.5
960,1.5
961,3.5
962,5.5
963,7.5
964,9.5
965,11.5
966,13.5
967,15.5
968,17.5
969,19.5
970,21.5
971,23.5
972,25.5
973,27.5
974,29.5
975,31.5
976,33.5
977,35.5
978,37.5
979,39.5
980,41.5
981,43.5
982,45.5
983,47.5
984,1.5
985,3.5
986,5.5
987,7.5
988,9.5
989,11.5
990,13.5
991,15.5
992,17.5
993,19.5
994,21.5
995,23.5
996,25.5
997,27.5
998,29.5
999,31.5
1000,33.5
1001,35.5
1002,37.5
1003,39.5
1004,41.5
1005,43.5
1006,45.5
1007,47.5
1008,1.5
1009,3.5
1010,5.5
1011,7.5
1012,9.5
1013,11.5
1014,13.5
1015,15.5
1016,17.5
1017,19.5
1018,21.5
1019,23.5
1020,25.5
1021,27.5
1022,29.5
1023,31.5
1024,33.5
1025,35.5
1026,37.5
1027,39.5
1028,41.5
1029,43.5
1030,45.5
1031,47.5
1032,1.5
1033,3.5
1034,5.5
1035,7.5
1036,9.5
1037,11.5
1038,13.5
1039,15.5
1040,17.5
1041,19.5
1042,21.5
1043,23.5
1044,25.5
1045,27.5
1046,29.5
1047,31.5
1048,33.5
1049,35.5
1050,37.5
1051,39.5
1052,41.5
1053,43.5
1054,45.5
1055,47.5
1056,1.5
1057,3.5
1058,5.5
1059,7.5
1060,9.5
1061,11.5
1062,13.5
1063,15.5
1064,17.5
1065,19.5
1066,21.5
1067,23.5
1068,25.5
1069,27.5
1070,29.5
1071,31.5
1072,33.5
1073,35.5
1074,37.5
1075,39.5
1076,41.5
1077,43.5
1078,45.5
1079,47.5
1080,1.5
1081,3.5
1082,5.5
1083,7.5
1084,9.5
1085,11.5
1086,13.5
1087,15.5
1088,17.5
1089,19.5
1090,21.5
1091,23.5
1092,25.5
1093,27.5
1094,29.5
1095,31.5
1096,33.5
1097,35.5
1098,37.5
1099,39.5
1100,41.5
1101,43.5
1102,45.5
1103,47.5
1104,1.5
1105,3.5
1106,5.5
1107,7.5
1108,9.5
1109,11.5
1110,13.5
1111,15.5
1112,17.5
1113,19.5
1114,21.5
1115,23.5
1116,25.5
1117,27.5
1118,29.5
1119,31.5
1120,33.5
1121,35.5
1122,37.5
1123,39.5
1124,41.5
1125,43.5
1126,45.5
1127,47.5
1128,1.5
1129,3.5
1130,5.5
1131,7.5
1132,9.5
1133,11.5
1134,13.5
1135,15.5
1136,17.5
1137,19.5
1138,21.5
1139,23.5
1140,25.5
1141,27.5
1142,29.5
1143,31.5
1144,33.5
1145,35.5
1146,37.5
1147,39.5
1148,41.5
1149,43.5
1150,45.5
1151,47.5
1152,1.5
1153,3.5
1154,5.5
1155,7.5
1156,9.5
1157,11.5
1158,13.5
1159,15.5
1160,17.5
1161,19.5
1162,21.5
1163,23.5
1164,25.5
1165,27.5
1166,29.5
1167,31.5
1168,33.5
1169,35.5
1170,37.5
1171,39.5
1172,41.5
1173,43.5
1174,45.5
1175,47.5
1176,1.5
1177,3.5
1178,5.5
1179,7.5
1180,9.5
1181,11.5
1182,13.5
1183,15.5
1184,17.5
1185,19.5
1186,21.5
1187,23.5
1188,25.5
1189,27.5
1190,29.5
1191,31.5
1192,33.5
1193,35.5
1194,37.5
1195,39.5
1196,41.5
1197,43.5
1198,45.5
1199,47.5
1200,1.5
1201,3.5
1202,5.5
1203,7.5
1204,9.5
1205,11.5
1206,13.5
1207,15.5
1208,17.5
1209,19.5
1210,21.5
1211,23.5
1212,25.5
1213,27.5
1214,29.5
1215,31.5
1216,33.5
1217,35.5
1218,37.5
1219,39.5
1220,41.5
1221,43.5
1222,45.5
1223,47.5
1224,1.5
1225,3.5
1226,5.5
1227,7.5
1228,9.5
1229,11.5
1230,13.5
1231,15.5
1232,17.5
1233,19.5
1234,21.5
1235,23.5
1236,25.5
1237,27.5
1238,29.5
1239,31.5
1240,33.5
1241,35.5
1242,37.5
1243,39.5
1244,41.5
1245,43.5
1246,45.5
1247,47.5
1248,1.5
1249,3.5
1250,5.5
1251,7.5
1252,9.5
1253,11.5
1254,13.5
1255,15.5
1256,17.5
1257,19.5
1258,21.5
1259,23.5
1260,25.5
1261,27.5
1262,29.5
1263,31.5
1264,33.5
1265,35.5
1266,37.5
1267,39.5
1268,41.5
1269,43.5
1270,45.5
1271,47.5
1272,1.5
1273,3.5
1274,5.5
1275,7.5
1276,9.5
1277,11.5
1278,13.5
1279,15.5
1280,17.5
1281,19.5
1282,21.5
1283,23.5
1284,25.5
1285,27.5
1286,29.5
1287,31.5
1288,33.5
1289,35.5
1290,37.5
1291,39.5
1292,41.5
1293,43.5
1294,45.5
1295,47.5
1296,1.5
1297,3.5
1298,5.5
1299,7.5
1300,9.5
1301,11.5
1302,13.5
1303,15.5
1304,17.5
1305,19.5
1306,21.5
1307,23.5
1308,25.5
1309,27.5
1310,29.5
1311,31.5
1312,33.5
1313,35.5
1314,37.5
1315,39.5
1316,41.5
1317,43.5
1318,45.5
1319,47.5
1320,1.5
1321,3.5
1322,5.5
1323,7.5
1324,9.5
1325,11.5
1326,13.5
1327,15.5
1328,17.5
1329,19.5
1330,21.5
1331,23.5
1332,25.5
1333,27.5
1334,29.5
1335,31.5
1336,33.5
1337,35.5
1338,37.5
1339,39.5
1340,41.5
1341,43.5
1342,45.5
1343,47.5
1344,1.5
1345,3.5
1346,5.5
1347,7.5
1348,9.5
1349,11.5
1350,13.5
1351,15.5
1352,17.5
1353,19.5
1354,21.5
1355,23.5
1356,25.5
1357,27.5
1358,29.5
1359,31.5
1360,33.5
1361,35.5
1362,37.5
1363,39.5
1364,41.5
1365,43.5
1366,45.5
1367,47.5
1368,1.5
1369,3.5
1370,5.5
1371,7.5
1372,9.5
1373,11.5
1374,13.5
1375,15.5
1376,17.5
1377,19.5
1378,21.5
1379,23.5
1380,25.5
1381,27.5
1382,29.5
1383,31.5
1384,33.5
1385,35.5
1386,37.5
1387,39.5
1388,41.5
1389,43.5
1390,45.5
1391,47.5
1392,1.5
1393,3.5
1394,5.5
1395,7.5
1396,9.5
1397,11.5
1398,13.5
1399,15.5
1400,17.5
1401,19.5
1402,21.5
1403,23.5
1404,25.5
1405,27.5
1406,29.5
1407,31.5
1408,33.5
1409,35.5
1410,37.5
1411,39.5
1412,41.5
1413,43.5
1414,45.5
1415,47.5
1416,1.5
1417,3.5
1418,5.5
1419,7.5
1420,9.5
1421,11.5
1422,13.5
1423,15.5
1424,17.5
1425,19.5
1426,21.5
1427,23.5
1428,25.5
1429,27.5
1430,29.5
1431,31.5
1432,33.5
1433,35.5
1434,37.5
1435,39.5
1436,41.5
1437,43.5
1438,45.5
1439,47.5
1440,1.5
1441,3.5
1442,5.5
1443,7.5
1444,9.5
1445,11.5
1446,13.5
1447,15.5
1448,17.5
1449,19.5
1450,21.5
1451,23.5
1452,25.5
1453,27.5
1454,29.5
1455,31.5
1456,33.5
1457,35.5
1458,37.5
1459,39.5
1460,41.5
1461,43.5
1462,45.5
1463,47.5
1464,1.5
1465,3.5
1466,5.5
1467,7.5
1468,9.5
1469,11.5
1470,13.5
1471,15.5
1472,17.5
1473,19.5
1474,21.5
1475,23.5
1476,25.5
1477,27.5
1478,29.5
1479,31.5
1480,33.5
1481,35.5
1482,37.5
1483,39.5
1484,41.5
1485,43.5
1486,45.5
1487,47.5
1488,1.5
1489,3.5
1490,5.5
1491,7.5
1492,9.5
1493,11.5
1494,13.5
1495,15.5
1496,17.5
1497,19.5
1498,21.5
1499,23.5
1500,25.5
1501,27.5
1502,29.5
1503,31.5
1504,33.5
1505,35.5
1506,37.5
1507,39.5
1508,41.5
1509,43.5
1510,45.5
1511,47.5
1512,1.5
1513,3.5
1514,5.5
1515,7.5
1516,9.5
1517,11.5
1518,13.5
1519,15.5
1520,17.5
1521,19.5
1522,21.5
1523,23.5
1524,25.5
1525,27.5
1526,29.5
1527,31.5
1528,33.5
1529,35.5
1530,37.5
1531,39.5
1532,41.5
1533,43.5
1534,45.5
1535,47.5
1536,1.5
1537,3.5
1538,5.5
1539,7.5
1540,9.5
1541,11.5
1542,13.5
1543,15.5
1544,17.5
1545,19.5
1546,21.5
1547,23.5
1548,25.5
1549,27.5
1550,29.5
1551,31.5
1552,33.5
1553,35.5
1554,37.5
1555,39.5
1556,41.5
1557,43.5
1558,45.5
1559,47.5
1560,1.5
1561,3.5
1562,5.5
1563,7.5
1564,9.5
1565,11.5
1566,13.5
1567,15.5
1568,17.5
1569,19.5
1570,21.5
1571,23.5
1572,25.5
1573,27.5
1574,29.5
1575,31.5
1576,33.5
1577,35.5
1578,37.5
1579,39.5
1580,41.5
1581,43.5
1582,45.5
1583,47.5
1584,1.5
1585,3.5
1586,5.5
1587,7.5
1588,9.5
1589,11.5
1590,13.5
1591,15.5
1592,17.5
1593,19.5
1594,21.5
1595,23.5
1596,25.5
1597,27.5
1598,29.5
1599,31.5
1600,33.5
1601,35.5
1602,37.5
1603,39.5
1604,41.5
1605,43.5
1606,45.5
1607,47.5
1608,1.5
1609,3.5
1610,5.5
1611,7.5
1612,9.5
1613,11.5
1614,13.5
1615,15.5
1616,17.5
1617,19.5
1618,21.5
1619,23.5
1620,25.5
1621,27.5
1622,29.5
1623,31.5
1624,33.5
1625,35.5
1626,37.5
1627,39.5
1628,41.5
1629,43.5
1630,45.5
1631,47.5
1632,1.5
1633,3.5
1634,5.5
1635,7.5
1636,9.5
1637,11.5
1638,13.5
1639,15.5
1640,17.5
1641,19.5
1642,21.5
1643,23.5
1644,25.5
1645,27.5
1646,29.5
1647,31.5
1648,33.5
1649,35.5
1650,37.5
1651,39.5
1652,41.5
1653,43.5
1654,45.5
1655,47.5
1656,1.5
1657,3.5
1658,5.5
1659,7.5
1660,9.5
1661,11.5
1662,13.5
1663,15.5
1664,17.5
1665,19.5
1666,21.5
1667,23.5
1668,25.5
1669,27.5
1670,29.5
1671,31.5
1672,33.5
1673,35.5
1674,37.5
1675,39.5
1676,41.5
1677,43.5
1678,45.5
1679,47.5
1680,1.5
1681,3.5
1682,5.5
1683,7.5
1684,9.5
1685,11.5
1686,13.5
1687,15.5
1688,17.5
1689,19.5
1690,21.5
1691,23.5
1692,25.5
1693,27.5
1694,29.5
1695,31.5
1696,33.5
1697,35.5
1698,37.5
1699,39.5
1700,41.5
1701,43.5
1702,45.5
1703,47.5
1704,1.5
1705,3.5
1706,5.5
1707,7.5
1708,9.5
1709,11.5
1710,13.5
1711,15.5
1712,17.5
1713,19.5
1714,21.5
1715,23.5
1716,25.5
1717,27.5
1718,29.5
1719,31.5
1720,33.5
1721,35.5
1722,37.5
1723,39.5
1724,41.5
1725,43.5
1726,45.5
1727,47.5
1728,1.5
1729,3.5
1730,5.5
1731,7.5
1732,9.5
1733,11.5
1734,13.5
1735,15.5
1736,17.5
1737,19.5
1738,21.5
1739,23.5
1740,25.5
1741,27.5
1742,29.5
1743,31.5
1744,33.5
1745,35.5
1746,37.5
1747,39.5
1748,41.5
1749,43.5
1750,45.5
1751,47.5
1752,1.5
1753,3.5
1754,5.5
1755,7.5
1756,9.5
1757,11.5
1758,13.5
1759,15.5
1760,17.5
1761,19.5
1762,21.5
1763,23.5
1764,25.5
1765,27.5
1766,29.5
1767,31.5
1768,33.5
1769,35.5
1770,37.5
1771,39.5
1772,41.5
1773,43.5
1774,45.5
1775,47.5
1776,1.5
1777,3.5
1778,5.5
1779,7.5
1780,9.5
1781,11.5
1782,13.5
1783,15.5
1784,17.5
1785,19.5
1786,21.5
1787,23.5
1788,25.5
1789,27.5
1790,29.5
1791,31.5
1792,33.5
1793,35.5
1794,37.5
1795,39.5
1796,41.5
1797,43.5
1798,45.5
1799,47.5
1800,1.5
1801,3.5
1802,5.5
1803,7.5
1804,9.5
1805,11.5
1806,13.5
1807,15.5
1808,17.5
1809,19.5
1810,21.5
1811,23.5
1812,25.5
1813,27.5
1814,29.5
1815,31.5
1816,33.5
1817,35.5
1818,37.5
1819,39.5
1820,41.5
1821,43.5
1822,45.5
1823,47.5
1824,1.5
1825,3.5
1826,5.5
1827,7.5
1828,9.5
1829,11.5
1830,13.5
1831,15.5
1832,17.5
1833,19.5
1834,21.5
1835,23.5
1836,25.5
1837,27.5
1838,29.5
1839,31.5
1840,33.5
1841,35.5
1842,37.5
1843,39.5
1844,41.5
1845,43.5
1846,45.5
1847,47.5
1848,1.5
1849,3.5
1850,5.5
1851,7.5
1852,9.5
1853,11.5
1854,13.5
1855,15.5
1856,17.5
1857,19.5
1858,21.5
1859,23.5
1860,25.5
1861,27.5
1862,29.5
1863,31.5
1864,33.5
1865,35.5
1866,37.5
1867,39.5
1868,41.5
1869,43.5
1870,45.5
1871,47.5
1872,1.5
1873,3.5
1874,5.5
1875,7.5
1876,9.5
1877,11.5
1878,13.5
1879,15.5
1880,17.5
1881,19.5
1882,21.5
1883,23.5
1884,25.5
1885,27.5
1886,29.5
1887,31.5
1888,33.5
1889,35.5
1890,37.5
1891,39.5
1892,41.5
1893,43.5
1894,45.5
1895,47.5
1896,1.5
1897,3.5
1898,5.5
1899,7.5
1900,9.5
1901,11.5
1902,13.5
1903,15.5
1904,17.5
1905,19.5
1906,21.5
1907,23.5
1908,25.5
1909,27.5
1910,29.5
1911,31.5
1912,33.5
1913,35.5
1914,37.5
1915,39.5
1916,41.5
1917,43.5
1918,45.5
1919,47.5
1920,1.5
1921,3.5
1922,5.5
1923,7.5
1924,9.5
1925,11.5
1926,13.5
1927,15.5
1928,17.5
1929,19.5
1930,21.5
1931,23.5
1932,25.5
1933,27.5
1934,29.5
1935,31.5
1936,33.5
1937,35.5
1938,37.5
1939,39.5
1940,41.5
1941,43.5
1942,45.5
1943,47.5
1944,1.5
1945,3.5
1946,5.5
1947,7.5
1948,9.5
1949,11.5
1950,13.5
1951,15.5
1952,17.5
1953,19.5
1954,21.5
1955,23.5
1956,25.5
1957,27.5
1958,29.5
1959,31.5
1960,33.5
1961,35.5
1962,37.5
1963,39.5
1964,41.5
1965,43.5
1966,45.5
1967,47.5
1968,1.5
1969,3.5
1970,5.5
1971,7.5
1972,9.5
1973,11.5
1974,13.5
1975,15.5
1976,17.5
1977,19.5
1978,21.5
1979,23.5
1980,25.5
1981,27.5
1982,29.5
1983,31.5
1984,33.5
1985,35.5
1986,37.5
1987,39.5
1988,41.5
1989,43.5
1990,45.5
1991,47.5
1992,1.5
1993,3.5
1994,5.5
1995,7.5
1996,9.5
1997,11.5
1998,13.5
1999,15.5
2000,17.5
2001,19.5
2002,21.5
2003,23.5
2004,25.5
2005,27.5
2006,29.5
2007,31.5
2008,33.5
2009,35.5
2010,37.5
2011,39.5
2012,41.5
2013,43.5
2014,45.5
2015,1.5
2016,3.5
2017,5.5
2018,7.5
2019,9.5
2020,11.5
2021,13.5
2022,15.5
2023,17.5
2024,19.5
2025,21.5
2026,23.5
2027,25.5
2028,27.5
2029,29.5
2030,31.5
2031,33.5
2032,35.5
2033,37.5
2034,39.5
2035,41.5
2036,43.5
2037,45.5
2038,47.5
2039,1.5
2040,3.5
2041,5.5
2042,7.5
2043,9.5
2044,11.5
2045,13.5
2046,15.5
2047,17.5
2048,19.5
2049,21.5
2050,23.5
2051,25.5
2052,27.5
2053,29.5
2054,31.5
2055,33.5
2056,35.5
2057,37.5
2058,39.5
2059,41.5
2060,43.5
2061,45.5
2062,47.5
2063,1.5
2064,3.5
2065,5.5
2066,7.5
2067,9.5
2068,11.5
2069,13.5
2070,15.5
2071,17.5
2072,19.5
2073,21.5
2074,23.5
2075,25.5
2076,27.5
2077,29.5
2078,31.5
2079,33.5
2080,35.5
2081,37.5
2082,39.5
2083,41.5
2084,43.5
2085,45.5
2086,47.5
2087,1.5
2088,3.5
2089,5.5
2090,7.5
2091,9.5
2092,11.5
2093,13.5
2094,15.5
2095,17.5
2096,19.5
2097,21.5
2098,23.5
2099,25.5
2100,27.5
2101,29.5
2102,31.5
2103,33.5
2104,35.5
2105,37.5
2106,39.5
2107,41.5
2108,43.5
2109,45.5
2110,47.5
2111,1.5
2112,3.5
2113,5.5
2114,7.5
2115,9.5
2116,11.5
2117,13.5
2118,15.5
2119,17.5
2120,19.5
2121,21.5
2122,23.5
2123,25.5
2124,27.5
2125,29.5
2126,31.5
2127,33.5
2128,35.5
2129,37.5
2130,39.5
2131,41.5
2132,43.5
2133,45.5
2134,47.5
2135,1.5
2136,3.5
2137,5.5
2138,7.5
2139,9.5
2140,11.5
2141,13.5
2142,15.5
2143,17.5
2144,19.5
2145,21.5
2146,23.5
2147,25.5
2148,27.5
2149,29.5
2150,31.5
2151,33.5
2152,35.5
2153,37.5
2154,39.5
2155,41.5
2156,43.5
2157,45.5
2158,47.5
2159,1.5
2160,3.5
2161,5.5
2162,7.5
2163,9.5
2164,11.5
2165,13.5
2166,15.5
2167,17.5
2168,19.5
2169,21.5
2170,23.5
2171,25.5
2172,27.5
2173,29.5
2174,31.5
2175,33.5
2176,35.5
2177,37.5
2178,39.5
2179,41.5
2180,43.5
2181,45.5
2182,47.5
2183,1.5
2184,3.5
2185,5.5
2186,7.5
2187,9.5
2188,11.5
2189,13.5
2190,15.5
2191,17.5
2192,19.5
2193,21.5
2194,23.5
2195,25.5
2196,27.5
2197,29.5
2198,31.5
2199,33.5
2200,35.5
2201,37.5
2202,39.5
2203,41.5
2204,43.5
2205,45.5
2206,47.5
2207,1.5
2208,3.5
2209,5.5
2210,7.5
2211,9.5
2212,11.5
2213,13.5
2214,15.5
2215,17.5
2216,19.5
2217,21.5
2218,23.5
2219,25.5
2220,27.5
2221,29.5
2222,31.5
2223,33.5
2224,35.5
2225,37.5
2226,39.5
2227,41.5
2228,43.5
2229,45.5
2230,47.5
2231,1.5
2232,3.5
2233,5.5
2234,7.5
2235,9.5
2236,11.5
2237,13.5
2238,15.5
2239,17.5
2240,19.5
2241,21.5
2242,23.5
2243,25.5
2244,27.5
2245,29.5
2246,31.5
2247,33.5
2248,35.5
2249,37.5
2250,39.5
2251,41.5
2252,43.5
2253,45.5
2254,47.5
2255,1.5
2256,3.5
2257,5.5
2258,7.5
2259,9.5
2260,11.5
2261,13.5
2262,15.5
2263,17.5
2264,19.5
2265,21.5
2266,23.5
2267,25.5
2268,27.5
2269,29.5
2270,31.5
2271,33.5
2272,35.5
2273,37.5
2274,39.5
2275,41.5
2276,43.5
2277,45.5
2278,47.5
2279,1.5
2280,3.5
2281,5.5
2282,7.5
2283,9.5
2284,11.5
2285,13.5
2286,15.5
2287,17.5
2288,19.5
2289,21.5
2290,23.5
2291,25.5
2292,27.5
2293,29.5
2294,31.5
2295,33.5
2296,35.5
2297,37.5
2298,39.5
2299,41.5
2300,43.5
2301,45.5
2302,47.5
2303,1.5
2304,3.5
2305,5.5
2306,7.5
2307,9.5
2308,11.5
2309,13.5
2310,15.5
2311,17.5
2312,19.5
2313,21.5
2314,23.5
2315,25.5
2316,27.5
2317,29.5
2318,31.5
2319,33.5
2320,35.5
2321,37.5
2322,39.5
2323,41.5
2324,43.5
2325,45.5
2326,47.5
2327,1.5
2328,3.5
2329,5.5
2330,7.5
2331,9.5
2332,11.5
2333,13.5
2334,15.5
2335,17.5
2336,19.5
2337,21.5
2338,23.5
2339,25.5
2340,27.5
2341,29.5
2342,31.5
2343,33.5
2344,35.5
2345,37.5
2346,39.5
2347,41.5
2348,43.5
2349,45.5
2350,47.5
2351,1.5
2352,3.5
2353,5.5
2354,7.5
2355,9.5
2356,11.5
2357,13.5
2358,15.5
2359,17.5
2360,19.5
2361,21.5
2362,23.5
2363,25.5
2364,27.5
2365,29.5
2366,31.5
2367,33.5
2368,35.5
2369,37.5
2370,39.5
2371,41.5
2372,43.5
2373,45.5
2374,47.5
2375,1.5
2376,3.5
2377,5.5
2378,7.5
2379,9.5
2380,11.5
2381,13.5
2382,15.5
2383,17.5
2384,19.5
2385,21.5
2386,23.5
2387,25.5
2388,27.5
2389,29.5
2390,31.5
2391,33.5
2392,35.5
2393,37.5
2394,39.5
2395,41.5
2396,43.5
2397,45.5
2398,47.5
2399,1.5
2400,3.5
2401,5.5
2402,7.5
2403,9.5
2404,11.5
2405,13.5
2406,15.5
2407,17.5
2408,19.5
2409,21.5
2410,23.5
2411,25.5
2412,27.5
2413,29.5
2414,31.5
2415,33.5
2416,35.5
2417,37.5
2418,39.5
2419,41.5
2420,43.5
2421,45.5
2422,47.5
2423,1.5
2424,3.5
2425,5.5
2426,7.5
2427,9.5
2428,11.5
2429,13.5
2430,15.5
2431,17.5
2432,19.5
2433,21.5
2434,23.5
2435,25.5
2436,27.5
2437,29.5
2438,31.5
2439,33.5
2440,35.5
2441,37.5
2442,39.5
2443,41.5
2444,43.5
2445,45.5
2446,47.5
2447,1.5
2448,3.5
2449,5.5
2450,7.5
2451,9.5
2452,11.5
2453,13.5
2454,15.5
2455,17.5
2456,19.5
2457,21.5
2458,23.5
2459,25.5
2460,27.5
2461,29.5
2462,31.5
2463,33.5
2464,35.5
2465,37.5
2466,39.5
2467,41.5
2468,43.5
2469,45.5
2470,47.5
2471,1.5
2472,3.5
2473,5.5
2474,7.5
2475,9.5
2476,11.5
2477,13.5
2478,15.5
2479,17.5
2480,19.5
2481,21.5
2482,23.5
2483,25.5
2484,27.5
2485,29.5
2486,31.5
2487,33.5
2488,35.5
2489,37.5
2490,39.5
2491,41.5
2492,43.5
2493,45.5
2494,47.5
2495,1.5
2496,3.5
2497,5.5
2498,7.5
2499,9.5
2500,11.5
2501,13.5
2502,15.5
2503,17.5
2504,19.5
2505,21.5
2506,23.5
2507,25.5
2508,27.5
2509,29.5
2510,31.5
2511,33.5
2512,35.5
2513,37.5
2514,39.5
2515,41.5
2516,43.5
2517,45.5
2518,47.5
2519,1.5
2520,3.5
2521,5.5
2522,7.5
2523,9.5
2524,11.5
2525,13.5
2526,15.5
2527,17.5
2528,19.5
2529,21.5
2530,23.5
2531,25.5
2532,27.5
2533,29.5
2534,31.5
2535,33.5
2536,35.5
2537,37.5
2538,39.5
2539,41.5
2540,43.5
2541,45.5
2542,47.5
2543,1.5
2544,3.5
2545,5.5
2546,7.5
2547,9.5
2548,11.5
2549,13.5
2550,15.5
2551,17.5
2552,19.5
2553,21.5
2554,23.5
2555,25.5
2556,27.5
2557,29.5
2558,31.5
2559,33.5
2560,35.5
2561,37.5
2562,39.5
2563,41.5
2564,43.5
2565,45.5
2566,47.5
2567,1.5
2568,3.5
2569,5.5
2570,7.5
2571,9.5
2572,11.5
2573,13.5
2574,15.5
2575,17.5
2576,19.5
2577,21.5
2578,23.5
2579,25.5
2580,27.5
2581,29.5
2582,31.5
2583,33.5
2584,35.5
2585,37.5
2586,39.5
2587,41.5
2588,43.5
2589,45.5
2590,47.5
2591,1.5
2592,3.5
2593,5.5
2594,7.5
2595,9.5
2596,11.5
2597,13.5
2598,15.5
2599,17.5
2600,19.5
2601,21.5
2602,23.5
2603,25.5
2604,27.5
2605,29.5
2606,31.5
2607,33.5
2608,35.5
2609,37.5
2610,39.5
2611,41.5
2612,43.5
2613,45.5
2614,47.5
2615,1.5
2616,3.5
2617,5.5
2618,7.5
2619,9.5
2620,11.5
2621,13.5
2622,15.5
2623,17.5
2624,19.5
2625,21.5
2626,23.5
2627,25.5
2628,27.5
2629,29.5
2630,31.5
2631,33.5
2632,35.5
2633,37.5
2634,39.5
2635,41.5
2636,43.5
2637,45.5
2638,47.5
2639,1.5
2640,3.5
2641,5.5
2642,7.5
2643,9.5
2644,11.5
2645,13.5
2646,15.5
2647,17.5
2648,19.5
2649,21.5
2650,23.5
2651,25.5
2652,27.5
2653,29.5
2654,31.5
2655,33.5
2656,35.5
2657,37.5
2658,39.5
2659,41.5
2660,43.5
2661,45.5
2662,47.5
2663,1.5
2664,3.5
2665,5.5
2666,7.5
2667,9.5
2668,11.5
2669,13.5
2670,15.5
2671,17.5
2672,19.5
2673,21.5
2674,23.5
2675,25.5
2676,27.5
2677,29.5
2678,31.5
2679,33.5
2680,35.5
2681,37.5
2682,39.5
2683,41.5
2684,43.5
2685,45.5
2686,47.5
2687,1.5
2688,3.5
2689,5.5
2690,7.5
2691,9.5
2692,11.5
2693,13.5
2694,15.5
2695,17.5
2696,19.5
2697,21.5
2698,23.5
2699,25.5
2700,27.5
2701,29.5
2702,31.5
2703,33.5
2704,35.5
2705,37.5
2706,39.5
2707,41.5
2708,43.5
2709,45.5
2710,47.5
2711,1.5
2712,3.5
2713,5.5
2714,7.5
2715,9.5
2716,11.5
2717,13.5
2718,15.5
2719,17.5
2720,19.5
2721,21.5
2722,23.5
2723,25.5
2724,27.5
2725,29.5
2726,31.5
2727,33.5
2728,35.5
2729,37.5
2730,39.5
2731,41.5
2732,43.5
2733,45.5
2734,47.5
2735,1.5
2736,3.5
2737,5.5
2738,7.5
2739,9.5
2740,11.5
2741,13.5
2742,15.5
2743,17.5
2744,19.5
2745,21.5
2746,23.5
2747,25.5
2748,27.5
2749,29.5
2750,31.5
2751,33.5
2752,35.5
2753,37.5
2754,39.5
2755,41.5
2756,43.5
2757,45.5
2758,47.5
2759,1.5
2760,3.5
2761,5.5
2762,7.5
2763,9.5
2764,11.5
2765,13.5
2766,15.5
2767,17.5
2768,19.5
2769,21.5
2770,23.5
2771,25.5
2772,27.5
2773,29.5
2774,31.5
2775,33.5
2776,35.5
2777,37.5
2778,39.5
2779,41.5
2780,43.5
2781,45.5
2782,47.5
2783,1.5
2784,3.5
2785,5.5
2786,7.5
2787,9.5
2788,11.5
2789,13.5
2790,15.5
2791,17.5
2792,19.5
2793,21.5
2794,23.5
2795,25.5
2796,27.5
2797,29.5
2798,31.5
2799,33.5
2800,35.5
2801,37.5
2802,39.5
2803,41.5
2804,43.5
2805,45.5
2806,47.5
2807,1.5
2808,3.5
2809,5.5
2810,7.5
2811,9.5
2812,11.5
2813,13.5
2814,15.5
2815,17.5
2816,19.5
2817,21.5
2818,23.5
2819,25.5
2820,27.5
2821,29.5
2822,31.5
2823,33.5
2824,35.5
2825,37.5
2826,39.5
2827,41.5
2828,43.5
2829,45.5
2830,47.5
2831,1.5
2832,3.5
2833,5.5
2834,7.5
2835,9.5
2836,11.5
2837,13.5
2838,15.5
2839,17.5
2840,19.5
2841,21.5
2842,23.5
2843,25.5
2844,27.5
2845,29.5
2846,31.5
2847,33.5
2848,35.5
2849,37.5
2850,39.5
2851,41.5
2852,43.5
2853,45.5
2854,47.5
2855,1.5
2856,3.5
2857,5.5
2858,7.5
2859,9.5
2860,11.5
2861,13.5
2862,15.5
2863,17.5
2864,19.5
2865,21.5
2866,23.5
2867,25.5
2868,27.5
2869,29.5
2870,31.5
2871,33.5
2872,35.5
2873,37.5
2874,39.5
2875,41.5
2876,43.5
2877,45.5
2878,47.5
2879,1.5
2880,3.5
2881,5.5
2882,7.5
2883,9.5
2884,11.5
2885,13.5
2886,15.5
2887,17.5
2888,19.5
2889,21.5
2890,23.5
2891,25.5
2892,27.5
2893,29.5
2894,31.5
2895,33.5
2896,35.5
2897,37.5
2898,39.5
2899,41.5
2900,43.5
2901,45.5
2902,47.5
2903,1.5
2904,3.5
2905,5.5
2906,7.5
2907,9.5
2908,11.5
2909,13.5
2910,15.5
2911,17.5
2912,19.5
2913,21.5
2914,23.5
2915,25.5
2916,27.5
2917,29.5
2918,31.5
2919,33.5
2920,35.5
2921,37.5
2922,39.5
2923,41.5
2924,43.5
2925,45.5
2926,47.5
2927,1.5
2928,3.5
2929,5.5
2930,7.5
2931,9.5
2932,11.5
2933,13.5
2934,15.5
2935,17.5
2936,19.5
2937,21.5
2938,23.5
2939,25.5
2940,27.5
2941,29.5
2942,31.5
2943,33.5
2944,35.5
2945,37.5
2946,39.5
2947,41.5
2948,43.5
2949,45.5
2950,47.5
2951,1.5
2952,3.5
2953,5.5
2954,7.5
2955,9.5
2956,11.5
2957,13.5
2958,15.5
2959,17.5
2960,19.5
2961,21.5
2962,23.5
2963,25.5
2964,27.5
2965,29.5
2966,31.5
2967,33.5
2968,35.5
2969,37.5
2970,39.5
2971,41.5
2972,43.5
2973,45.5
2974,47.5
2975,1.5
2976,3.5
2977,5.5
2978,7.5
2979,9.5
2980,11.5
2981,13.5
2982,15.5
2983,17.5
2984,19.5
2985,21.5
2986,23.5
2987,25.5
2988,27.5
2989,29.5
2990,31.5
2991,33.5
2992,35.5
2993,37.5
2994,39.5
2995,41.5
2996,43.5
2997,45.5
2998,47.5
2999,1.5
3000,3.5
3001,5.5
3002,7.5
3003,9.5
3004,11.5
3005,13.5
3006,15.5
3007,17.5
3008,19.5
3009,21.5
3010,23.5
3011,25.5
3012,27.5
3013,29.5
3014,31.5
3015,33.5
3016,35.5
3017,37.5
3018,39.5
3019,41.5
3020,43.5
3021,45.5
3022,47.5
3023,1.5
3024,3.5
3025,5.5
3026,7.5
3027,9.5
3028,11.5
3029,13.5
3030,15.5
3031,17.5
3032,19.5
3033,21.5
3034,23.5
3035,25.5
3036,27.5
3037,29.5
3038,31.5
3039,33.5
3040,35.5
3041,37.5
3042,39.5
3043,41.5
3044,43.5
3045,45.5
3046,47.5
3047,1.5
3048,3.5
3049,5.5
3050,7.5
3051,9.5
3052,11.5
3053,13.5
3054,15.5
3055,17.5
3056,19.5
3057,21.5
3058,23.5
3059,25.5
3060,27.5
3061,29.5
3062,31.5
3063,33.5
3064,35.5
3065,37.5
3066,39.5
3067,41.5
3068,43.5
3069,45.5
3070,47.5
3071,1.5
3072,3.5
3073,5.5
3074,7.5
3075,9.5
3076,11.5
3077,13.5
3078,15.5
3079,17.5
3080,19.5
3081,21.5
3082,23.5
3083,25.5
3084,27.5
3085,29.5
3086,31.5
3087,33.5
3088,35.5
3089,37.5
3090,39.5
3091,41.5
3092,43.5
3093,45.5
3094,47.5
3095,1.5
3096,3.5
3097,5.5
3098,7.5
3099,9.5
3100,11.5
3101,13.5
3102,15.5
3103,17.5
3104,19.5
3105,21.5
3106,23.5
3107,25.5
3108,27.5
3109,29.5
3110,31.5
3111,33.5
3112,35.5
3113,37.5
3114,39.5
3115,41.5
3116,43.5
3117,45.5
3118,47.5
3119,1.5
3120,3.5
3121,5.5
3122,7.5
3123,9.5
3124,11.5
3125,13.5
3126,15.5
3127,17.5
3128,19.5
3129,21.5
3130,23.5
3131,25.5
3132,27.5
3133,29.5
3134,31.5
3135,33.5
3136,35.5
3137,37.5
3138,39.5
3139,41.5
3140,43.5
3141,45.5
3142,47.5
3143,1.5
3144,3.5
3145,5.5
3146,7.5
3147,9.5
3148,11.5
3149,13.5
3150,15.5
3151,17.5
3152,19.5
3153,21.5
3154,23.5
3155,25.5
3156,27.5
3157,29.5
3158,31.5
3159,33.5
3160,35.5
3161,37.5
3162,39.5
3163,41.5
3164,43.5
3165,45.5
3166,47.5
3167,1.5
3168,3.5
3169,5.5
3170,7.5
3171,9.5
3172,11.5
3173,13.5
3174,15.5
3175,17.5
3176,19.5
3177,21.5
3178,23.5
3179,25.5
3180,27.5
3181,29.5
3182,31.5
3183,33.5
3184,35.5
3185,37.5
3186,39.5
3187,41.5
3188,43.5
3189,45.5
3190,47.5
3191,1.5
3192,3.5
3193,5.5
3194,7.5
3195,9.5
3196,11.5
3197,13.5
3198,15.5
3199,17.5
3200,19.5
3201,21.5
3202,23.5
3203,25.5
3204,27.5
3205,29.5
3206,31.5
3207,33.5
3208,35.5
3209,37.5
3210,39.5
3211,41.5
3212,43.5
3213,45.5
3214,47.5
3215,1.5
3216,3.5
3217,5.5
3218,7.5
3219,9.5
3220,11.5
3221,13.5
3222,15.5
3223,17.5
3224,19.5
3225,21.5
3226,23.5
3227,25.5
3228,27.5
3229,29.5
3230,31.5
3231,33.5
3232,35.5
3233,37.5
3234,39.5
3235,41.5
3236,43.5
3237,45.5
3238,47.5
3239,1.5
3240,3.5
3241,5.5
3242,7.5
3243,9.5
3244,11.5
3245,13.5
3246,15.5
3247,17.5
3248,19.5
3249,21.5
3250,23.5
3251,25.5
3252,27.5
3253,29.5
3254,31.5
3255,33.5
3256,35.5
3257,37.5
3258,39.5
3259,41.5
3260,43.5
3261,45.5
3262,47.5
3263,1.5
3264,3.5
3265,5.5
3266,7.5
3267,9.5
3268,11.5
3269,13.5
3270,15.5
3271,17.5
3272,19.5
3273,21.5
3274,23.5
3275,25.5
3276,27.5
3277,29.5
3278,31.5
3279,33.5
3280,35.5
3281,37.5
3282,39.5
3283,41.5
3284,43.5
3285,45.5
3286,47.5
3287,1.5
3288,3.5
3289,5.5
3290,7.5
3291,9.5
3292,11.5
3293,13.5
3294,15.5
3295,17.5
3296,19.5
3297,21.5
3298,23.5
3299,25.5
3300,27.5
3301,29.5
3302,31.5
3303,33.5
3304,35.5
3305,37.5
3306,39.5
3307,41.5
3308,43.5
3309,45.5
3310,47.5
3311,1.5
3312,3.5
3313,5.5
3314,7.5
3315,9.5
3316,11.5
3317,13.5
3318,15.5
3319,17.5
3320,19.5
3321,21.5
3322,23.5
3323,25.5
3324,27.5
3325,29.5
3326,31.5
3327,33.5
3328,35.5
3329,37.5
3330,39.5
3331,41.5
3332,43.5
3333,45.5
3334,47.5
3335,1.5
3336,3.5
3337,5.5
3338,7.5
3339,9.5
3340,11.5
3341,13.5
3342,15.5
3343,17.5
3344,19.5
3345,21.5
3346,23.5
3347,25.5
3348,27.5
3349,29.5
3350,31.5
3351,33.5
3352,35.5
3353,37.5
3354,39.5
3355,41.5
3356,43.5
3357,45.5
3358,47.5
3359,1.5
3360,3.5
3361,5.5
3362,7.5
3363,9.5
3364,11.5
3365,13.5
3366,15.5
3367,17.5
3368,19.5
3369,21.5
3370,23.5
3371,25.5
3372,27.5
3373,29.5
3374,31.5
3375,33.5
3376,35.5
3377,37.5
3378,39.5
3379,41.5
3380,43.5
3381,45.5
3382,47.5
3383,1.5
3384,3.5
3385,5.5
3386,7.5
3387,9.5
3388,11.5
3389,13.5
3390,15.5
3391,17.5
3392,19.5
3393,21.5
3394,23.5
3395,25.5
3396,27.5
3397,29.5
3398,31.5
3399,33.5
3400,35.5
3401,37.5
3402,39.5
3403,41.5
3404,43.5
3405,45.5
3406,47.5
3407,1.5
3408,3.5
3409,5.5
3410,7.5
3411,9.5
3412,11.5
3413,13.5
3414,15.5
3415,17.5
3416,19.5
3417,21.5
3418,23.5
3419,25.5
3420,27.5
3421,29.5
3422,31.5
3423,33.5
3424,35.5
3425,37.5
3426,39.5
3427,41.5
3428,43.5
3429,45.5
3430,47.5
3431,1.5
3432,3.5
3433,5.5
3434,7.5
3435,9.5
3436,11.5
3437,13.5
3438,15.5
3439,17.5
3440,19.5
3441,21.5
3442,23.5
3443,25.5
3444,27.5
3445,29.5
3446,31.5
3447,33.5
3448,35.5
3449,37.5
3450,39.5
3451,41.5
3452,43.5
3453,45.5
3454,47.5
3455,1.5
3456,3.5
3457,5.5
3458,7.5
3459,9.5
3460,11.5
3461,13.5
3462,15.5
3463,17.5
3464,19.5
3465,21.5
3466,23.5
3467,25.5
3468,27.5
3469,29.5
3470,31.5
3471,33.5
3472,35.5
3473,37.5
3474,39.5
3475,41.5
3476,43.5
3477,45.5
3478,47.5
3479,1.5
3480,3.5
3481,5.5
3482,7.5
3483,9.5
3484,11.5
3485,13.5
3486,15.5
3487,17.5
3488,19.5
3489,21.5
3490,23.5
3491,25.5
3492,27.5
3493,29.5
3494,31.5
3495,33.5
3496,35.5
3497,37.5
3498,39.5
3499,41.5
3500,43.5
3501,45.5
3502,47.5
3503,1.5
3504,3.5
3505,5.5
3506,7.5
3507,9.5
3508,11.5
3509,13.5
3510,15.5
3511,17.5
3512,19.5
3513,21.5
3514,23.5
3515,25.5
3516,27.5
3517,29.5
3518,31.5
3519,33.5
3520,35.5
3521,37.5
3522,39.5
3523,41.5
3524,43.5
3525,45.5
3526,47.5
3527,1.5
3528,3.5
3529,5.5
3530,7.5
3531,9.5
3532,11.5
3533,13.5
3534,15.5
3535,17.5
3536,19.5
3537,21.5
3538,23.5
3539,25.5
3540,27.5
3541,29.5
3542,31.5
3543,33.5
3544,35.5
3545,37.5
3546,39.5
3547,41.5
3548,43.5
3549,45.5
3550,47.5
3551,1.5
3552,3.5
3553,5.5
3554,7.5
3555,9.5
3556,11.5
3557,13.5
3558,15.5
3559,17.5
3560,19.5
3561,21.5
3562,23.5
3563,25.5
3564,27.5
3565,29.5
3566,31.5
3567,33.5
3568,35.5
3569,37.5
3570,39.5
3571,41.5
3572,43.5
3573,45.5
3574,47.5
3575,1.5
3576,3.5
3577,5.5
3578,7.5
3579,9.5
3580,11.5
3581,13.5
3582,15.5
3583,17.5
3584,19.5
3585,21.5
3586,23.5
3587,25.5
3588,27.5
3589,29.5
3590,31.5
3591,33.5
3592,35.5
3593,37.5
3594,39.5
3595,41.5
3596,43.5
3597,45.5
3598,47.5
3599,1.5
3600,3.5
3601,5.5
3602,7.5
3603,9.5
3604,11.5
3605,13.5
3606,15.5
3607,17.5
3608,19.5
3609,21.5
3610,23.5
3611,25.5
3612,27.5
3613,29.5
3614,31.5
3615,33.5
3616,35.5
3617,37.5
3618,39.5
3619,41.5
3620,43.5
3621,45.5
3622,47.5
3623,1.5
3624,3.5
3625,5.5
3626,7.5
3627,9.5
3628,11.5
3629,13.5
3630,15.5
3631,17.5
3632,19.5
3633,21.5
3634,23.5
3635,25.5
3636,27.5
3637,29.5
3638,31.5
3639,33.5
3640,35.5
3641,37.5
3642,39.5
3643,41.5
3644,43.5
3645,45.5
3646,47.5
3647,1.5
3648,3.5
3649,5.5
3650,7.5
3651,9.5
3652,11.5
3653,13.5
3654,15.5
3655,17.5
3656,19.5
3657,21.5
3658,23.5
3659,25.5
3660,27.5
3661,29.5
3662,31.5
3663,33.5
3664,35.5
3665,37.5
3666,39.5
3667,41.5
3668,43.5
3669,45.5
3670,47.5
3671,1.5
3672,3.5
3673,5.5
3674,7.5
3675,9.5
3676,11.5
3677,13.5
3678,15.5
3679,17.5
3680,19.5
3681,21.5
3682,23.5
3683,25.5
3684,27.5
3685,29.5
3686,31.5
3687,33.5
3688,35.5
3689,37.5
3690,39.5
3691,41.5
3692,43.5
3693,45.5
3694,47.5
3695,1.5
3696,3.5
3697,5.5
3698,7.5
3699,9.5
3700,11.5
3701,13.5
3702,15.5
3703,17.5
3704,19.5
3705,21.5
3706,23.5
3707,25.5
3708,27.5
3709,29.5
3710,31.5
3711,33.5
3712,35.5
3713,37.5
3714,39.5
3715,41.5
3716,43.5
3717,45.5
3718,47.5
3719,1.5
3720,3.5
3721,5.5
3722,7.5
3723,9.5
3724,11.5
3725,13.5
3726,15.5
3727,17.5
3728,19.5
3729,21.5
3730,23.5
3731,25.5
3732,27.5
3733,29.5
3734,31.5
3735,33.5
3736,35.5
3737,37.5
3738,39.5
3739,41.5
3740,43.5
3741,45.5
3742,47.5
3743,1.5
3744,3.5
3745,5.5
3746,7.5
3747,9.5
3748,11.5
3749,13.5
3750,15.5
3751,17.5
3752,19.5
3753,21.5
3754,23.5
3755,25.5
3756,27.5
3757,29.5
3758,31.5
3759,33.5
3760,35.5
3761,37.5
3762,39.5
3763,41.5
3764,43.5
3765,45.5
3766,47.5
3767,1.5
3768,3.5
3769,5.5
3770,7.5
3771,9.5
3772,11.5
3773,13.5
3774,15.5
3775,17.5
3776,19.5
3777,21.5
3778,23.5
3779,25.5
3780,27.5
3781,29.5
3782,31.5
3783,33.5
3784,35.5
3785,37.5
3786,39.5
3787,41.5
3788,43.5
3789,45.5
3790,47.5
3791,1.5
3792,3.5
3793,5.5
3794,7.5
3795,9.5
3796,11.5
3797,13.5
3798,15.5
3799,17.5
3800,19.5
3801,21.5
3802,23.5
3803,25.5
3804,27.5
3805,29.5
3806,31.5
3807,33.5
3808,35.5
3809,37.5
3810,39.5
3811,41.5
3812,43.5
3813,45.5
3814,47.5
3815,1.5
3816,3.5
3817,5.5
3818,7.5
3819,9.5
3820,11.5
3821,13.5
3822,15.5
3823,17.5
3824,19.5
3825,21.5
3826,23.5
3827,25.5
3828,27.5
3829,29.5
3830,31.5
3831,33.5
3832,35.5
3833,37.5
3834,39.5
3835,41.5
3836,43.5
3837,45.5
3838,47.5
3839,1.5
3840,3.5
3841,5.5
3842,7.5
3843,9.5
3844,11.5
3845,13.5
3846,15.5
3847,17.5
3848,19.5
3849,21.5
3850,23.5
3851,25.5
3852,27.5
3853,29.5
3854,31.5
3855,33.5
3856,35.5
3857,37.5
3858,39.5
3859,41.5
3860,43.5
3861,45.5
3862,47.5
3863,1.5
3864,3.5
3865,5.5
3866,7.5
3867,9.5
3868,11.5
3869,13.5
3870,15.5
3871,17.5
3872,19.5
3873,21.5
3874,23.5
3875,25.5
3876,27.5
3877,29.5
3878,31.5
3879,33.5
3880,35.5
3881,37.5
3882,39.5
3883,41.5
3884,43.5
3885,45.5
3886,47.5
3887,1.5
3888,3.5
3889,5.5
3890,7.5
3891,9.5
3892,11.5
3893,13.5
3894,15.5
3895,17.5
3896,19.5
3897,21.5
3898,23.5
3899,25.5
3900,27.5
3901,29.5
3902,31.5
3903,33.5
3904,35.5
3905,37.5
3906,39.5
3907,41.5
3908,43.5
3909,45.5
3910,47.5
3911,1.5
3912,3.5
3913,5.5
3914,7.5
3915,9.5
3916,11.5
3917,13.5
3918,15.5
3919,17.5
3920,19.5
3921,21.5
3922,23.5
3923,25.5
3924,27.5
3925,29.5
3926,31.5
3927,33.5
3928,35.5
3929,37.5
3930,39.5
3931,41.5
3932,43.5
3933,45.5
3934,47.5
3935,1.5
3936,3.5
3937,5.5
3938,7.5
3939,9.5
3940,11.5
3941,13.5
3942,15.5
3943,17.5
3944,19.5
3945,21.5
3946,23.5
3947,25.5
3948,27.5
3949,29.5
3950,31.5
3951,33.5
3952,35.5
3953,37.5
3954,39.5
3955,41.5
3956,43.5
3957,45.5
3958,47.5
3959,1.5
3960,3.5
3961,5.5
3962,7.5
3963,9.5
3964,11.5
3965,13.5
3966,15.5
3967,17.5
3968,19.5
3969,21.5
3970,23.5
3971,25.5
3972,27.5
3973,29.5
3974,31.5
3975,33.5
3976,35.5
3977,37.5
3978,39.5
3979,41.5
3980,43.5
3981,45.5
3982,47.5
3983,1.5
3984,3.5
3985,5.5
3986,7.5
3987,9.5
3988,11.5
3989,13.5
3990,15.5
3991,17.5
3992,19.5
3993,21.5
3994,23.5
3995,25.5
3996,27.5
3997,29.5
3998,31.5
3999,33.5
4000,35.5
4001,37.5
4002,39.5
4003,41.5
4004,43.5
4005,45.5
4006,47.5
4007,1.5
4008,3.5
4009,5.5
4010,7.5
4011,9.5
4012,11.5
4013,13.5
4014,15.5
4015,17.5
4016,19.5
4017,21.5
4018,23.5
4019,25.5
4020,27.5
4021,29.5
4022,31.5
4023,33.5
4024,35.5
4025,37.5
4026,39.5
4027,41.5
4028,43.5
4029,45.5
4030,47.5
4031,1.5
4032,3.5
4033,5.5
4034,7.5
4035,9.5
4036,11.5
4037,13.5
4038,15.5
4039,17.5
4040,19.5
4041,21.5
4042,23.5
4043,25.5
4044,27.5
4045,29.5
4046,31.5
4047,33.5
4048,35.5
4049,37.5
4050,39.5
4051,41.5
4052,43.5
4053,45.5
4054,47.5
4055,1.5
4056,3.5
4057,5.5
4058,7.5
4059,9.5
4060,11.5
4061,13.5
4062,15.5
4063,17.5
4064,19.5
4065,21.5
4066,23.5
4067,25.5
4068,27.5
4069,29.5
4070,31.5
4071,33.5
4072,35.5
4073,37.5
4074,39.5
4075,41.5
4076,43.5
4077,45.5
4078,47.5
4079,1.5
4080,3.5
4081,5.5
4082,7.5
4083,9.5
4084,11.5
4085,13.5
4086,15.5
4087,17.5
4088,19.5
4089,21.5
4090,23.5
4091,25.5
4092,27.5
4093,29.5
4094,31.5
4095,33.5
4096,35.5
4097,37.5
4098,39.5
4099,41.5
4100,43.5
4101,45.5
4102,47.5
4103,1.5
4104,3.5
4105,5.5
4106,7.5
4107,9.5
4108,11.5
4109,13.5
4110,15.5
4111,17.5
4112,19.5
4113,21.5
4114,23.5
4115,25.5
4116,27.5
4117,29.5
4118,31.5
4119,33.5
4120,35.5
4121,37.5
4122,39.5
4123,41.5
4124,43.5
4125,45.5
4126,47.5
4127,1.5
4128,3.5
4129,5.5
4130,7.5
4131,9.5
4132,11.5
4133,13.5
4134,15.5
4135,17.5
4136,19.5
4137,21.5
4138,23.5
4139,25.5
4140,27.5
4141,29.5
4142,31.5
4143,33.5
4144,35.5
4145,37.5
4146,39.5
4147,41.5
4148,43.5
4149,45.5
4150,47.5
4151,1.5
4152,3.5
4153,5.5
4154,7.5
4155,9.5
4156,11.5
4157,13.5
4158,15.5
4159,17.5
4160,19.5
4161,21.5
4162,23.5
4163,25.5
4164,27.5
4165,29.5
4166,31.5
4167,33.5
4168,35.5
4169,37.5
4170,39.5
4171,41.5
4172,43.5
4173,45.5
4174,47.5
4175,1.5
4176,3.5
4177,5.5
4178,7.5
4179,9.5
4180,11.5
4181,13.5
4182,15.5
4183,17.5
4184,19.5
4185,21.5
4186,23.5
4187,25.5
4188,27.5
4189,29.5
4190,31.5
4191,33.5
4192,35.5
4193,37.5
4194,39.5
4195,41.5
4196,43.5
4197,45.5
4198,47.5
4199,1.5
4200,3.5
4201,5.5
4202,7.5
4203,9.5
4204,11.5
4205,13.5
4206,15.5
4207,17.5
4208,19.5
4209,21.5
4210,23.5
4211,25.5
4212,27.5
4213,29.5
4214,31.5
4215,33.5
4216,35.5
4217,37.5
4218,39.5
4219,41.5
4220,43.5
4221,45.5
4222,47.5
4223,1.5
4224,3.5
4225,5.5
4226,7.5
4227,9.5
4228,11.5
4229,13.5
4230,15.5
4231,17.5
4232,19.5
4233,21.5
4234,23.5
4235,25.5
4236,27.5
4237,29.5
4238,31.5
4239,33.5
4240,35.5
4241,37.5
4242,39.5
4243,41.5
4244,43.5
4245,45.5
4246,47.5
4247,1.5
4248,3.5
4249,5.5
4250,7.5
4251,9.5
4252,11.5
4253,13.5
4254,15.5
4255,17.5
4256,19.5
4257,21.5
4258,23.5
4259,25.5
4260,27.5
4261,29.5
4262,31.5
4263,33.5
4264,35.5
4265,37.5
4266,39.5
4267,41.5
4268,43.5
4269,45.5
4270,47.5
4271,1.5
4272,3.5
4273,5.5
4274,7.5
4275,9.5
4276,11.5
4277,13.5
4278,15.5
4279,17.5
4280,19.5
4281,21.5
4282,23.5
4283,25.5
4284,27.5
4285,29.5
4286,31.5
4287,33.5
4288,35.5
4289,37.5
4290,39.5
4291,41.5
4292,43.5
4293,45.5
4294,47.5
4295,1.5
4296,3.5
4297,5.5
4298,7.5
4299,9.5
4300,11.5
4301,13.5
4302,15.5
4303,17.5
4304,19.5
4305,21.5
4306,23.5
4307,25.5
4308,27.5
4309,29.5
4310,31.5
4311,33.5
4312,35.5
4313,37.5
4314,39.5
4315,41.5
4316,43.5
4317,45.5
4318,47.5
4319,1.5
4320,3.5
4321,5.5
4322,7.5
4323,9.5
4324,11.5
4325,13.5
4326,15.5
4327,17.5
4328,19.5
4329,21.5
4330,23.5
4331,25.5
4332,27.5
4333,29.5
4334,31.5
4335,33.5
4336,35.5
4337,37.5
4338,39.5
4339,41.5
4340,43.5
4341,45.5
4342,47.5
4343,1.5
4344,3.5
4345,5.5
4346,7.5
4347,9.5
4348,11.5
4349,13.5
4350,15.5
4351,17.5
4352,19.5
4353,21.5
4354,23.5
4355,25.5
4356,27.5
4357,29.5
4358,31.5
4359,33.5
4360,35.5
4361,37.5
4362,39.5
4363,41.5
4364,43.5
4365,45.5
4366,47.5
4367,1.5
4368,3.5
4369,5.5
4370,7.5
4371,9.5
4372,11.5
4373,13.5
4374,15.5
4375,17.5
4376,19.5
4377,21.5
4378,23.5
4379,25.5
4380,27.5
4381,29.5
4382,31.5
4383,33.5
4384,35.5
4385,37.5
4386,39.5
4387,41.5
4388,43.5
4389,45.5
4390,47.5
4391,1.5
4392,3.5
4393,5.5
4394,7.5
4395,9.5
4396,11.5
4397,13.5
4398,15.5
4399,17.5
4400,19.5
4401,21.5
4402,23.5
4403,25.5
4404,27.5
4405,29.5
4406,31.5
4407,33.5
4408,35.5
4409,37.5
4410,39.5
4411,41.5
4412,43.5
4413,45.5
4414,47.5
4415,1.5
4416,3.5
4417,5.5
4418,7.5
4419,9.5
4420,11.5
4421,13.5
4422,15.5
4423,17.5
4424,19.5
4425,21.5
4426,23.5
4427,25.5
4428,27.5
4429,29.5
4430,31.5
4431,33.5
4432,35.5
4433,37.5
4434,39.5
4435,41.5
4436,43.5
4437,45.5
4438,47.5
4439,1.5
4440,3.5
4441,5.5
4442,7.5
4443,9.5
4444,11.5
4445,13.5
4446,15.5
4447,17.5
4448,19.5
4449,21.5
4450,23.5
4451,25.5
4452,27.5
4453,29.5
4454,31.5
4455,33.5
4456,35.5
4457,37.5
4458,39.5
4459,41.5
4460,43.5
4461,45.5
4462,47.5
4463,1.5
4464,3.5
4465,5.5
4466,7.5
4467,9.5
4468,11.5
4469,13.5
4470,15.5
4471,17.5
4472,19.5
4473,21.5
4474,23.5
4475,25.5
4476,27.5
4477,29.5
4478,31.5
4479,33.5
4480,35.5
4481,37.5
4482,39.5
4483,41.5
4484,43.5
4485,45.5
4486,47.5
4487,1.5
4488,3.5
4489,5.5
4490,7.5
4491,9.5
4492,11.5
4493,13.5
4494,15.5
4495,17.5
4496,19.5
4497,21.5
4498,23.5
4499,25.5
4500,27.5
4501,29.5
4502,31.5
4503,33.5
4504,35.5
4505,37.5
4506,39.5
4507,41.5
4508,43.5
4509,45.5
4510,47.5
4511,1.5
4512,3.5
4513,5.5
4514,7.5
4515,9.5
4516,11.5
4517,13.5
4518,15.5
4519,17.5
4520,19.5
4521,21.5
4522,23.5
4523,25.5
4524,27.5
4525,29.5
4526,31.5
4527,33.5
4528,35.5
4529,37.5
4530,39.5
4531,41.5
4532,43.5
4533,45.5
4534,47.5
4535,1.5
4536,3.5
4537,5.5
4538,7.5
4539,9.5
4540,11.5
4541,13.5
4542,15.5
4543,17.5
4544,19.5
4545,21.5
4546,23.5
4547,25.5
4548,27.5
4549,29.5
4550,31.5
4551,33.5
4552,35.5
4553,37.5
4554,39.5
4555,41.5
4556,43.5
4557,45.5
4558,47.5
4559,1.5
4560,3.5
4561,5.5
4562,7.5
4563,9.5
4564,11.5
4565,13.5
4566,15.5
4567,17.5
4568,19.5
4569,21.5
4570,23.5
4571,25.5
4572,27.5
4573,29.5
4574,31.5
4575,33.5
4576,35.5
4577,37.5
4578,39.5
4579,41.5
4580,43.5
4581,45.5
4582,47.5
4583,1.5
4584,3.5
4585,5.5
4586,7.5
4587,9.5
4588,11.5
4589,13.5
4590,15.5
4591,17.5
4592,19.5
4593,21.5
4594,23.5
4595,25.5
4596,27.5
4597,29.5
4598,31.5
4599,33.5
4600,35.5
4601,37.5
4602,39.5
4603,41.5
4604,43.5
4605,45.5
4606,47.5
4607,1.5
4608,3.5
4609,5.5
4610,7.5
4611,9.5
4612,11.5
4613,13.5
4614,15.5
4615,17.5
4616,19.5
4617,21.5
4618,23.5
4619,25.5
4620,27.5
4621,29.5
4622,31.5
4623,33.5
4624,35.5
4625,37.5
4626,39.5
4627,41.5
4628,43.5
4629,45.5
4630,47.5
4631,1.5
4632,3.5
4633,5.5
4634,7.5
4635,9.5
4636,11.5
4637,13.5
4638,15.5
4639,17.5
4640,19.5
4641,21.5
4642,23.5
4643,25.5
4644,27.5
4645,29.5
4646,31.5
4647,33.5
4648,35.5
4649,37.5
4650,39.5
4651,41.5
4652,43.5
4653,45.5
4654,47.5
4655,1.5
4656,3.5
4657,5.5
4658,7.5
4659,9.5
4660,11.5
4661,13.5
4662,15.5
4663,17.5
4664,19.5
4665,21.5
4666,23.5
4667,25.5
4668,27.5
4669,29.5
4670,31.5
4671,33.5
4672,35.5
4673,37.5
4674,39.5
4675,41.5
4676,43.5
4677,45.5
4678,47.5
4679,1.5
4680,3.5
4681,5.5
4682,7.5
4683,9.5
4684,11.5
4685,13.5
4686,15.5
4687,17.5
4688,19.5
4689,21.5
4690,23.5
4691,25.5
4692,27.5
4693,29.5
4694,31.5
4695,33.5
4696,35.5
4697,37.5
4698,39.5
4699,41.5
4700,43.5
4701,45.5
4702,47.5
4703,1.5
4704,3.5
4705,5.5
4706,7.5
4707,9.5
4708,11.5
4709,13.5
4710,15.5
4711,17.5
4712,19.5
4713,21.5
4714,23.5
4715,25.5
4716,27.5
4717,29.5
4718,31.5
4719,33.5
4720,35.5
4721,37.5
4722,39.5
4723,41.5
4724,43.5
4725,45.5
4726,47.5
4727,1.5
4728,3.5
4729,5.5
4730,7.5
4731,9.5
4732,11.5
4733,13.5
4734,15.5
4735,17.5
4736,19.5
4737,21.5
4738,23.5
4739,25.5
4740,27.5
4741,29.5
4742,31.5
4743,33.5
4744,35.5
4745,37.5
4746,39.5
4747,41.5
4748,43.5
4749,45.5
4750,47.5
4751,1.5
4752,3.5
4753,5.5
4754,7.5
4755,9.5
4756,11.5
4757,13.5
4758,15.5
4759,17.5
4760,19.5
4761,21.5
4762,23.5
4763,25.5
4764,27.5
4765,29.5
4766,31.5
4767,33.5
4768,35.5
4769,37.5
4770,39.5
4771,41.5
4772,43.5
4773,45.5
4774,47.5
4775,1.5
4776,3.5
4777,5.5
4778,7.5
4779,9.5
4780,11.5
4781,13.5
4782,15.5
4783,17.5
4784,19.5
4785,21.5
4786,23.5
4787,25.5
4788,27.5
4789,29.5
4790,31.5
4791,33.5
4792,35.5
4793,37.5
4794,39.5
4795,41.5
4796,43.5
4797,45.5
4798,47.5
4799,1.5
4800,3.5
4801,5.5
4802,7.5
4803,9.5
4804,11.5
4805,13.5
4806,15.5
4807,17.5
4808,19.5
4809,21.5
4810,23.5
4811,25.5
4812,27.5
4813,29.5
4814,31.5
4815,33.5
4816,35.5
4817,37.5
4818,39.5
4819,41.5
4820,43.5
4821,45.5
4822,47.5
4823,1.5
4824,3.5
4825,5.5
4826,7.5
4827,9.5
4828,11.5
4829,13.5
4830,15.5
4831,17.5
4832,19.5
4833,21.5
4834,23.5
4835,25.5
4836,27.5
4837,29.5
4838,31.5
4839,33.5
4840,35.5
4841,37.5
4842,39.5
4843,41.5
4844,43.5
4845,45.5
4846,47.5
4847,1.5
4848,3.5
4849,5.5
4850,7.5
4851,9.5
4852,11.5
4853,13.5
4854,15.5
4855,17.5
4856,19.5
4857,21.5
4858,23.5
4859,25.5
4860,27.5
4861,29.5
4862,31.5
4863,33.5
4864,35.5
4865,37.5
4866,39.5
4867,41.5
4868,43.5
4869,45.5
4870,47.5
4871,1.5
4872,3.5
4873,5.5
4874,7.5
4875,9.5
4876,11.5
4877,13.5
4878,15.5
4879,17.5
4880,19.5
4881,21.5
4882,23.5
4883,25.5
4884,27.5
4885,29.5
4886,31.5
4887,33.5
4888,35.5
4889,37.5
4890,39.5
4891,41.5
4892,43.5
4893,45.5
4894,47.5
4895,1.5
4896,3.5
4897,5.5
4898,7.5
4899,9.5
4900,11.5
4901,13.5
4902,15.5
4903,17.5
4904,19.5
4905,21.5
4906,23.5
4907,25.5
4908,27.5
4909,29.5
4910,31.5
4911,33.5
4912,35.5
4913,37.5
4914,39.5
4915,41.5
4916,43.5
4917,45.5
4918,47.5
4919,1.5
4920,3.5
4921,5.5
4922,7.5
4923,9.5
4924,11.5
4925,13.5
4926,15.5
4927,17.5
4928,19.5
4929,21.5
4930,23.5
4931,25.5
4932,27.5
4933,29.5
4934,31.5
4935,33.5
4936,35.5
4937,37.5
4938,39.5
4939,41.5
4940,43.5
4941,45.5
4942,47.5
4943,1.5
4944,3.5
4945,5.5
4946,7.5
4947,9.5
4948,11.5
4949,13.5
4950,15.5
4951,17.5
4952,19.5
4953,21.5
4954,23.5
4955,25.5
4956,27.5
4957,29.5
4958,31.5
4959,33.5
4960,35.5
4961,37.5
4962,39.5
4963,41.5
4964,43.5
4965,45.5
4966,47.5
4967,1.5
4968,3.5
4969,5.5
4970,7.5
4971,9.5
4972,11.5
4973,13.5
4974,15.5
4975,17.5
4976,19.5
4977,21.5
4978,23.5
4979,25.5
4980,27.5
4981,29.5
4982,31.5
4983,33.5
4984,35.5
4985,37.5
4986,39.5
4987,41.5
4988,43.5
4989,45.5
4990,47.5
4991,1.5
4992,3.5
4993,5.5
4994,7.5
4995,9.5
4996,11.5
4997,13.5
4998,15.5
4999,17.5
5000,19.5
5001,21.5
5002,23.5
5003,25.5
5004,27.5
5005,29.5
5006,31.5
5007,33.5
5008,35.5
5009,37.5
5010,39.5
5011,41.5
5012,43.5
5013,45.5
5014,47.5
5015,1.5
5016,3.5
5017,5.5
5018,7.5
5019,9.5
5020,11.5
5021,13.5
5022,15.5
5023,17.5
5024,19.5
5025,21.5
5026,23.5
5027,25.5
5028,27.5
5029,29.5
5030,31.5
5031,33.5
5032,35.5
5033,37.5
5034,39.5
5035,41.5
5036,43.5
5037,45.5
5038,47.5
5039,1.5
5040,3.5
5041,5.5
5042,7.5
5043,9.5
5044,11.5
5045,13.5
5046,15.5
5047,17.5
5048,19.5
5049,21.5
5050,23.5
5051,25.5
5052,27.5
5053,29.5
5054,31.5
5055,33.5
5056,35.5
5057,37.5
5058,39.5
5059,41.5
5060,43.5
5061,45.5
5062,47.5
5063,1.5
5064,3.5
5065,5.5
5066,7.5
5067,9.5
5068,11.5
5069,13.5
5070,15.5
5071,17.5
5072,19.5
5073,21.5
5074,23.5
5075,25.5
5076,27.5
5077,29.5
5078,31.5
5079,33.5
5080,35.5
5081,37.5
5082,39.5
5083,41.5
5084,43.5
5085,45.5
5086,47.5
5087,1.5
5088,3.5
5089,5.5
5090,7.5
5091,9.5
5092,11.5
5093,13.5
5094,15.5
5095,17.5
5096,19.5
5097,21.5
5098,23.5
5099,25.5
5100,27.5
5101,29.5
5102,31.5
5103,33.5
5104,35.5
5105,37.5
5106,39.5
5107,41.5
5108,43.5
5109,45.5
5110,47.5
5111,1.5
5112,3.5
5113,5.5
5114,7.5
5115,9.5
5116,11.5
5117,13.5
5118,15.5
5119,17.5
5120,19.5
5121,21.5
5122,23.5
5123,25.5
5124,27.5
5125,29.5
5126,31.5
5127,33.5
5128,35.5
5129,37.5
5130,39.5
5131,41.5
5132,43.5
5133,45.5
5134,47.5
5135,1.5
5136,3.5
5137,5.5
5138,7.5
5139,9.5
5140,11.5
5141,13.5
5142,15.5
5143,17.5
5144,19.5
5145,21.5
5146,23.5
5147,25.5
5148,27.5
5149,29.5
5150,31.5
5151,33.5
5152,35.5
5153,37.5
5154,39.5
5155,41.5
5156,43.5
5157,45.5
5158,47.5
5159,1.5
5160,3.5
5161,5.5
5162,7.5
5163,9.5
5164,11.5
5165,13.5
5166,15.5
5167,17.5
5168,19.5
5169,21.5
5170,23.5
5171,25.5
5172,27.5
5173,29.5
5174,31.5
5175,33.5
5176,35.5
5177,37.5
5178,39.5
5179,41.5
5180,43.5
5181,45.5
5182,47.5
5183,1.5
5184,3.5
5185,5.5
5186,7.5
5187,9.5
5188,11.5
5189,13.5
5190,15.5
5191,17.5
5192,19.5
5193,21.5
5194,23.5
5195,25.5
5196,27.5
5197,29.5
5198,31.5
5199,33.5
5200,35.5
5201,37.5
5202,39.5
5203,41.5
5204,43.5
5205,45.5
5206,47.5
5207,1.5
5208,3.5
5209,5.5
5210,7.5
5211,9.5
5212,11.5
5213,13.5
5214,15.5
5215,17.5
5216,19.5
5217,21.5
5218,23.5
5219,25.5
5220,27.5
5221,29.5
5222,31.5
5223,33.5
5224,35.5
5225,37.5
5226,39.5
5227,41.5
5228,43.5
5229,45.5
5230,47.5
5231,1.5
5232,3.5
5233,5.5
5234,7.5
5235,9.5
5236,11.5
5237,13.5
5238,15.5
5239,17.5
5240,19.5
5241,21.5
5242,23.5
5243,25.5
5244,27.5
5245,29.5
5246,31.5
5247,33.5
5248,35.5
5249,37.5
5250,39.5
5251,41.5
5252,43.5
5253,45.5
5254,47.5
5255,1.5
5256,3.5
5257,5.5
5258,7.5
5259,9.5
5260,11.5
5261,13.5
5262,15.5
5263,17.5
5264,19.5
5265,21.5
5266,23.5
5267,25.5
5268,27.5
5269,29.5
5270,31.5
5271,33.5
5272,35.5
5273,37.5
5274,39.5
5275,41.5
5276,43.5
5277,45.5
5278,47.5
5279,1.5
5280,3.5
5281,5.5
5282,7.5
5283,9.5
5284,11.5
5285,13.5
5286,15.5
5287,17.5
5288,19.5
5289,21.5
5290,23.5
5291,25.5
5292,27.5
5293,29.5
5294,31.5
5295,33.5
5296,35.5
5297,37.5
5298,39.5
5299,41.5
5300,43.5
5301,45.5
5302,47.5
5303,1.5
5304,3.5
5305,5.5
5306,7.5
5307,9.5
5308,11.5
5309,13.5
5310,15.5
5311,17.5
5312,19.5
5313,21.5
5314,23.5
5315,25.5
5316,27.5
5317,29.5
5318,31.5
5319,33.5
5320,35.5
5321,37.5
5322,39.5
5323,41.5
5324,43.5
5325,45.5
5326,47.5
5327,1.5
5328,3.5
5329,5.5
5330,7.5
5331,9.5
5332,11.5
5333,13.5
5334,15.5
5335,17.5
5336,19.5
5337,21.5
5338,23.5
5339,25.5
5340,27.5
5341,29.5
5342,31.5
5343,33.5
5344,35.5
5345,37.5
5346,39.5
5347,41.5
5348,43.5
5349,45.5
5350,47.5
5351,1.5
5352,3.5
5353,5.5
5354,7.5
5355,9.5
5356,11.5
5357,13.5
5358,15.5
5359,17.5
5360,19.5
5361,21.5
5362,23.5
5363,25.5
5364,27.5
5365,29.5
5366,31.5
5367,33.5
5368,35.5
5369,37.5
5370,39.5
5371,41.5
5372,43.5
5373,45.5
5374,47.5
5375,1.5
5376,3.5
5377,5.5
5378,7.5
5379,9.5
5380,11.5
5381,13.5
5382,15.5
5383,17.5
5384,19.5
5385,21.5
5386,23.5
5387,25.5
5388,27.5
5389,29.5
5390,31.5
5391,33.5
5392,35.5
5393,37.5
5394,39.5
5395,41.5
5396,43.5
5397,45.5
5398,47.5
5399,1.5
5400,3.5
5401,5.5
5402,7.5
5403,9.5
5404,11.5
5405,13.5
5406,15.5
5407,17.5
5408,19.5
5409,21.5
5410,23.5
5411,25.5
5412,27.5
5413,29.5
5414,31.5
5415,33.5
5416,35.5
5417,37.5
5418,39.5
5419,41.5
5420,43.5
5421,45.5
5422,47.5
5423,1.5
5424,3.5
5425,5.5
5426,7.5
5427,9.5
5428,11.5
5429,13.5
5430,15.5
5431,17.5
5432,19.5
5433,21.5
5434,23.5
5435,25.5
5436,27.5
5437,29.5
5438,31.5
5439,33.5
5440,35.5
5441,37.5
5442,39.5
5443,41.5
5444,43.5
5445,45.5
5446,47.5
5447,1.5
5448,3.5
5449,5.5
5450,7.5
5451,9.5
5452,11.5
5453,13.5
5454,15.5
5455,17.5
5456,19.5
5457,21.5
5458,23.5
5459,25.5
5460,27.5
5461,29.5
5462,31.5
5463,33.5
5464,35.5
5465,37.5
5466,39.5
5467,41.5
5468,43.5
5469,45.5
5470,47.5
5471,1.5
5472,3.5
5473,5.5
5474,7.5
5475,9.5
5476,11.5
5477,13.5
5478,15.5
5479,17.5
5480,19.5
5481,21.5
5482,23.5
5483,25.5
5484,27.5
5485,29.5
5486,31.5
5487,33.5
5488,35.5
5489,37.5
5490,39.5
5491,41.5
5492,43.5
5493,45.5
5494,47.5
5495,1.5
5496,3.5
5497,5.5
5498,7.5
5499,9.5
5500,11.5
5501,13.5
5502,15.5
5503,17.5
5504,19.5
5505,21.5
5506,23.5
5507,25.5
5508,27.5
5509,29.5
5510,31.5
5511,33.5
5512,35.5
5513,37.5
5514,39.5
5515,41.5
5516,43.5
5517,45.5
5518,47.5
5519,1.5
5520,3.5
5521,5.5
5522,7.5
5523,9.5
5524,11.5
5525,13.5
5526,15.5
5527,17.5
5528,19.5
5529,21.5
5530,23.5
5531,25.5
5532,27.5
5533,29.5
5534,31.5
5535,33.5
5536,35.5
5537,37.5
5538,39.5
5539,41.5
5540,43.5
5541,45.5
5542,47.5
5543,1.5
5544,3.5
5545,5.5
5546,7.5
5547,9.5
5548,11.5
5549,13.5
5550,15.5
5551,17.5
5552,19.5
5553,21.5
5554,23.5
5555,25.5
5556,27.5
5557,29.5
5558,31.5
5559,33.5
5560,35.5
5561,37.5
5562,39.5
5563,41.5
5564,43.5
5565,45.5
5566,47.5
5567,1.5
5568,3.5
5569,5.5
5570,7.5
5571,9.5
5572,11.5
5573,13.5
5574,15.5
5575,17.5
5576,19.5
5577,21.5
5578,23.5
5579,25.5
5580,27.5
5581,29.5
5582,31.5
5583,33.5
5584,35.5
5585,37.5
5586,39.5
5587,41.5
5588,43.5
5589,45.5
5590,47.5
5591,1.5
5592,3.5
5593,5.5
5594,7.5
5595,9.5
5596,11.5
5597,13.5
5598,15.5
5599,17.5
5600,19.5
5601,21.5
5602,23.5
5603,25.5
5604,27.5
5605,29.5
5606,31.5
5607,33.5
5608,35.5
5609,37.5
5610,39.5
5611,41.5
5612,43.5
5613,45.5
5614,47.5
5615,1.5
5616,3.5
5617,5.5
5618,7.5
5619,9.5
5620,11.5
5621,13.5
5622,15.5
5623,17.5
5624,19.5
5625,21.5
5626,23.5
5627,25.5
5628,27.5
5629,29.5
5630,31.5
5631,33.5
5632,35.5
5633,37.5
5634,39.5
5635,41.5
5636,43.5
5637,45.5
5638,47.5
5639,1.5
5640,3.5
5641,5.5
5642,7.5
5643,9.5
5644,11.5
5645,13.5
5646,15.5
5647,17.5
5648,19.5
5649,21.5
5650,23.5
5651,25.5
5652,27.5
5653,29.5
5654,31.5
5655,33.5
5656,35.5
5657,37.5
5658,39.5
5659,41.5
5660,43.5
5661,45.5
5662,47.5
5663,1.5
5664,3.5
5665,5.5
5666,7.5
5667,9.5
5668,11.5
5669,13.5
5670,15.5
5671,17.5
5672,19.5
5673,21.5
5674,23.5
5675,25.5
5676,27.5
5677,29.5
5678,31.5
5679,33.5
5680,35.5
5681,37.5
5682,39.5
5683,41.5
5684,43.5
5685,45.5
5686,47.5
5687,1.5
5688,3.5
5689,5.5
5690,7.5
5691,9.5
5692,11.5
5693,13.5
5694,15.5
5695,17.5
5696,19.5
5697,21.5
5698,23.5
5699,25.5
5700,27.5
5701,29.5
5702,31.5
5703,33.5
5704,35.5
5705,37.5
5706,39.5
5707,41.5
5708,43.5
5709,45.5
5710,47.5
5711,1.5
5712,3.5
5713,5.5
5714,7.5
5715,9.5
5716,11.5
5717,13.5
5718,15.5
5719,17.5
5720,19.5
5721,21.5
5722,23.5
5723,25.5
5724,27.5
5725,29.5
5726,31.5
5727,33.5
5728,35.5
5729,37.5
5730,39.5
5731,41.5
5732,43.5
5733,45.5
5734,47.5
5735,1.5
5736,3.5
5737,5.5
5738,7.5
5739,9.5
5740,11.5
5741,13.5
5742,15.5
5743,17.5
5744,19.5
5745,21.5
5746,23.5
5747,25.5
5748,27.5
5749,29.5
5750,31.5
5751,33.5
5752,35.5
5753,37.5
5754,39.5
5755,41.5
5756,43.5
5757,45.5
5758,47.5
5759,1.5
5760,3.5
5761,5.5
5762,7.5
5763,9.5
5764,11.5
5765,13.5
5766,15.5
5767,17.5
5768,19.5
5769,21.5
5770,23.5
5771,25.5
5772,27.5
5773,29.5
5774,31.5
5775,33.5
5776,35.5
5777,37.5
5778,39.5
5779,41.5
5780,43.5
5781,45.5
5782,47.5
5783,1.5
5784,3.5
5785,5.5
5786,7.5
5787,9.5
5788,11.5
5789,13.5
5790,15.5
5791,17.5
5792,19.5
5793,21.5
5794,23.5
5795,25.5
5796,27.5
5797,29.5
5798,31.5
5799,33.5
5800,35.5
5801,37.5
5802,39.5
5803,41.5
5804,43.5
5805,45.5
5806,47.5
5807,1.5
5808,3.5
5809,5.5
5810,7.5
5811,9.5
5812,11.5
5813,13.5
5814,15.5
5815,17.5
5816,19.5
5817,21.5
5818,23.5
5819,25.5
5820,27.5
5821,29.5
5822,31.5
5823,33.5
5824,35.5
5825,37.5
5826,39.5
5827,41.5
5828,43.5
5829,45.5
5830,47.5
5831,1.5
5832,3.5
5833,5.5
5834,7.5
5835,9.5
5836,11.5
5837,13.5
5838,15.5
5839,17.5
5840,19.5
5841,21.5
5842,23.5
5843,25.5
5844,27.5
5845,29.5
5846,31.5
5847,33.5
5848,35.5
5849,37.5
5850,39.5
5851,41.5
5852,43.5
5853,45.5
5854,47.5
5855,1.5
5856,3.5
5857,5.5
5858,7.5
5859,9.5
5860,11.5
5861,13.5
5862,15.5
5863,17.5
5864,19.5
5865,21.5
5866,23.5
5867,25.5
5868,27.5
5869,29.5
5870,31.5
5871,33.5
5872,35.5
5873,37.5
5874,39.5
5875,41.5
5876,43.5
5877,45.5
5878,47.5
5879,1.5
5880,3.5
5881,5.5
5882,7.5
5883,9.5
5884,11.5
5885,13.5
5886,15.5
5887,17.5
5888,19.5
5889,21.5
5890,23.5
5891,25.5
5892,27.5
5893,29.5
5894,31.5
5895,33.5
5896,35.5
5897,37.5
5898,39.5
5899,41.5
5900,43.5
5901,45.5
5902,47.5
5903,1.5
5904,3.5
5905,5.5
5906,7.5
5907,9.5
5908,11.5
5909,13.5
5910,15.5
5911,17.5
5912,19.5
5913,21.5
5914,23.5
5915,25.5
5916,27.5
5917,29.5
5918,31.5
5919,33.5
5920,35.5
5921,37.5
5922,39.5
5923,41.5
5924,43.5
5925,45.5
5926,47.5
5927,1.5
5928,3.5
5929,5.5
5930,7.5
5931,9.5
5932,11.5
5933,13.5
5934,15.5
5935,17.5
5936,19.5
5937,21.5
5938,23.5
5939,25.5
5940,27.5
5941,29.5
5942,31.5
5943,33.5
5944,35.5
5945,37.5
5946,39.5
5947,41.5
5948,43.5
5949,45.5
5950,47.5
5951,1.5
5952,3.5
5953,5.5
5954,7.5
5955,9.5
5956,11.5
5957,13.5
5958,15.5
5959,17.5
5960,19.5
5961,21.5
5962,23.5
5963,25.5
5964,27.5
5965,29.5
5966,31.5
5967,33.5
5968,35.5
5969,37.5
5970,39.5
5971,41.5
5972,43.5
5973,45.5
5974,47.5
5975,1.5
5976,3.5
5977,5.5
5978,7.5
5979,9.5
5980,11.5
5981,13.5
5982,15.5
5983,17.5
5984,19.5
5985,21.5
5986,23.5
5987,25.5
5988,27.5
5989,29.5
5990,31.5
5991,33.5
5992,35.5
5993,37.5
5994,39.5
5995,41.5
5996,43.5
5997,45.5
5998,47.5
5999,1.5
6000,3.5
6001,5.5
6002,7.5
6003,9.5
6004,11.5
6005,13.5
6006,15.5
6007,17.5
6008,19.5
6009,21.5
6010,23.5
6011,25.5
6012,27.5
6013,29.5
6014,31.5
6015,33.5
6016,35.5
6017,37.5
6018,39.5
6019,41.5
6020,43.5
6021,45.5
6022,47.5
6023,1.5
6024,3.5
6025,5.5
6026,7.5
6027,9.5
6028,11.5
6029,13.5
6030,15.5
6031,17.5
6032,19.5
6033,21.5
6034,23.5
6035,25.5
6036,27.5
6037,29.5
6038,31.5
6039,33.5
6040,35.5
6041,37.5
6042,39.5
6043,41.5
6044,43.5
6045,45.5
6046,47.5
6047,1.5
6048,3.5
6049,5.5
6050,7.5
6051,9.5
6052,11.5
6053,13.5
6054,15.5
6055,17.5
6056,19.5
6057,21.5
6058,23.5
6059,25.5
6060,27.5
6061,29.5
6062,31.5
6063,33.5
6064,35.5
6065,37.5
6066,39.5
6067,41.5
6068,43.5
6069,45.5
6070,47.5
6071,1.5
6072,3.5
6073,5.5
6074,7.5
6075,9.5
6076,11.5
6077,13.5
6078,15.5
6079,17.5
6080,19.5
6081,21.5
6082,23.5
6083,25.5
6084,27.5
6085,29.5
6086,31.5
6087,33.5
6088,35.5
6089,37.5
6090,39.5
6091,41.5
6092,43.5
6093,45.5
6094,47.5
6095,1.5
6096,3.5
6097,5.5
6098,7.5
6099,9.5
6100,11.5
6101,13.5
6102,15.5
6103,17.5
6104,19.5
6105,21.5
6106,23.5
6107,25.5
6108,27.5
6109,29.5
6110,31.5
6111,33.5
6112,35.5
6113,37.5
6114,39.5
6115,41.5
6116,43.5
6117,45.5
6118,47.5
6119,1.5
6120,3.5
6121,5.5
6122,7.5
6123,9.5
6124,11.5
6125,13.5
6126,15.5
6127,17.5
6128,19.5
6129,21.5
6130,23.5
6131,25.5
6132,27.5
6133,29.5
6134,31.5
6135,33.5
6136,35.5
6137,37.5
6138,39.5
6139,41.5
6140,43.5
6141,45.5
6142,47.5
6143,1.5
6144,3.5
6145,5.5
6146,7.5
6147,9.5
6148,11.5
6149,13.5
6150,15.5
6151,17.5
6152,19.5
6153,21.5
6154,23.5
6155,25.5
6156,27.5
6157,29.5
6158,31.5
6159,33.5
6160,35.5
6161,37.5
6162,39.5
6163,41.5
6164,43.5
6165,45.5
6166,47.5
6167,1.5
6168,3.5
6169,5.5
6170,7.5
6171,9.5
6172,11.5
6173,13.5
6174,15.5
6175,17.5
6176,19.5
6177,21.5
6178,23.5
6179,25.5
6180,27.5
6181,29.5
6182,31.5
6183,33.5
6184,35.5
6185,37.5
6186,39.5
6187,41.5
6188,43.5
6189,45.5
6190,47.5
6191,1.5
6192,3.5
6193,5.5
6194,7.5
6195,9.5
6196,11.5
6197,13.5
6198,15.5
6199,17.5
6200,19.5
6201,21.5
6202,23.5
6203,25.5
6204,27.5
6205,29.5
6206,31.5
6207,33.5
6208,35.5
6209,37.5
6210,39.5
6211,41.5
6212,43.5
6213,45.5
6214,47.5
6215,1.5
6216,3.5
6217,5.5
6218,7.5
6219,9.5
6220,11.5
6221,13.5
6222,15.5
6223,17.5
6224,19.5
6225,21.5
6226,23.5
6227,25.5
6228,27.5
6229,29.5
6230,31.5
6231,33.5
6232,35.5
6233,37.5
6234,39.5
6235,41.5
6236,43.5
6237,45.5
6238,47.5
6239,1.5
6240,3.5
6241,5.5
6242,7.5
6243,9.5
6244,11.5
6245,13.5
6246,15.5
6247,17.5
6248,19.5
6249,21.5
6250,23.5
6251,25.5
6252,27.5
6253,29.5
6254,31.5
6255,33.5
6256,35.5
6257,37.5
6258,39.5
6259,41.5
6260,43.5
6261,45.5
6262,47.5
6263,1.5
6264,3.5
6265,5.5
6266,7.5
6267,9.5
6268,11.5
6269,13.5
6270,15.5
6271,17.5
6272,19.5
6273,21.5
6274,23.5
6275,25.5
6276,27.5
6277,29.5
6278,31.5
6279,33.5
6280,35.5
6281,37.5
6282,39.5
6283,41.5
6284,43.5
6285,45.5
6286,47.5
6287,1.5
6288,3.5
6289,5.5
6290,7.5
6291,9.5
6292,11.5
6293,13.5
6294,15.5
6295,17.5
6296,19.5
6297,21.5
6298,23.5
6299,25.5
6300,27.5
6301,29.5
6302,31.5
6303,33.5
6304,35.5
6305,37.5
6306,39.5
6307,41.5
6308,43.5
6309,45.5
6310,47.5
6311,1.5
6312,3.5
6313,5.5
6314,7.5
6315,9.5
6316,11.5
6317,13.5
6318,15.5
6319,17.5
6320,19.5
6321,21.5
6322,23.5
6323,25.5
6324,27.5
6325,29.5
6326,31.5
6327,33.5
6328,35.5
6329,37.5
6330,39.5
6331,41.5
6332,43.5
6333,45.5
6334,47.5
6335,1.5
6336,3.5
6337,5.5
6338,7.5
6339,9.5
6340,11.5
6341,13.5
6342,15.5
6343,17.5
6344,19.5
6345,21.5
6346,23.5
6347,25.5
6348,27.5
6349,29.5
6350,31.5
6351,33.5
6352,35.5
6353,37.5
6354,39.5
6355,41.5
6356,43.5
6357,45.5
6358,47.5
6359,1.5
6360,3.5
6361,5.5
6362,7.5
6363,9.5
6364,11.5
6365,13.5
6366,15.5
6367,17.5
6368,19.5
6369,21.5
6370,23.5
6371,25.5
6372,27.5
6373,29.5
6374,31.5
6375,33.5
6376,35.5
6377,37.5
6378,39.5
6379,41.5
6380,43.5
6381,45.5
6382,47.5
6383,1.5
6384,3.5
6385,5.5
6386,7.5
6387,9.5
6388,11.5
6389,13.5
6390,15.5
6391,17.5
6392,19.5
6393,21.5
6394,23.5
6395,25.5
6396,27.5
6397,29.5
6398,31.5
6399,33.5
6400,35.5
6401,37.5
6402,39.5
6403,41.5
6404,43.5
6405,45.5
6406,47.5
6407,1.5
6408,3.5
6409,5.5
6410,7.5
6411,9.5
6412,11.5
6413,13.5
6414,15.5
6415,17.5
6416,19.5
6417,21.5
6418,23.5
6419,25.5
6420,27.5
6421,29.5
6422,31.5
6423,33.5
6424,35.5
6425,37.5
6426,39.5
6427,41.5
6428,43.5
6429,45.5
6430,47.5
6431,1.5
6432,3.5
6433,5.5
6434,7.5
6435,9.5
6436,11.5
6437,13.5
6438,15.5
6439,17.5
6440,19.5
6441,21.5
6442,23.5
6443,25.5
6444,27.5
6445,29.5
6446,31.5
6447,33.5
6448,35.5
6449,37.5
6450,39.5
6451,41.5
6452,43.5
6453,45.5
6454,47.5
6455,1.5
6456,3.5
6457,5.5
6458,7.5
6459,9.5
6460,11.5
6461,13.5
6462,15.5
6463,17.5
6464,19.5
6465,21.5
6466,23.5
6467,25.5
6468,27.5
6469,29.5
6470,31.5
6471,33.5
6472,35.5
6473,37.5
6474,39.5
6475,41.5
6476,43.5
6477,45.5
6478,47.5
6479,1.5
6480,3.5
6481,5.5
6482,7.5
6483,9.5
6484,11.5
6485,13.5
6486,15.5
6487,17.5
6488,19.5
6489,21.5
6490,23.5
6491,25.5
6492,27.5
6493,29.5
6494,31.5
6495,33.5
6496,35.5
6497,37.5
6498,39.5
6499,41.5
6500,43.5
6501,45.5
6502,47.5
6503,1.5
6504,3.5
6505,5.5
6506,7.5
6507,9.5
6508,11.5
6509,13.5
6510,15.5
6511,17.5
6512,19.5
6513,21.5
6514,23.5
6515,25.5
6516,27.5
6517,29.5
6518,31.5
6519,33.5
6520,35.5
6521,37.5
6522,39.5
6523,41.5
6524,43.5
6525,45.5
6526,47.5
6527,1.5
6528,3.5
6529,5.5
6530,7.5
6531,9.5
6532,11.5
6533,13.5
6534,15.5
6535,17.5
6536,19.5
6537,21.5
6538,23.5
6539,25.5
6540,27.5
6541,29.5
6542,31.5
6543,33.5
6544,35.5
6545,37.5
6546,39.5
6547,41.5
6548,43.5
6549,45.5
6550,47.5
6551,1.5
6552,3.5
6553,5.5
6554,7.5
6555,9.5
6556,11.5
6557,13.5
6558,15.5
6559,17.5
6560,19.5
6561,21.5
6562,23.5
6563,25.5
6564,27.5
6565,29.5
6566,31.5
6567,33.5
6568,35.5
6569,37.5
6570,39.5
6571,41.5
6572,43.5
6573,45.5
6574,47.5
6575,1.5
6576,3.5
6577,5.5
6578,7.5
6579,9.5
6580,11.5
6581,13.5
6582,15.5
6583,17.5
6584,19.5
6585,21.5
6586,23.5
6587,25.5
6588,27.5
6589,29.5
6590,31.5
6591,33.5
6592,35.5
6593,37.5
6594,39.5
6595,41.5
6596,43.5
6597,45.5
6598,47.5
6599,1.5
6600,3.5
6601,5.5
6602,7.5
6603,9.5
6604,11.5
6605,13.5
6606,15.5
6607,17.5
6608,19.5
6609,21.5
6610,23.5
6611,25.5
6612,27.5
6613,29.5
6614,31.5
6615,33.5
6616,35.5
6617,37.5
6618,39.5
6619,41.5
6620,43.5
6621,45.5
6622,47.5
6623,1.5
6624,3.5
6625,5.5
6626,7.5
6627,9.5
6628,11.5
6629,13.5
6630,15.5
6631,17.5
6632,19.5
6633,21.5
6634,23.5
6635,25.5
6636,27.5
6637,29.5
6638,31.5
6639,33.5
6640,35.5
6641,37.5
6642,39.5
6643,41.5
6644,43.5
6645,45.5
6646,47.5
6647,1.5
6648,3.5
6649,5.5
6650,7.5
6651,9.5
6652,11.5
6653,13.5
6654,15.5
6655,17.5
6656,19.5
6657,21.5
6658,23.5
6659,25.5
6660,27.5
6661,29.5
6662,31.5
6663,33.5
6664,35.5
6665,37.5
6666,39.5
6667,41.5
6668,43.5
6669,45.5
6670,47.5
6671,1.5
6672,3.5
6673,5.5
6674,7.5
6675,9.5
6676,11.5
6677,13.5
6678,15.5
6679,17.5
6680,19.5
6681,21.5
6682,23.5
6683,25.5
6684,27.5
6685,29.5
6686,31.5
6687,33.5
6688,35.5
6689,37.5
6690,39.5
6691,41.5
6692,43.5
6693,45.5
6694,47.5
6695,1.5
6696,3.5
6697,5.5
6698,7.5
6699,9.5
6700,11.5
6701,13.5
6702,15.5
6703,17.5
6704,19.5
6705,21.5
6706,23.5
6707,25.5
6708,27.5
6709,29.5
6710,31.5
6711,33.5
6712,35.5
6713,37.5
6714,39.5
6715,41.5
6716,43.5
6717,45.5
6718,47.5
6719,1.5
6720,3.5
6721,5.5
6722,7.5
6723,9.5
6724,11.5
6725,13.5
6726,15.5
6727,17.5
6728,19.5
6729,21.5
6730,23.5
6731,25.5
6732,27.5
6733,29.5
6734,31.5
6735,33.5
6736,35.5
6737,37.5
6738,39.5
6739,41.5
6740,43.5
6741,45.5
6742,47.5
6743,1.5
6744,3.5
6745,5.5
6746,7.5
6747,9.5
6748,11.5
6749,13.5
6750,15.5
6751,17.5
6752,19.5
6753,21.5
6754,23.5
6755,25.5
6756,27.5
6757,29.5
6758,31.5
6759,33.5
6760,35.5
6761,37.5
6762,39.5
6763,41.5
6764,43.5
6765,45.5
6766,47.5
6767,1.5
6768,3.5
6769,5.5
6770,7.5
6771,9.5
6772,11.5
6773,13.5
6774,15.5
6775,17.5
6776,19.5
6777,21.5
6778,23.5
6779,25.5
6780,27.5
6781,29.5
6782,31.5
6783,33.5
6784,35.5
6785,37.5
6786,39.5
6787,41.5
6788,43.5
6789,45.5
6790,47.5
6791,1.5
6792,3.5
6793,5.5
6794,7.5
6795,9.5
6796,11.5
6797,13.5
6798,15.5
6799,17.5
6800,19.5
6801,21.5
6802,23.5
6803,25.5
6804,27.5
6805,29.5
6806,31.5
6807,33.5
6808,35.5
6809,37.5
6810,39.5
6811,41.5
6812,43.5
6813,45.5
6814,47.5
6815,1.5
6816,3.5
6817,5.5
6818,7.5
6819,9.5
6820,11.5
6821,13.5
6822,15.5
6823,17.5
6824,19.5
6825,21.5
6826,23.5
6827,25.5
6828,27.5
6829,29.5
6830,31.5
6831,33.5
6832,35.5
6833,37.5
6834,39.5
6835,41.5
6836,43.5
6837,45.5
6838,47.5
6839,1.5
6840,3.5
6841,5.5
6842,7.5
6843,9.5
6844,11.5
6845,13.5
6846,15.5
6847,17.5
6848,19.5
6849,21.5
6850,23.5
6851,25.5
6852,27.5
6853,29.5
6854,31.5
6855,33.5
6856,35.5
6857,37.5
6858,39.5
6859,41.5
6860,43.5
6861,45.5
6862,47.5
6863,1.5
6864,3.5
6865,5.5
6866,7.5
6867,9.5
6868,11.5
6869,13.5
6870,15.5
6871,17.5
6872,19.5
6873,21.5
6874,23.5
6875,25.5
6876,27.5
6877,29.5
6878,31.5
6879,33.5
6880,35.5
6881,37.5
6882,39.5
6883,41.5
6884,43.5
6885,45.5
6886,47.5
6887,1.5
6888,3.5
6889,5.5
6890,7.5
6891,9.5
6892,11.5
6893,13.5
6894,15.5
6895,17.5
6896,19.5
6897,21.5
6898,23.5
6899,25.5
6900,27.5
6901,29.5
6902,31.5
6903,33.5
6904,35.5
6905,37.5
6906,39.5
6907,41.5
6908,43.5
6909,45.5
6910,47.5
6911,1.5
6912,3.5
6913,5.5
6914,7.5
6915,9.5
6916,11.5
6917,13.5
6918,15.5
6919,17.5
6920,19.5
6921,21.5
6922,23.5
6923,25.5
6924,27.5
6925,29.5
6926,31.5
6927,33.5
6928,35.5
6929,37.5
6930,39.5
6931,41.5
6932,43.5
6933,45.5
6934,47.5
6935,1.5
6936,3.5
6937,5.5
6938,7.5
6939,9.5
6940,11.5
6941,13.5
6942,15.5
6943,17.5
6944,19.5
6945,21.5
6946,23.5
6947,25.5
6948,27.5
6949,29.5
6950,31.5
6951,33.5
6952,35.5
6953,37.5
6954,39.5
6955,41.5
6956,43.5
6957,45.5
6958,47.5
6959,1.5
6960,3.5
6961,5.5
6962,7.5
6963,9.5
6964,11.5
6965,13.5
6966,15.5
6967,17.5
6968,19.5
6969,21.5
6970,23.5
6971,25.5
6972,27.5
6973,29.5
6974,31.5
6975,33.5
6976,35.5
6977,37.5
6978,39.5
6979,41.5
6980,43.5
6981,45.5
6982,47.5
6983,1.5
6984,3.5
6985,5.5
6986,7.5
6987,9.5
6988,11.5
6989,13.5
6990,15.5
6991,17.5
6992,19.5
6993,21.5
6994,23.5
6995,25.5
6996,27.5
6997,29.5
6998,31.5
6999,33.5
7000,35.5
7001,37.5
7002,39.5
7003,41.5
7004,43.5
7005,45.5
7006,47.5
7007,1.5
7008,3.5
7009,5.5
7010,7.5
7011,9.5
7012,11.5
7013,13.5
7014,15.5
7015,17.5
7016,19.5
7017,21.5
7018,23.5
7019,25.5
7020,27.5
7021,29.5
7022,31.5
7023,33.5
7024,35.5
7025,37.5
7026,39.5
7027,41.5
7028,43.5
7029,45.5
7030,47.5
7031,1.5
7032,3.5
7033,5.5
7034,7.5
7035,9.5
7036,11.5
7037,13.5
7038,15.5
7039,17.5
7040,19.5
7041,21.5
7042,23.5
7043,25.5
7044,27.5
7045,29.5
7046,31.5
7047,33.5
7048,35.5
7049,37.5
7050,39.5
7051,41.5
7052,43.5
7053,45.5
7054,47.5
7055,1.5
7056,3.5
7057,5.5
7058,7.5
7059,9.5
7060,11.5
7061,13.5
7062,15.5
7063,17.5
7064,19.5
7065,21.5
7066,23.5
7067,25.5
7068,27.5
7069,29.5
7070,31.5
7071,33.5
7072,35.5
7073,37.5
7074,39.5
7075,41.5
7076,43.5
7077,45.5
7078,47.5
7079,1.5
7080,3.5
7081,5.5
7082,7.5
7083,9.5
7084,11.5
7085,13.5
7086,15.5
7087,17.5
7088,19.5
7089,21.5
7090,23.5
7091,25.5
7092,27.5
7093,29.5
7094,31.5
7095,33.5
7096,35.5
7097,37.5
7098,39.5
7099,41.5
7100,43.5
7101,45.5
7102,47.5
7103,1.5
7104,3.5
7105,5.5
7106,7.5
7107,9.5
7108,11.5
7109,13.5
7110,15.5
7111,17.5
7112,19.5
7113,21.5
7114,23.5
7115,25.5
7116,27.5
7117,29.5
7118,31.5
7119,33.5
7120,35.5
7121,37.5
7122,39.5
7123,41.5
7124,43.5
7125,45.5
7126,47.5
7127,1.5
7128,3.5
7129,5.5
7130,7.5
7131,9.5
7132,11.5
7133,13.5
7134,15.5
7135,17.5
7136,19.5
7137,21.5
7138,23.5
7139,25.5
7140,27.5
7141,29.5
7142,31.5
7143,33.5
7144,35.5
7145,37.5
7146,39.5
7147,41.5
7148,43.5
7149,45.5
7150,47.5
7151,1.5
7152,3.5
7153,5.5
7154,7.5
7155,9.5
7156,11.5
7157,13.5
7158,15.5
7159,17.5
7160,19.5
7161,21.5
7162,23.5
7163,25.5
7164,27.5
7165,29.5
7166,31.5
7167,33.5
7168,35.5
7169,37.5
7170,39.5
7171,41.5
7172,43.5
7173,45.5
7174,47.5
7175,1.5
7176,3.5
7177,5.5
7178,7.5
7179,9.5
7180,11.5
7181,13.5
7182,15.5
7183,17.5
7184,19.5
7185,21.5
7186,23.5
7187,25.5
7188,27.5
7189,29.5
7190,31.5
7191,33.5
7192,35.5
7193,37.5
7194,39.5
7195,41.5
7196,43.5
7197,45.5
7198,47.5
7199,1.5
7200,3.5
7201,5.5
7202,7.5
7203,9.5
7204,11.5
7205,13.5
7206,15.5
7207,17.5
7208,19.5
7209,21.5
7210,23.5
7211,25.5
7212,27.5
7213,29.5
7214,31.5
7215,33.5
7216,35.5
7217,37.5
7218,39.5
7219,41.5
7220,43.5
7221,45.5
7222,47.5
7223,49.5
7224,1.5
7225,3.5
7226,5.5
7227,7.5
7228,9.5
7229,11.5
7230,13.5
7231,15.5
7232,17.5
7233,19.5
7234,21.5
7235,23.5
7236,25.5
7237,27.5
7238,29.5
7239,31.5
7240,33.5
7241,35.5
7242,37.5
7243,39.5
7244,41.5
7245,43.5
7246,45.5
7247,47.5
7248,1.5
7249,3.5
7250,5.5
7251,7.5
7252,9.5
7253,11.5
7254,13.5
7255,15.5
7256,17.5
7257,19.5
7258,21.5
7259,23.5
7260,25.5
7261,27.5
7262,29.5
7263,31.5
7264,33.5
7265,35.5
7266,37.5
7267,39.5
7268,41.5
7269,43.5
7270,45.5
7271,47.5
7272,1.5
7273,3.5
7274,5.5
7275,7.5
7276,9.5
7277,11.5
7278,13.5
7279,15.5
7280,17.5
7281,19.5
7282,21.5
7283,23.5
7284,25.5
7285,27.5
7286,29.5
7287,31.5
7288,33.5
7289,35.5
7290,37.5
7291,39.5
7292,41.5
7293,43.5
7294,45.5
7295,47.5
7296,1.5
7297,3.5
7298,5.5
7299,7.5
7300,9.5
7301,11.5
7302,13.5
7303,15.5
7304,17.5
7305,19.5
7306,21.5
7307,23.5
7308,25.5
7309,27.5
7310,29.5
7311,31.5
7312,33.5
7313,35.5
7314,37.5
7315,39.5
7316,41.5
7317,43.5
7318,45.5
7319,47.5
7320,1.5
7321,3.5
7322,5.5
7323,7.5
7324,9.5
7325,11.5
7326,13.5
7327,15.5
7328,17.5
7329,19.5
7330,21.5
7331,23.5
7332,25.5
7333,27.5
7334,29.5
7335,31.5
7336,33.5
7337,35.5
7338,37.5
7339,39.5
7340,41.5
7341,43.5
7342,45.5
7343,47.5
7344,1.5
7345,3.5
7346,5.5
7347,7.5
7348,9.5
7349,11.5
7350,13.5
7351,15.5
7352,17.5
7353,19.5
7354,21.5
7355,23.5
7356,25.5
7357,27.5
7358,29.5
7359,31.5
7360,33.5
7361,35.5
7362,37.5
7363,39.5
7364,41.5
7365,43.5
7366,45.5
7367,47.5
7368,1.5
7369,3.5
7370,5.5
7371,7.5
7372,9.5
7373,11.5
7374,13.5
7375,15.5
7376,17.5
7377,19.5
7378,21.5
7379,23.5
7380,25.5
7381,27.5
7382,29.5
7383,31.5
7384,33.5
7385,35.5
7386,37.5
7387,39.5
7388,41.5
7389,43.5
7390,45.5
7391,47.5
7392,1.5
7393,3.5
7394,5.5
7395,7.5
7396,9.5
7397,11.5
7398,13.5
7399,15.5
7400,17.5
7401,19.5
7402,21.5
7403,23.5
7404,25.5
7405,27.5
7406,29.5
7407,31.5
7408,33.5
7409,35.5
7410,37.5
7411,39.5
7412,41.5
7413,43.5
7414,45.5
7415,47.5
7416,1.5
7417,3.5
7418,5.5
7419,7.5
7420,9.5
7421,11.5
7422,13.5
7423,15.5
7424,17.5
7425,19.5
7426,21.5
7427,23.5
7428,25.5
7429,27.5
7430,29.5
7431,31.5
7432,33.5
7433,35.5
7434,37.5
7435,39.5
7436,41.5
7437,43.5
7438,45.5
7439,47.5
7440,1.5
7441,3.5
7442,5.5
7443,7.5
7444,9.5
7445,11.5
7446,13.5
7447,15.5
7448,17.5
7449,19.5
7450,21.5
7451,23.5
7452,25.5
7453,27.5
7454,29.5
7455,31.5
7456,33.5
7457,35.5
7458,37.5
7459,39.5
7460,41.5
7461,43.5
7462,45.5
7463,47.5
7464,1.5
7465,3.5
7466,5.5
7467,7.5
7468,9.5
7469,11.5
7470,13.5
7471,15.5
7472,17.5
7473,19.5
7474,21.5
7475,23.5
7476,25.5
7477,27.5
7478,29.5
7479,31.5
7480,33.5
7481,35.5
7482,37.5
7483,39.5
7484,41.5
7485,43.5
7486,45.5
7487,47.5
7488,1.5
7489,3.5
7490,5.5
7491,7.5
7492,9.5
7493,11.5
7494,13.5
7495,15.5
7496,17.5
7497,19.5
7498,21.5
7499,23.5
7500,25.5
7501,27.5
7502,29.5
7503,31.5
7504,33.5
7505,35.5
7506,37.5
7507,39.5
7508,41.5
7509,43.5
7510,45.5
7511,47.5
7512,1.5
7513,3.5
7514,5.5
7515,7.5
7516,9.5
7517,11.5
7518,13.5
7519,15.5
7520,17.5
7521,19.5
7522,21.5
7523,23.5
7524,25.5
7525,27.5
7526,29.5
7527,31.5
7528,33.5
7529,35.5
7530,37.5
7531,39.5
7532,41.5
7533,43.5
7534,45.5
7535,47.5
7536,1.5
7537,3.5
7538,5.5
7539,7.5
7540,9.5
7541,11.5
7542,13.5
7543,15.5
7544,17.5
7545,19.5
7546,21.5
7547,23.5
7548,25.5
7549,27.5
7550,29.5
7551,31.5
7552,33.5
7553,35.5
7554,37.5
7555,39.5
7556,41.5
7557,43.5
7558,45.5
7559,47.5
7560,1.5
7561,3.5
7562,5.5
7563,7.5
7564,9.5
7565,11.5
7566,13.5
7567,15.5
7568,17.5
7569,19.5
7570,21.5
7571,23.5
7572,25.5
7573,27.5
7574,29.5
7575,31.5
7576,33.5
7577,35.5
7578,37.5
7579,39.5
7580,41.5
7581,43.5
7582,45.5
7583,47.5
7584,1.5
7585,3.5
7586,5.5
7587,7.5
7588,9.5
7589,11.5
7590,13.5
7591,15.5
7592,17.5
7593,19.5
7594,21.5
7595,23.5
7596,25.5
7597,27.5
7598,29.5
7599,31.5
7600,33.5
7601,35.5
7602,37.5
7603,39.5
7604,41.5
7605,43.5
7606,45.5
7607,47.5
7608,1.5
7609,3.5
7610,5.5
7611,7.5
7612,9.5
7613,11.5
7614,13.5
7615,15.5
7616,17.5
7617,19.5
7618,21.5
7619,23.5
7620,25.5
7621,27.5
7622,29.5
7623,31.5
7624,33.5
7625,35.5
7626,37.5
7627,39.5
7628,41.5
7629,43.5
7630,45.5
7631,47.5
7632,1.5
7633,3.5
7634,5.5
7635,7.5
7636,9.5
7637,11.5
7638,13.5
7639,15.5
7640,17.5
7641,19.5
7642,21.5
7643,23.5
7644,25.5
7645,27.5
7646,29.5
7647,31.5
7648,33.5
7649,35.5
7650,37.5
7651,39.5
7652,41.5
7653,43.5
7654,45.5
7655,47.5
7656,1.5
7657,3.5
7658,5.5
7659,7.5
7660,9.5
7661,11.5
7662,13.5
7663,15.5
7664,17.5
7665,19.5
7666,21.5
7667,23.5
7668,25.5
7669,27.5
7670,29.5
7671,31.5
7672,33.5
7673,35.5
7674,37.5
7675,39.5
7676,41.5
7677,43.5
7678,45.5
7679,47.5
7680,1.5
7681,3.5
7682,5.5
7683,7.5
7684,9.5
7685,11.5
7686,13.5
7687,15.5
7688,17.5
7689,19.5
7690,21.5
7691,23.5
7692,25.5
7693,27.5
7694,29.5
7695,31.5
7696,33.5
7697,35.5
7698,37.5
7699,39.5
7700,41.5
7701,43.5
7702,45.5
7703,47.5
7704,1.5
7705,3.5
7706,5.5
7707,7.5
7708,9.5
7709,11.5
7710,13.5
7711,15.5
7712,17.5
7713,19.5
7714,21.5
7715,23.5
7716,25.5
7717,27.5
7718,29.5
7719,31.5
7720,33.5
7721,35.5
7722,37.5
7723,39.5
7724,41.5
7725,43.5
7726,45.5
7727,47.5
7728,1.5
7729,3.5
7730,5.5
7731,7.5
7732,9.5
7733,11.5
7734,13.5
7735,15.5
7736,17.5
7737,19.5
7738,21.5
7739,23.5
7740,25.5
7741,27.5
7742,29.5
7743,31.5
7744,33.5
7745,35.5
7746,37.5
7747,39.5
7748,41.5
7749,43.5
7750,45.5
7751,47.5
7752,1.5
7753,3.5
7754,5.5
7755,7.5
7756,9.5
7757,11.5
7758,13.5
7759,15.5
7760,17.5
7761,19.5
7762,21.5
7763,23.5
7764,25.5
7765,27.5
7766,29.5
7767,31.5
7768,33.5
7769,35.5
7770,37.5
7771,39.5
7772,41.5
7773,43.5
7774,45.5
7775,47.5
7776,1.5
7777,3.5
7778,5.5
7779,7.5
7780,9.5
7781,11.5
7782,13.5
7783,15.5
7784,17.5
7785,19.5
7786,21.5
7787,23.5
7788,25.5
7789,27.5
7790,29.5
7791,31.5
7792,33.5
7793,35.5
7794,37.5
7795,39.5
7796,41.5
7797,43.5
7798,45.5
7799,47.5
7800,1.5
7801,3.5
7802,5.5
7803,7.5
7804,9.5
7805,11.5
7806,13.5
7807,15.5
7808,17.5
7809,19.5
7810,21.5
7811,23.5
7812,25.5
7813,27.5
7814,29.5
7815,31.5
7816,33.5
7817,35.5
7818,37.5
7819,39.5
7820,41.5
7821,43.5
7822,45.5
7823,47.5
7824,1.5
7825,3.5
7826,5.5
7827,7.5
7828,9.5
7829,11.5
7830,13.5
7831,15.5
7832,17.5
7833,19.5
7834,21.5
7835,23.5
7836,25.5
7837,27.5
7838,29.5
7839,31.5
7840,33.5
7841,35.5
7842,37.5
7843,39.5
7844,41.5
7845,43.5
7846,45.5
7847,47.5
7848,1.5
7849,3.5
7850,5.5
7851,7.5
7852,9.5
7853,11.5
7854,13.5
7855,15.5
7856,17.5
7857,19.5
7858,21.5
7859,23.5
7860,25.5
7861,27.5
7862,29.5
7863,31.5
7864,33.5
7865,35.5
7866,37.5
7867,39.5
7868,41.5
7869,43.5
7870,45.5
7871,47.5
7872,1.5
7873,3.5
7874,5.5
7875,7.5
7876,9.5
7877,11.5
7878,13.5
7879,15.5
7880,17.5
7881,19.5
7882,21.5
7883,23.5
7884,25.5
7885,27.5
7886,29.5
7887,31.5
7888,33.5
7889,35.5
7890,37.5
7891,39.5
7892,41.5
7893,43.5
7894,45.5
7895,47.5
7896,1.5
7897,3.5
7898,5.5
7899,7.5
7900,9.5
7901,11.5
7902,13.5
7903,15.5
7904,17.5
7905,19.5
7906,21.5
7907,23.5
7908,25.5
7909,27.5
7910,29.5
7911,31.5
7912,33.5
7913,35.5
7914,37.5
7915,39.5
7916,41.5
7917,43.5
7918,45.5
7919,47.5
7920,1.5
7921,3.5
7922,5.5
7923,7.5
7924,9.5
7925,11.5
7926,13.5
7927,15.5
7928,17.5
7929,19.5
7930,21.5
7931,23.5
7932,25.5
7933,27.5
7934,29.5
7935,31.5
7936,33.5
7937,35.5
7938,37.5
7939,39.5
7940,41.5
7941,43.5
7942,45.5
7943,47.5
7944,1.5
7945,3.5
7946,5.5
7947,7.5
7948,9.5
7949,11.5
7950,13.5
7951,15.5
7952,17.5
7953,19.5
7954,21.5
7955,23.5
7956,25.5
7957,27.5
7958,29.5
7959,31.5
7960,33.5
7961,35.5
7962,37.5
7963,39.5
7964,41.5
7965,43.5
7966,45.5
7967,47.5
7968,1.5
7969,3.5
7970,5.5
7971,7.5
7972,9.5
7973,11.5
7974,13.5
7975,15.5
7976,17.5
7977,19.5
7978,21.5
7979,23.5
7980,25.5
7981,27.5
7982,29.5
7983,31.5
7984,33.5
7985,35.5
7986,37.5
7987,39.5
7988,41.5
7989,43.5
7990,45.5
7991,47.5
7992,1.5
7993,3.5
7994,5.5
7995,7.5
7996,9.5
7997,11.5
7998,13.5
7999,15.5
8000,17.5
8001,19.5
8002,21.5
8003,23.5
8004,25.5
8005,27.5
8006,29.5
8007,31.5
8008,33.5
8009,35.5
8010,37.5
8011,39.5
8012,41.5
8013,43.5
8014,45.5
8015,47.5
8016,1.5
8017,3.5
8018,5.5
8019,7.5
8020,9.5
8021,11.5
8022,13.5
8023,15.5
8024,17.5
8025,19.5
8026,21.5
8027,23.5
8028,25.5
8029,27.5
8030,29.5
8031,31.5
8032,33.5
8033,35.5
8034,37.5
8035,39.5
8036,41.5
8037,43.5
8038,45.5
8039,47.5
8040,1.5
8041,3.5
8042,5.5
8043,7.5
8044,9.5
8045,11.5
8046,13.5
8047,15.5
8048,17.5
8049,19.5
8050,21.5
8051,23.5
8052,25.5
8053,27.5
8054,29.5
8055,31.5
8056,33.5
8057,35.5
8058,37.5
8059,39.5
8060,41.5
8061,43.5
8062,45.5
8063,47.5
8064,1.5
8065,3.5
8066,5.5
8067,7.5
8068,9.5
8069,11.5
8070,13.5
8071,15.5
8072,17.5
8073,19.5
8074,21.5
8075,23.5
8076,25.5
8077,27.5
8078,29.5
8079,31.5
8080,33.5
8081,35.5
8082,37.5
8083,39.5
8084,41.5
8085,43.5
8086,45.5
8087,47.5
8088,1.5
8089,3.5
8090,5.5
8091,7.5
8092,9.5
8093,11.5
8094,13.5
8095,15.5
8096,17.5
8097,19.5
8098,21.5
8099,23.5
8100,25.5
8101,27.5
8102,29.5
8103,31.5
8104,33.5
8105,35.5
8106,37.5
8107,39.5
8108,41.5
8109,43.5
8110,45.5
8111,47.5
8112,1.5
8113,3.5
8114,5.5
8115,7.5
8116,9.5
8117,11.5
8118,13.5
8119,15.5
8120,17.5
8121,19.5
8122,21.5
8123,23.5
8124,25.5
8125,27.5
8126,29.5
8127,31.5
8128,33.5
8129,35.5
8130,37.5
8131,39.5
8132,41.5
8133,43.5
8134,45.5
8135,47.5
8136,1.5
8137,3.5
8138,5.5
8139,7.5
8140,9.5
8141,11.5
8142,13.5
8143,15.5
8144,17.5
8145,19.5
8146,21.5
8147,23.5
8148,25.5
8149,27.5
8150,29.5
8151,31.5
8152,33.5
8153,35.5
8154,37.5
8155,39.5
8156,41.5
8157,43.5
8158,45.5
8159,47.5
8160,1.5
8161,3.5
8162,5.5
8163,7.5
8164,9.5
8165,11.5
8166,13.5
8167,15.5
8168,17.5
8169,19.5
8170,21.5
8171,23.5
8172,25.5
8173,27.5
8174,29.5
8175,31.5
8176,33.5
8177,35.5
8178,37.5
8179,39.5
8180,41.5
8181,43.5
8182,45.5
8183,47.5
8184,1.5
8185,3.5
8186,5.5
8187,7.5
8188,9.5
8189,11.5
8190,13.5
8191,15.5
8192,17.5
8193,19.5
8194,21.5
8195,23.5
8196,25.5
8197,27.5
8198,29.5
8199,31.5
8200,33.5
8201,35.5
8202,37.5
8203,39.5
8204,41.5
8205,43.5
8206,45.5
8207,47.5
8208,1.5
8209,3.5
8210,5.5
8211,7.5
8212,9.5
8213,11.5
8214,13.5
8215,15.5
8216,17.5
8217,19.5
8218,21.5
8219,23.5
8220,25.5
8221,27.5
8222,29.5
8223,31.5
8224,33.5
8225,35.5
8226,37.5
8227,39.5
8228,41.5
8229,43.5
8230,45.5
8231,47.5
8232,1.5
8233,3.5
8234,5.5
8235,7.5
8236,9.5
8237,11.5
8238,13.5
8239,15.5
8240,17.5
8241,19.5
8242,21.5
8243,23.5
8244,25.5
8245,27.5
8246,29.5
8247,31.5
8248,33.5
8249,35.5
8250,37.5
8251,39.5
8252,41.5
8253,43.5
8254,45.5
8255,47.5
8256,1.5
8257,3.5
8258,5.5
8259,7.5
8260,9.5
8261,11.5
8262,13.5
8263,15.5
8264,17.5
8265,19.5
8266,21.5
8267,23.5
8268,25.5
8269,27.5
8270,29.5
8271,31.5
8272,33.5
8273,35.5
8274,37.5
8275,39.5
8276,41.5
8277,43.5
8278,45.5
8279,47.5
8280,1.5
8281,3.5
8282,5.5
8283,7.5
8284,9.5
8285,11.5
8286,13.5
8287,15.5
8288,17.5
8289,19.5
8290,21.5
8291,23.5
8292,25.5
8293,27.5
8294,29.5
8295,31.5
8296,33.5
8297,35.5
8298,37.5
8299,39.5
8300,41.5
8301,43.5
8302,45.5
8303,47.5
8304,1.5
8305,3.5
8306,5.5
8307,7.5
8308,9.5
8309,11.5
8310,13.5
8311,15.5
8312,17.5
8313,19.5
8314,21.5
8315,23.5
8316,25.5
8317,27.5
8318,29.5
8319,31.5
8320,33.5
8321,35.5
8322,37.5
8323,39.5
8324,41.5
8325,43.5
8326,45.5
8327,47.5
8328,1.5
8329,3.5
8330,5.5
8331,7.5
8332,9.5
8333,11.5
8334,13.5
8335,15.5
8336,17.5
8337,19.5
8338,21.5
8339,23.5
8340,25.5
8341,27.5
8342,29.5
8343,31.5
8344,33.5
8345,35.5
8346,37.5
8347,39.5
8348,41.5
8349,43.5
8350,45.5
8351,47.5
8352,1.5
8353,3.5
8354,5.5
8355,7.5
8356,9.5
8357,11.5
8358,13.5
8359,15.5
8360,17.5
8361,19.5
8362,21.5
8363,23.5
8364,25.5
8365,27.5
8366,29.5
8367,31.5
8368,33.5
8369,35.5
8370,37.5
8371,39.5
8372,41.5
8373,43.5
8374,45.5
8375,47.5
8376,1.5
8377,3.5
8378,5.5
8379,7.5
8380,9.5
8381,11.5
8382,13.5
8383,15.5
8384,17.5
8385,19.5
8386,21.5
8387,23.5
8388,25.5
8389,27.5
8390,29.5
8391,31.5
8392,33.5
8393,35.5
8394,37.5
8395,39.5
8396,41.5
8397,43.5
8398,45.5
8399,47.5
8400,1.5
8401,3.5
8402,5.5
8403,7.5
8404,9.5
8405,11.5
8406,13.5
8407,15.5
8408,17.5
8409,19.5
8410,21.5
8411,23.5
8412,25.5
8413,27.5
8414,29.5
8415,31.5
8416,33.5
8417,35.5
8418,37.5
8419,39.5
8420,41.5
8421,43.5
8422,45.5
8423,47.5
8424,1.5
8425,3.5
8426,5.5
8427,7.5
8428,9.5
8429,11.5
8430,13.5
8431,15.5
8432,17.5
8433,19.5
8434,21.5
8435,23.5
8436,25.5
8437,27.5
8438,29.5
8439,31.5
8440,33.5
8441,35.5
8442,37.5
8443,39.5
8444,41.5
8445,43.5
8446,45.5
8447,47.5
8448,1.5
8449,3.5
8450,5.5
8451,7.5
8452,9.5
8453,11.5
8454,13.5
8455,15.5
8456,17.5
8457,19.5
8458,21.5
8459,23.5
8460,25.5
8461,27.5
8462,29.5
8463,31.5
8464,33.5
8465,35.5
8466,37.5
8467,39.5
8468,41.5
8469,43.5
8470,45.5
8471,47.5
8472,1.5
8473,3.5
8474,5.5
8475,7.5
8476,9.5
8477,11.5
8478,13.5
8479,15.5
8480,17.5
8481,19.5
8482,21.5
8483,23.5
8484,25.5
8485,27.5
8486,29.5
8487,31.5
8488,33.5
8489,35.5
8490,37.5
8491,39.5
8492,41.5
8493,43.5
8494,45.5
8495,47.5
8496,1.5
8497,3.5
8498,5.5
8499,7.5
8500,9.5
8501,11.5
8502,13.5
8503,15.5
8504,17.5
8505,19.5
8506,21.5
8507,23.5
8508,25.5
8509,27.5
8510,29.5
8511,31.5
8512,33.5
8513,35.5
8514,37.5
8515,39.5
8516,41.5
8517,43.5
8518,45.5
8519,47.5
8520,1.5
8521,3.5
8522,5.5
8523,7.5
8524,9.5
8525,11.5
8526,13.5
8527,15.5
8528,17.5
8529,19.5
8530,21.5
8531,23.5
8532,25.5
8533,27.5
8534,29.5
8535,31.5
8536,33.5
8537,35.5
8538,37.5
8539,39.5
8540,41.5
8541,43.5
8542,45.5
8543,47.5
8544,1.5
8545,3.5
8546,5.5
8547,7.5
8548,9.5
8549,11.5
8550,13.5
8551,15.5
8552,17.5
8553,19.5
8554,21.5
8555,23.5
8556,25.5
8557,27.5
8558,29.5
8559,31.5
8560,33.5
8561,35.5
8562,37.5
8563,39.5
8564,41.5
8565,43.5
8566,45.5
8567,47.5
8568,1.5
8569,3.5
8570,5.5
8571,7.5
8572,9.5
8573,11.5
8574,13.5
8575,15.5
8576,17.5
8577,19.5
8578,21.5
8579,23.5
8580,25.5
8581,27.5
8582,29.5
8583,31.5
8584,33.5
8585,35.5
8586,37.5
8587,39.5
8588,41.5
8589,43.5
8590,45.5
8591,47.5
8592,1.5
8593,3.5
8594,5.5
8595,7.5
8596,9.5
8597,11.5
8598,13.5
8599,15.5
8600,17.5
8601,19.5
8602,21.5
8603,23.5
8604,25.5
8605,27.5
8606,29.5
8607,31.5
8608,33.5
8609,35.5
8610,37.5
8611,39.5
8612,41.5
8613,43.5
8614,45.5
8615,47.5
8616,1.5
8617,3.5
8618,5.5
8619,7.5
8620,9.5
8621,11.5
8622,13.5
8623,15.5
8624,17.5
8625,19.5
8626,21.5
8627,23.5
8628,25.5
8629,27.5
8630,29.5
8631,31.5
8632,33.5
8633,35.5
8634,37.5
8635,39.5
8636,41.5
8637,43.5
8638,45.5
8639,47.5
8640,1.5
8641,3.5
8642,5.5
8643,7.5
8644,9.5
8645,11.5
8646,13.5
8647,15.5
8648,17.5
8649,19.5
8650,21.5
8651,23.5
8652,25.5
8653,27.5
8654,29.5
8655,31.5
8656,33.5
8657,35.5
8658,37.5
8659,39.5
8660,41.5
8661,43.5
8662,45.5
8663,47.5
8664,1.5
8665,3.5
8666,5.5
8667,7.5
8668,9.5
8669,11.5
8670,13.5
8671,15.5
8672,17.5
8673,19.5
8674,21.5
8675,23.5
8676,25.5
8677,27.5
8678,29.5
8679,31.5
8680,33.5
8681,35.5
8682,37.5
8683,39.5
8684,41.5
8685,43.5
8686,45.5
8687,47.5
8688,1.5
8689,3.5
8690,5.5
8691,7.5
8692,9.5
8693,11.5
8694,13.5
8695,15.5
8696,17.5
8697,19.5
8698,21.5
8699,23.5
8700,25.5
8701,27.5
8702,29.5
8703,31.5
8704,33.5
8705,35.5
8706,37.5
8707,39.5
8708,41.5
8709,43.5
8710,45.5
8711,47.5
8712,1.5
8713,3.5
8714,5.5
8715,7.5
8716,9.5
8717,11.5
8718,13.5
8719,15.5
8720,17.5
8721,19.5
8722,21.5
8723,23.5
8724,25.5
8725,27.5
8726,29.5
8727,31.5
8728,33.5
8729,35.5
8730,37.5
8731,39.5
8732,41.5
8733,43.5
8734,45.5
8735,47.5
8736,1.5
8737,3.5
8738,5.5
8739,7.5
8740,9.5
8741,11.5
8742,13.5
8743,15.5
8744,17.5
8745,19.5
8746,21.5
8747,23.5
8748,25.5
8749,27.5
8750,29.5
8751,31.5
8752,33.5
8753,35.5
8754,37.5
8755,39.5
8756,41.5
8757,43.5
8758,45.5
8759,47.5
