Actual Or Estimated Wind And Solar Power Generation (B1630),,,,,
Time Series ID,Business Type,PSR Type,Settlement  Date,Settlement Period,Quantity (MW)
NGET-EMFIP-AGWS-TS-00225638,Wind generation,Wind Onshore,20/08/2018,48,429.751
NGET-EMFIP-AGWS-TS-00225637,Wind generation,Wind Offshore,20/08/2018,48,424.265
NGET-EMFIP-AGWS-TS-00225636,Solar generation,Solar,20/08/2018,48,0
NGET-EMFIP-AGWS-TS-00225635,Wind generation,Wind Onshore,20/08/2018,47,490.32
NGET-EMFIP-AGWS-TS-00225634,Wind generation,Wind Offshore,20/08/2018,47,442.949
NGET-EMFIP-AGWS-TS-00225633,Solar generation,Solar,20/08/2018,47,0
NGET-EMFIP-AGWS-TS-00225632,Wind generation,Wind Onshore,20/08/2018,46,488.59
NGET-EMFIP-AGWS-TS-00225631,Wind generation,Wind Offshore,20/08/2018,46,460.676
NGET-EMFIP-AGWS-TS-00225630,Solar generation,Solar,20/08/2018,46,0
NGET-EMFIP-AGWS-TS-00225629,Wind generation,Wind Onshore,20/08/2018,45,485.98
NGET-EMFIP-AGWS-TS-00225628,Wind generation,Wind Offshore,20/08/2018,45,489.277
NGET-EMFIP-AGWS-TS-00225627,Solar generation,Solar,20/08/2018,45,1
NGET-EMFIP-AGWS-TS-00225626,Wind generation,Wind Onshore,20/08/2018,44,475.499
NGET-EMFIP-AGWS-TS-00225625,Wind generation,Wind Offshore,20/08/2018,44,443.516
NGET-EMFIP-AGWS-TS-00225624,Solar generation,Solar,20/08/2018,44,2
NGET-EMFIP-AGWS-TS-00225623,Wind generation,Wind Onshore,20/08/2018,43,454.016
NGET-EMFIP-AGWS-TS-00225622,Wind generation,Wind Offshore,20/08/2018,43,453.564
NGET-EMFIP-AGWS-TS-00225621,Solar generation,Solar,20/08/2018,43,2
NGET-EMFIP-AGWS-TS-00225620,Wind generation,Wind Onshore,20/08/2018,42,473.612
NGET-EMFIP-AGWS-TS-00225619,Wind generation,Wind Offshore,20/08/2018,42,432.753
NGET-EMFIP-AGWS-TS-00225618,Solar generation,Solar,20/08/2018,42,2
NGET-EMFIP-AGWS-TS-00225617,Wind generation,Wind Onshore,20/08/2018,41,466.049
NGET-EMFIP-AGWS-TS-00225616,Wind generation,Wind Offshore,20/08/2018,41,438.126
NGET-EMFIP-AGWS-TS-00225615,Solar generation,Solar,20/08/2018,41,8
NGET-EMFIP-AGWS-TS-00225614,Wind generation,Wind Onshore,20/08/2018,40,501.484
NGET-EMFIP-AGWS-TS-00225613,Wind generation,Wind Offshore,20/08/2018,40,434.036
NGET-EMFIP-AGWS-TS-00225612,Solar generation,Solar,20/08/2018,40,87
NGET-EMFIP-AGWS-TS-00225611,Wind generation,Wind Onshore,20/08/2018,39,512.832
NGET-EMFIP-AGWS-TS-00225610,Wind generation,Wind Offshore,20/08/2018,39,420.91
NGET-EMFIP-AGWS-TS-00225609,Solar generation,Solar,20/08/2018,39,265
NGET-EMFIP-AGWS-TS-00225608,Wind generation,Wind Onshore,20/08/2018,38,557.118
NGET-EMFIP-AGWS-TS-00225607,Wind generation,Wind Offshore,20/08/2018,38,368.562
NGET-EMFIP-AGWS-TS-00225606,Solar generation,Solar,20/08/2018,38,556
NGET-EMFIP-AGWS-TS-00225605,Wind generation,Wind Onshore,20/08/2018,37,564.034
NGET-EMFIP-AGWS-TS-00225604,Wind generation,Wind Offshore,20/08/2018,37,359.466
NGET-EMFIP-AGWS-TS-00225603,Solar generation,Solar,20/08/2018,37,878
NGET-EMFIP-AGWS-TS-00225602,Wind generation,Wind Onshore,20/08/2018,36,557.929
NGET-EMFIP-AGWS-TS-00225601,Wind generation,Wind Offshore,20/08/2018,36,282.959
NGET-EMFIP-AGWS-TS-00225600,Solar generation,Solar,20/08/2018,36,1190
NGET-EMFIP-AGWS-TS-00225599,Wind generation,Wind Onshore,20/08/2018,35,548.212
NGET-EMFIP-AGWS-TS-00225598,Wind generation,Wind Offshore,20/08/2018,35,217.661
NGET-EMFIP-AGWS-TS-00225597,Solar generation,Solar,20/08/2018,35,1600
NGET-EMFIP-AGWS-TS-00225596,Wind generation,Wind Onshore,20/08/2018,34,568.627
NGET-EMFIP-AGWS-TS-00225595,Wind generation,Wind Offshore,20/08/2018,34,170.076
NGET-EMFIP-AGWS-TS-00225594,Solar generation,Solar,20/08/2018,34,2000
NGET-EMFIP-AGWS-TS-00225593,Wind generation,Wind Onshore,20/08/2018,33,579.975
NGET-EMFIP-AGWS-TS-00225592,Wind generation,Wind Offshore,20/08/2018,33,135.937
NGET-EMFIP-AGWS-TS-00225591,Solar generation,Solar,20/08/2018,33,2340
NGET-EMFIP-AGWS-TS-00225590,Wind generation,Wind Onshore,20/08/2018,32,589.458
NGET-EMFIP-AGWS-TS-00225589,Wind generation,Wind Offshore,20/08/2018,32,125.533
NGET-EMFIP-AGWS-TS-00225588,Solar generation,Solar,20/08/2018,32,2730
NGET-EMFIP-AGWS-TS-00225587,Wind generation,Wind Onshore,20/08/2018,31,609.083
NGET-EMFIP-AGWS-TS-00225586,Wind generation,Wind Offshore,20/08/2018,31,87.04
NGET-EMFIP-AGWS-TS-00225585,Solar generation,Solar,20/08/2018,31,2920
NGET-EMFIP-AGWS-TS-00225587,Wind generation,Wind Onshore,20/08/2018,,537.9435
NGET-EMFIP-AGWS-TS-00225586,Wind generation,Wind Offshore,20/08/2018,,56.2855
NGET-EMFIP-AGWS-TS-00225585,Solar generation,Solar,20/08/2018,,3095
NGET-EMFIP-AGWS-TS-00225581,Wind generation,Wind Onshore,20/08/2018,29,466.804
NGET-EMFIP-AGWS-TS-00225580,Wind generation,Wind Offshore,20/08/2018,29,25.531
NGET-EMFIP-AGWS-TS-00225579,Solar generation,Solar,20/08/2018,29,3270
NGET-EMFIP-AGWS-TS-00225559,Wind generation,Wind Onshore,20/08/2018,28,462.347
NGET-EMFIP-AGWS-TS-00225558,Wind generation,Wind Offshore,20/08/2018,28,48.989
NGET-EMFIP-AGWS-TS-00225557,Solar generation,Solar,20/08/2018,28,3480
NGET-EMFIP-AGWS-TS-00225556,Wind generation,Wind Onshore,20/08/2018,27,473.983
NGET-EMFIP-AGWS-TS-00225555,Wind generation,Wind Offshore,20/08/2018,27,48.596
NGET-EMFIP-AGWS-TS-00225554,Solar generation,Solar,20/08/2018,27,3670
NGET-EMFIP-AGWS-TS-00225553,Wind generation,Wind Onshore,20/08/2018,26,447.006
NGET-EMFIP-AGWS-TS-00225552,Wind generation,Wind Offshore,20/08/2018,26,45.278
NGET-EMFIP-AGWS-TS-00225551,Solar generation,Solar,20/08/2018,26,3680
NGET-EMFIP-AGWS-TS-00225550,Wind generation,Wind Onshore,20/08/2018,25,429.855
NGET-EMFIP-AGWS-TS-00225549,Wind generation,Wind Offshore,20/08/2018,25,62.631
NGET-EMFIP-AGWS-TS-00225548,Solar generation,Solar,20/08/2018,25,3650
NGET-EMFIP-AGWS-TS-00225547,Wind generation,Wind Onshore,20/08/2018,24,416.472
NGET-EMFIP-AGWS-TS-00225546,Wind generation,Wind Offshore,20/08/2018,24,65.032
NGET-EMFIP-AGWS-TS-00225545,Solar generation,Solar,20/08/2018,24,3610
NGET-EMFIP-AGWS-TS-00225544,Wind generation,Wind Onshore,20/08/2018,23,424.445
NGET-EMFIP-AGWS-TS-00225543,Wind generation,Wind Offshore,20/08/2018,23,60
NGET-EMFIP-AGWS-TS-00225542,Solar generation,Solar,20/08/2018,23,3670
NGET-EMFIP-AGWS-TS-00225541,Wind generation,Wind Onshore,20/08/2018,22,376.796
NGET-EMFIP-AGWS-TS-00225540,Wind generation,Wind Offshore,20/08/2018,22,64.259
NGET-EMFIP-AGWS-TS-00225539,Solar generation,Solar,20/08/2018,22,3390
NGET-EMFIP-AGWS-TS-00225527,Wind generation,Wind Onshore,20/08/2018,21,383.131
NGET-EMFIP-AGWS-TS-00225526,Wind generation,Wind Offshore,20/08/2018,21,66.098
NGET-EMFIP-AGWS-TS-00225525,Solar generation,Solar,20/08/2018,21,2291
NGET-EMFIP-AGWS-TS-00225524,Wind generation,Wind Onshore,20/08/2018,20,393.956
NGET-EMFIP-AGWS-TS-00225523,Wind generation,Wind Offshore,20/08/2018,20,67.196
NGET-EMFIP-AGWS-TS-00225522,Solar generation,Solar,20/08/2018,20,2600
NGET-EMFIP-AGWS-TS-00225521,Wind generation,Wind Onshore,20/08/2018,19,410.473
NGET-EMFIP-AGWS-TS-00225520,Wind generation,Wind Offshore,20/08/2018,19,73.891
NGET-EMFIP-AGWS-TS-00225519,Solar generation,Solar,20/08/2018,19,2070
NGET-EMFIP-AGWS-TS-00225508,Wind generation,Wind Onshore,20/08/2018,18,396.134
NGET-EMFIP-AGWS-TS-00225507,Wind generation,Wind Offshore,20/08/2018,18,81.442
NGET-EMFIP-AGWS-TS-00225506,Solar generation,Solar,20/08/2018,18,1550
NGET-EMFIP-AGWS-TS-00225505,Wind generation,Wind Onshore,20/08/2018,17,401.982
NGET-EMFIP-AGWS-TS-00225504,Wind generation,Wind Offshore,20/08/2018,17,89.187
NGET-EMFIP-AGWS-TS-00225503,Solar generation,Solar,20/08/2018,17,808
NGET-EMFIP-AGWS-TS-00225502,Wind generation,Wind Onshore,20/08/2018,16,369.9
NGET-EMFIP-AGWS-TS-00225501,Wind generation,Wind Offshore,20/08/2018,16,88.765
NGET-EMFIP-AGWS-TS-00225500,Solar generation,Solar,20/08/2018,16,593
NGET-EMFIP-AGWS-TS-00225499,Wind generation,Wind Onshore,20/08/2018,15,386.513
NGET-EMFIP-AGWS-TS-00225498,Wind generation,Wind Offshore,20/08/2018,15,124.393
NGET-EMFIP-AGWS-TS-00225497,Solar generation,Solar,20/08/2018,15,303
NGET-EMFIP-AGWS-TS-00225496,Wind generation,Wind Onshore,20/08/2018,14,382.791
NGET-EMFIP-AGWS-TS-00225495,Wind generation,Wind Offshore,20/08/2018,14,127.306
NGET-EMFIP-AGWS-TS-00225494,Solar generation,Solar,20/08/2018,14,100
NGET-EMFIP-AGWS-TS-00225493,Wind generation,Wind Onshore,20/08/2018,13,385.057
NGET-EMFIP-AGWS-TS-00225492,Wind generation,Wind Offshore,20/08/2018,13,89.549
NGET-EMFIP-AGWS-TS-00225491,Solar generation,Solar,20/08/2018,13,8
NGET-EMFIP-AGWS-TS-00225490,Wind generation,Wind Onshore,20/08/2018,12,433.761
NGET-EMFIP-AGWS-TS-00225489,Wind generation,Wind Offshore,20/08/2018,12,118.792
NGET-EMFIP-AGWS-TS-00225488,Solar generation,Solar,20/08/2018,12,0
NGET-EMFIP-AGWS-TS-00225487,Wind generation,Wind Onshore,20/08/2018,11,339.303
NGET-EMFIP-AGWS-TS-00225486,Wind generation,Wind Offshore,20/08/2018,11,33.421
NGET-EMFIP-AGWS-TS-00225485,Solar generation,Solar,20/08/2018,11,0
NGET-EMFIP-AGWS-TS-00225484,Wind generation,Wind Onshore,20/08/2018,10,454.631
NGET-EMFIP-AGWS-TS-00225483,Wind generation,Wind Offshore,20/08/2018,10,205.991
NGET-EMFIP-AGWS-TS-00225482,Solar generation,Solar,20/08/2018,10,0
NGET-EMFIP-AGWS-TS-00225481,Wind generation,Wind Onshore,20/08/2018,9,461.599
NGET-EMFIP-AGWS-TS-00225480,Wind generation,Wind Offshore,20/08/2018,9,174.027
NGET-EMFIP-AGWS-TS-00225479,Solar generation,Solar,20/08/2018,9,0
NGET-EMFIP-AGWS-TS-00225474,Wind generation,Wind Onshore,20/08/2018,8,469.106
NGET-EMFIP-AGWS-TS-00225473,Wind generation,Wind Offshore,20/08/2018,8,145.543
NGET-EMFIP-AGWS-TS-00225472,Solar generation,Solar,20/08/2018,8,0
NGET-EMFIP-AGWS-TS-00225471,Wind generation,Wind Onshore,20/08/2018,7,418.172
NGET-EMFIP-AGWS-TS-00225470,Wind generation,Wind Offshore,20/08/2018,7,117.736
NGET-EMFIP-AGWS-TS-00225469,Solar generation,Solar,20/08/2018,7,0
NGET-EMFIP-AGWS-TS-00225468,Wind generation,Wind Onshore,20/08/2018,6,465.4
NGET-EMFIP-AGWS-TS-00225467,Wind generation,Wind Offshore,20/08/2018,6,197.952
NGET-EMFIP-AGWS-TS-00225466,Solar generation,Solar,20/08/2018,6,0
NGET-EMFIP-AGWS-TS-00225468,Wind generation,Wind Onshore,20/08/2018,,493.985
NGET-EMFIP-AGWS-TS-00225467,Wind generation,Wind Offshore,20/08/2018,,235.8855
NGET-EMFIP-AGWS-TS-00225466,Solar generation,Solar,20/08/2018,,0
NGET-EMFIP-AGWS-TS-00225462,Wind generation,Wind Onshore,20/08/2018,4,522.57
NGET-EMFIP-AGWS-TS-00225461,Wind generation,Wind Offshore,20/08/2018,4,273.819
NGET-EMFIP-AGWS-TS-00225460,Solar generation,Solar,20/08/2018,4,0
NGET-EMFIP-AGWS-TS-00225459,Wind generation,Wind Onshore,20/08/2018,3,504.361
NGET-EMFIP-AGWS-TS-00225458,Wind generation,Wind Offshore,20/08/2018,3,305.866
NGET-EMFIP-AGWS-TS-00225457,Solar generation,Solar,20/08/2018,3,0
NGET-EMFIP-AGWS-TS-00225456,Wind generation,Wind Onshore,20/08/2018,2,524.807
NGET-EMFIP-AGWS-TS-00225455,Wind generation,Wind Offshore,20/08/2018,2,298.137
NGET-EMFIP-AGWS-TS-00225454,Solar generation,Solar,20/08/2018,2,0
NGET-EMFIP-AGWS-TS-00225453,Wind generation,Wind Onshore,20/08/2018,1,540.385
NGET-EMFIP-AGWS-TS-00225452,Wind generation,Wind Offshore,20/08/2018,1,358.503
NGET-EMFIP-AGWS-TS-00225451,Solar generation,Solar,20/08/2018,1,0
