Actual Or Estimated Wind And Solar Power Generation (B1630)
Time Series ID,Business Type,PSR Type,Settlement  Date,Settlement Period,Quantity (MW)
NGET-EMFIP-AGWS-TS-00225113,Wind generation,"Wind Onshore",2018-08-17,48,3624.661
NGET-EMFIP-AGWS-TS-00225112,Wind generation,"Wind Offshore",2018-08-17,48,2611.713
NGET-EMFIP-AGWS-TS-00225111,Solar generation,"Solar",2018-08-17,48,0
NGET-EMFIP-AGWS-TS-00225110,Wind generation,"Wind Onshore",2018-08-17,47,3795.195
NGET-EMFIP-AGWS-TS-00225109,Wind generation,"Wind Offshore",2018-08-17,47,2589.292
NGET-EMFIP-AGWS-TS-00225108,Solar generation,"Solar",2018-08-17,47,0
NGET-EMFIP-AGWS-TS-00225107,Wind generation,"Wind Onshore",2018-08-17,46,3776.67
NGET-EMFIP-AGWS-TS-00225106,Wind generation,"Wind Offshore",2018-08-17,46,2457.973
NGET-EMFIP-AGWS-TS-00225105,Solar generation,"Solar",2018-08-17,46,0
NGET-EMFIP-AGWS-TS-00225104,Wind generation,"Wind Onshore",2018-08-17,45,3733.139
NGET-EMFIP-AGWS-TS-00225103,Wind generation,"Wind Offshore",2018-08-17,45,2469.226
NGET-EMFIP-AGWS-TS-00225102,Solar generation,"Solar",2018-08-17,45,0
NGET-EMFIP-AGWS-TS-00225101,Wind generation,"Wind Onshore",2018-08-17,44,3627.74
NGET-EMFIP-AGWS-TS-00225100,Wind generation,"Wind Offshore",2018-08-17,44,2474.122
NGET-EMFIP-AGWS-TS-00225099,Solar generation,"Solar",2018-08-17,44,1
NGET-EMFIP-AGWS-TS-00225085,Wind generation,"Wind Onshore",2018-08-17,43,3611.279
NGET-EMFIP-AGWS-TS-00225084,Wind generation,"Wind Offshore",2018-08-17,43,2282.852
NGET-EMFIP-AGWS-TS-00225083,Solar generation,"Solar",2018-08-17,43,43
NGET-EMFIP-AGWS-TS-00225082,Wind generation,"Wind Onshore",2018-08-17,42,3807.982
NGET-EMFIP-AGWS-TS-00225081,Wind generation,"Wind Offshore",2018-08-17,42,2255.632
NGET-EMFIP-AGWS-TS-00225080,Solar generation,"Solar",2018-08-17,42,2
NGET-EMFIP-AGWS-TS-00225079,Wind generation,"Wind Onshore",2018-08-17,41,3791.658
NGET-EMFIP-AGWS-TS-00225078,Wind generation,"Wind Offshore",2018-08-17,41,2211.665
NGET-EMFIP-AGWS-TS-00225077,Solar generation,"Solar",2018-08-17,41,16
NGET-EMFIP-AGWS-TS-00225076,Wind generation,"Wind Onshore",2018-08-17,40,4085.938
NGET-EMFIP-AGWS-TS-00225075,Wind generation,"Wind Offshore",2018-08-17,40,2105.322
NGET-EMFIP-AGWS-TS-00225074,Solar generation,"Solar",2018-08-17,40,141
NGET-EMFIP-AGWS-TS-00225073,Wind generation,"Wind Onshore",2018-08-17,39,2074.692
NGET-EMFIP-AGWS-TS-00225072,Wind generation,"Wind Offshore",2018-08-17,39,82.849
NGET-EMFIP-AGWS-TS-00225071,Solar generation,"Solar",2018-08-17,39,344
NGET-EMFIP-AGWS-TS-00225070,Wind generation,"Wind Onshore",2018-08-17,38,4414.581
NGET-EMFIP-AGWS-TS-00225069,Wind generation,"Wind Offshore",2018-08-17,38,2126.114
NGET-EMFIP-AGWS-TS-00225068,Solar generation,"Solar",2018-08-17,38,634
NGET-EMFIP-AGWS-TS-00225067,Wind generation,"Wind Onshore",2018-08-17,37,4548.158
NGET-EMFIP-AGWS-TS-00225066,Wind generation,"Wind Offshore",2018-08-17,37,2187.714
NGET-EMFIP-AGWS-TS-00225065,Solar generation,"Solar",2018-08-17,37,1000
NGET-EMFIP-AGWS-TS-00225064,Wind generation,"Wind Onshore",2018-08-17,36,4605.995
NGET-EMFIP-AGWS-TS-00225063,Wind generation,"Wind Offshore",2018-08-17,36,2174.753
NGET-EMFIP-AGWS-TS-00225062,Solar generation,"Solar",2018-08-17,36,1490
NGET-EMFIP-AGWS-TS-00225061,Wind generation,"Wind Onshore",2018-08-17,35,4667.086
NGET-EMFIP-AGWS-TS-00225060,Wind generation,"Wind Offshore",2018-08-17,35,2265.315
NGET-EMFIP-AGWS-TS-00225059,Solar generation,"Solar",2018-08-17,35,2020
NGET-EMFIP-AGWS-TS-00225058,Wind generation,"Wind Onshore",2018-08-17,34,4566.109
NGET-EMFIP-AGWS-TS-00225057,Wind generation,"Wind Offshore",2018-08-17,34,2371.22
NGET-EMFIP-AGWS-TS-00225056,Solar generation,"Solar",2018-08-17,34,2470
NGET-EMFIP-AGWS-TS-00225055,Wind generation,"Wind Onshore",2018-08-17,33,4623.668
NGET-EMFIP-AGWS-TS-00225054,Wind generation,"Wind Offshore",2018-08-17,33,2251.581
NGET-EMFIP-AGWS-TS-00225053,Solar generation,"Solar",2018-08-17,33,2820
NGET-EMFIP-AGWS-TS-00225052,Wind generation,"Wind Onshore",2018-08-17,32,4573.855
NGET-EMFIP-AGWS-TS-00225051,Wind generation,"Wind Offshore",2018-08-17,32,2168.475
NGET-EMFIP-AGWS-TS-00225050,Solar generation,"Solar",2018-08-17,32,3060
NGET-EMFIP-AGWS-TS-00225049,Wind generation,"Wind Onshore",2018-08-17,31,4450.032
NGET-EMFIP-AGWS-TS-00225048,Wind generation,"Wind Offshore",2018-08-17,31,2047.443
NGET-EMFIP-AGWS-TS-00225047,Solar generation,"Solar",2018-08-17,31,3390
NGET-EMFIP-AGWS-TS-00225046,Wind generation,"Wind Onshore",2018-08-17,30,4213.83
NGET-EMFIP-AGWS-TS-00225045,Wind generation,"Wind Offshore",2018-08-17,30,2008.252
NGET-EMFIP-AGWS-TS-00225044,Solar generation,"Solar",2018-08-17,30,3740
NGET-EMFIP-AGWS-TS-00225043,Wind generation,"Wind Onshore",2018-08-17,29,4352.435
NGET-EMFIP-AGWS-TS-00225042,Wind generation,"Wind Offshore",2018-08-17,29,1927.056
NGET-EMFIP-AGWS-TS-00225041,Solar generation,"Solar",2018-08-17,29,4400
NGET-EMFIP-AGWS-TS-00225040,Wind generation,"Wind Onshore",2018-08-17,28,4306.15
NGET-EMFIP-AGWS-TS-00225039,Wind generation,"Wind Offshore",2018-08-17,28,1872.347
NGET-EMFIP-AGWS-TS-00225038,Solar generation,"Solar",2018-08-17,28,4470
NGET-EMFIP-AGWS-TS-00225037,Wind generation,"Wind Onshore",2018-08-17,27,4570.814
NGET-EMFIP-AGWS-TS-00225036,Wind generation,"Wind Offshore",2018-08-17,27,1833.724
NGET-EMFIP-AGWS-TS-00225035,Solar generation,"Solar",2018-08-17,27,4660
NGET-EMFIP-AGWS-TS-00225034,Wind generation,"Wind Onshore",2018-08-17,26,4618.221
NGET-EMFIP-AGWS-TS-00225033,Wind generation,"Wind Offshore",2018-08-17,26,1830.681
NGET-EMFIP-AGWS-TS-00225032,Solar generation,"Solar",2018-08-17,26,4870
NGET-EMFIP-AGWS-TS-00225031,Wind generation,"Wind Onshore",2018-08-17,25,4655.148
NGET-EMFIP-AGWS-TS-00225030,Wind generation,"Wind Offshore",2018-08-17,25,1581.905
NGET-EMFIP-AGWS-TS-00225029,Solar generation,"Solar",2018-08-17,25,4870
NGET-EMFIP-AGWS-TS-00225028,Wind generation,"Wind Onshore",2018-08-17,24,4488.916
NGET-EMFIP-AGWS-TS-00225027,Wind generation,"Wind Offshore",2018-08-17,24,1442.797
NGET-EMFIP-AGWS-TS-00225026,Solar generation,"Solar",2018-08-17,24,4760
NGET-EMFIP-AGWS-TS-00225025,Wind generation,"Wind Onshore",2018-08-17,23,4418.526
NGET-EMFIP-AGWS-TS-00225024,Wind generation,"Wind Offshore",2018-08-17,23,1405.999
NGET-EMFIP-AGWS-TS-00225023,Solar generation,"Solar",2018-08-17,23,4840
NGET-EMFIP-AGWS-TS-00225022,Wind generation,"Wind Onshore",2018-08-17,22,3994.971
NGET-EMFIP-AGWS-TS-00225021,Wind generation,"Wind Offshore",2018-08-17,22,1192.695
NGET-EMFIP-AGWS-TS-00225020,Solar generation,"Solar",2018-08-17,22,4560
NGET-EMFIP-AGWS-TS-00225019,Wind generation,"Wind Onshore",2018-08-17,21,3720.886
NGET-EMFIP-AGWS-TS-00225018,Wind generation,"Wind Offshore",2018-08-17,21,1148.577
NGET-EMFIP-AGWS-TS-00225017,Solar generation,"Solar",2018-08-17,21,3671
NGET-EMFIP-AGWS-TS-00225016,Wind generation,"Wind Onshore",2018-08-17,20,3351.953
NGET-EMFIP-AGWS-TS-00225015,Wind generation,"Wind Offshore",2018-08-17,20,1113.964
NGET-EMFIP-AGWS-TS-00225014,Solar generation,"Solar",2018-08-17,20,3850
NGET-EMFIP-AGWS-TS-00225013,Wind generation,"Wind Onshore",2018-08-17,19,3236.736
NGET-EMFIP-AGWS-TS-00225012,Wind generation,"Wind Offshore",2018-08-17,19,1024.748
NGET-EMFIP-AGWS-TS-00225011,Solar generation,"Solar",2018-08-17,19,3320
NGET-EMFIP-AGWS-TS-00225010,Wind generation,"Wind Onshore",2018-08-17,18,2857.382
NGET-EMFIP-AGWS-TS-00225009,Wind generation,"Wind Offshore",2018-08-17,18,1061.331
NGET-EMFIP-AGWS-TS-00225008,Solar generation,"Solar",2018-08-17,18,2640
NGET-EMFIP-AGWS-TS-00225007,Wind generation,"Wind Onshore",2018-08-17,17,2929.501
NGET-EMFIP-AGWS-TS-00225006,Wind generation,"Wind Offshore",2018-08-17,17,1129.09
NGET-EMFIP-AGWS-TS-00225005,Solar generation,"Solar",2018-08-17,17,2060
NGET-EMFIP-AGWS-TS-00225004,Wind generation,"Wind Onshore",2018-08-17,16,2725.469
NGET-EMFIP-AGWS-TS-00225003,Wind generation,"Wind Offshore",2018-08-17,16,1103.441
NGET-EMFIP-AGWS-TS-00225002,Solar generation,"Solar",2018-08-17,16,1540
NGET-EMFIP-AGWS-TS-00225001,Wind generation,"Wind Onshore",2018-08-17,15,2814.796
NGET-EMFIP-AGWS-TS-00225000,Wind generation,"Wind Offshore",2018-08-17,15,991.101
NGET-EMFIP-AGWS-TS-00224999,Solar generation,"Solar",2018-08-17,15,1030
NGET-EMFIP-AGWS-TS-00224980,Wind generation,"Wind Onshore",2018-08-17,14,2876.268
NGET-EMFIP-AGWS-TS-00224979,Wind generation,"Wind Offshore",2018-08-17,14,1019.875
NGET-EMFIP-AGWS-TS-00224978,Solar generation,"Solar",2018-08-17,14,538
NGET-EMFIP-AGWS-TS-00224977,Wind generation,"Wind Onshore",2018-08-17,13,2924.733
NGET-EMFIP-AGWS-TS-00224976,Wind generation,"Wind Offshore",2018-08-17,13,1266.311
NGET-EMFIP-AGWS-TS-00224975,Solar generation,"Solar",2018-08-17,13,105
NGET-EMFIP-AGWS-TS-00224974,Wind generation,"Wind Onshore",2018-08-17,12,3142.487
NGET-EMFIP-AGWS-TS-00224973,Wind generation,"Wind Offshore",2018-08-17,12,1243.541
NGET-EMFIP-AGWS-TS-00224972,Solar generation,"Solar",2018-08-17,12,2
NGET-EMFIP-AGWS-TS-00224971,Wind generation,"Wind Onshore",2018-08-17,11,3190.742
NGET-EMFIP-AGWS-TS-00224970,Wind generation,"Wind Offshore",2018-08-17,11,1340.959
NGET-EMFIP-AGWS-TS-00224969,Solar generation,"Solar",2018-08-17,11,1
NGET-EMFIP-AGWS-TS-00224968,Wind generation,"Wind Onshore",2018-08-17,10,3311.813
NGET-EMFIP-AGWS-TS-00224967,Wind generation,"Wind Offshore",2018-08-17,10,1339.006
NGET-EMFIP-AGWS-TS-00224966,Solar generation,"Solar",2018-08-17,10,2
NGET-EMFIP-AGWS-TS-00224965,Wind generation,"Wind Onshore",2018-08-17,9,3407.442
NGET-EMFIP-AGWS-TS-00224964,Wind generation,"Wind Offshore",2018-08-17,9,1317.97
NGET-EMFIP-AGWS-TS-00224963,Solar generation,"Solar",2018-08-17,9,0
NGET-EMFIP-AGWS-TS-00224962,Wind generation,"Wind Onshore",2018-08-17,8,3446.05
NGET-EMFIP-AGWS-TS-00224961,Wind generation,"Wind Offshore",2018-08-17,8,1239.506
NGET-EMFIP-AGWS-TS-00224960,Solar generation,"Solar",2018-08-17,8,1
NGET-EMFIP-AGWS-TS-00224959,Wind generation,"Wind Onshore",2018-08-17,7,3223.192
NGET-EMFIP-AGWS-TS-00224958,Wind generation,"Wind Offshore",2018-08-17,7,1433.871
NGET-EMFIP-AGWS-TS-00224957,Solar generation,"Solar",2018-08-17,7,0
NGET-EMFIP-AGWS-TS-00224956,Wind generation,"Wind Onshore",2018-08-17,6,3264.729
NGET-EMFIP-AGWS-TS-00224955,Wind generation,"Wind Offshore",2018-08-17,6,1702.436
NGET-EMFIP-AGWS-TS-00224954,Solar generation,"Solar",2018-08-17,6,1
NGET-EMFIP-AGWS-TS-00224953,Wind generation,"Wind Onshore",2018-08-17,5,3526.15
NGET-EMFIP-AGWS-TS-00224952,Wind generation,"Wind Offshore",2018-08-17,5,1662.701
NGET-EMFIP-AGWS-TS-00224951,Solar generation,"Solar",2018-08-17,5,2
NGET-EMFIP-AGWS-TS-00224950,Wind generation,"Wind Onshore",2018-08-17,4,3368.028
NGET-EMFIP-AGWS-TS-00224949,Wind generation,"Wind Offshore",2018-08-17,4,1686.02
NGET-EMFIP-AGWS-TS-00224948,Solar generation,"Solar",2018-08-17,4,0
NGET-EMFIP-AGWS-TS-00224947,Wind generation,"Wind Onshore",2018-08-17,3,3450.43
NGET-EMFIP-AGWS-TS-00224946,Wind generation,"Wind Offshore",2018-08-17,3,1769.429
NGET-EMFIP-AGWS-TS-00224945,Solar generation,"Solar",2018-08-17,3,0
NGET-EMFIP-AGWS-TS-00224944,Wind generation,"Wind Onshore",2018-08-17,2,3339.767
NGET-EMFIP-AGWS-TS-00224943,Wind generation,"Wind Offshore",2018-08-17,2,1752.717
NGET-EMFIP-AGWS-TS-00224942,Solar generation,"Solar",2018-08-17,2,0
NGET-EMFIP-AGWS-TS-00224941,Wind generation,"Wind Onshore",2018-08-17,1,3399.548
NGET-EMFIP-AGWS-TS-00224940,Wind generation,"Wind Offshore",2018-08-17,1,1677.555
NGET-EMFIP-AGWS-TS-00224939,Solar generation,"Solar",2018-08-17,1,0