Actual Or Estimated Wind And Solar Power Generation (B1630),,,,,
Time Series ID,Business Type,PSR Type,Settlement  Date,Settlement Period,Quantity (MW)
NGET-EMFIP-AGWS-TS-00224094,Wind generation,Wind Onshore,11/08/2018,48,2781.927
NGET-EMFIP-AGWS-TS-00224093,Wind generation,Wind Offshore,11/08/2018,48,2072.903
NGET-EMFIP-AGWS-TS-00224092,Solar generation,Solar,11/08/2018,48,0
NGET-EMFIP-AGWS-TS-00224091,Wind generation,Wind Onshore,11/08/2018,47,2771.576
NGET-EMFIP-AGWS-TS-00224090,Wind generation,Wind Offshore,11/08/2018,47,2002.525
NGET-EMFIP-AGWS-TS-00224089,Solar generation,Solar,11/08/2018,47,0
NGET-EMFIP-AGWS-TS-00224088,Wind generation,Wind Onshore,11/08/2018,46,2810.019
NGET-EMFIP-AGWS-TS-00224087,Wind generation,Wind Offshore,11/08/2018,46,2112.407
NGET-EMFIP-AGWS-TS-00224086,Solar generation,Solar,11/08/2018,46,0
NGET-EMFIP-AGWS-TS-00224085,Wind generation,Wind Onshore,11/08/2018,45,2771.43
NGET-EMFIP-AGWS-TS-00224084,Wind generation,Wind Offshore,11/08/2018,45,2019.226
NGET-EMFIP-AGWS-TS-00224083,Solar generation,Solar,11/08/2018,45,1
NGET-EMFIP-AGWS-TS-00224082,Wind generation,Wind Onshore,11/08/2018,44,2557.48
NGET-EMFIP-AGWS-TS-00224081,Wind generation,Wind Offshore,11/08/2018,44,1947.668
NGET-EMFIP-AGWS-TS-00224080,Solar generation,Solar,11/08/2018,44,2
NGET-EMFIP-AGWS-TS-00224079,Wind generation,Wind Onshore,11/08/2018,43,2489.239
NGET-EMFIP-AGWS-TS-00224078,Wind generation,Wind Offshore,11/08/2018,43,1878.618
NGET-EMFIP-AGWS-TS-00224077,Solar generation,Solar,11/08/2018,43,1
NGET-EMFIP-AGWS-TS-00224076,Wind generation,Wind Onshore,11/08/2018,42,2343.472
NGET-EMFIP-AGWS-TS-00224075,Wind generation,Wind Offshore,11/08/2018,42,1667.267
NGET-EMFIP-AGWS-TS-00224074,Solar generation,Solar,11/08/2018,42,5
NGET-EMFIP-AGWS-TS-00224073,Wind generation,Wind Onshore,11/08/2018,41,2326.667
NGET-EMFIP-AGWS-TS-00224072,Wind generation,Wind Offshore,11/08/2018,41,1623.991
NGET-EMFIP-AGWS-TS-00224071,Solar generation,Solar,11/08/2018,41,16
NGET-EMFIP-AGWS-TS-00224070,Wind generation,Wind Onshore,11/08/2018,40,2249.253
NGET-EMFIP-AGWS-TS-00224069,Wind generation,Wind Offshore,11/08/2018,40,1515.54
NGET-EMFIP-AGWS-TS-00224068,Solar generation,Solar,11/08/2018,40,96
NGET-EMFIP-AGWS-TS-00224067,Wind generation,Wind Onshore,11/08/2018,39,2303.566
NGET-EMFIP-AGWS-TS-00224066,Wind generation,Wind Offshore,11/08/2018,39,1505.104
NGET-EMFIP-AGWS-TS-00224065,Solar generation,Solar,11/08/2018,39,255
NGET-EMFIP-AGWS-TS-00224064,Wind generation,Wind Onshore,11/08/2018,38,2206.886
NGET-EMFIP-AGWS-TS-00224063,Wind generation,Wind Offshore,11/08/2018,38,1660.934
NGET-EMFIP-AGWS-TS-00224062,Solar generation,Solar,11/08/2018,38,465
NGET-EMFIP-AGWS-TS-00224061,Wind generation,Wind Onshore,11/08/2018,37,2217.541
NGET-EMFIP-AGWS-TS-00224060,Wind generation,Wind Offshore,11/08/2018,37,1561.242
NGET-EMFIP-AGWS-TS-00224059,Solar generation,Solar,11/08/2018,37,704
NGET-EMFIP-AGWS-TS-00224058,Wind generation,Wind Onshore,11/08/2018,36,2051.501
NGET-EMFIP-AGWS-TS-00224057,Wind generation,Wind Offshore,11/08/2018,36,1518.305
NGET-EMFIP-AGWS-TS-00224056,Solar generation,Solar,11/08/2018,36,1010
NGET-EMFIP-AGWS-TS-00224055,Wind generation,Wind Onshore,11/08/2018,35,2170.575
NGET-EMFIP-AGWS-TS-00224054,Wind generation,Wind Offshore,11/08/2018,35,1153.165
NGET-EMFIP-AGWS-TS-00224053,Solar generation,Solar,11/08/2018,35,1400
NGET-EMFIP-AGWS-TS-00224052,Wind generation,Wind Onshore,11/08/2018,34,2049.498
NGET-EMFIP-AGWS-TS-00224051,Wind generation,Wind Offshore,11/08/2018,34,822.329
NGET-EMFIP-AGWS-TS-00224050,Solar generation,Solar,11/08/2018,34,1830
NGET-EMFIP-AGWS-TS-00224049,Wind generation,Wind Onshore,11/08/2018,33,1978.617
NGET-EMFIP-AGWS-TS-00224048,Wind generation,Wind Offshore,11/08/2018,33,655.653
NGET-EMFIP-AGWS-TS-00224047,Solar generation,Solar,11/08/2018,33,2260
NGET-EMFIP-AGWS-TS-00224046,Wind generation,Wind Onshore,11/08/2018,32,1837.124
NGET-EMFIP-AGWS-TS-00224045,Wind generation,Wind Offshore,11/08/2018,32,553.042
NGET-EMFIP-AGWS-TS-00224044,Solar generation,Solar,11/08/2018,32,2880
NGET-EMFIP-AGWS-TS-00224043,Wind generation,Wind Onshore,11/08/2018,31,1783.773
NGET-EMFIP-AGWS-TS-00224042,Wind generation,Wind Offshore,11/08/2018,31,478.477
NGET-EMFIP-AGWS-TS-00224041,Solar generation,Solar,11/08/2018,31,3400
NGET-EMFIP-AGWS-TS-00224040,Wind generation,Wind Onshore,11/08/2018,30,1681.913
NGET-EMFIP-AGWS-TS-00224039,Wind generation,Wind Offshore,11/08/2018,30,427.479
NGET-EMFIP-AGWS-TS-00224038,Solar generation,Solar,11/08/2018,30,3960
NGET-EMFIP-AGWS-TS-00224037,Wind generation,Wind Onshore,11/08/2018,29,1534.104
NGET-EMFIP-AGWS-TS-00224036,Wind generation,Wind Offshore,11/08/2018,29,394.916
NGET-EMFIP-AGWS-TS-00224035,Solar generation,Solar,11/08/2018,29,4510
NGET-EMFIP-AGWS-TS-00224034,Wind generation,Wind Onshore,11/08/2018,28,1490.392
NGET-EMFIP-AGWS-TS-00224033,Wind generation,Wind Offshore,11/08/2018,28,386.807
NGET-EMFIP-AGWS-TS-00224032,Solar generation,Solar,11/08/2018,28,5010
NGET-EMFIP-AGWS-TS-00224031,Wind generation,Wind Onshore,11/08/2018,27,1340.059
NGET-EMFIP-AGWS-TS-00224030,Wind generation,Wind Offshore,11/08/2018,27,343.236
NGET-EMFIP-AGWS-TS-00224029,Solar generation,Solar,11/08/2018,27,5300
NGET-EMFIP-AGWS-TS-00224028,Wind generation,Wind Onshore,11/08/2018,26,1198.806
NGET-EMFIP-AGWS-TS-00224027,Wind generation,Wind Offshore,11/08/2018,26,297.48
NGET-EMFIP-AGWS-TS-00224026,Solar generation,Solar,11/08/2018,26,5690
NGET-EMFIP-AGWS-TS-00224025,Wind generation,Wind Onshore,11/08/2018,25,1133.651
NGET-EMFIP-AGWS-TS-00224024,Wind generation,Wind Offshore,11/08/2018,25,305.88
NGET-EMFIP-AGWS-TS-00224023,Solar generation,Solar,11/08/2018,25,5770
NGET-EMFIP-AGWS-TS-00224022,Wind generation,Wind Onshore,11/08/2018,24,1073.999
NGET-EMFIP-AGWS-TS-00224021,Wind generation,Wind Offshore,11/08/2018,24,343.434
NGET-EMFIP-AGWS-TS-00224020,Solar generation,Solar,11/08/2018,24,5750
NGET-EMFIP-AGWS-TS-00224019,Wind generation,Wind Onshore,11/08/2018,23,1052.283
NGET-EMFIP-AGWS-TS-00224018,Wind generation,Wind Offshore,11/08/2018,23,348.616
NGET-EMFIP-AGWS-TS-00224017,Solar generation,Solar,11/08/2018,23,5700
NGET-EMFIP-AGWS-TS-00224016,Wind generation,Wind Onshore,11/08/2018,22,962.236
NGET-EMFIP-AGWS-TS-00224015,Wind generation,Wind Offshore,11/08/2018,22,403.957
NGET-EMFIP-AGWS-TS-00224014,Solar generation,Solar,11/08/2018,22,5440
NGET-EMFIP-AGWS-TS-00224013,Wind generation,Wind Onshore,11/08/2018,21,915.375
NGET-EMFIP-AGWS-TS-00224012,Wind generation,Wind Offshore,11/08/2018,21,452.174
NGET-EMFIP-AGWS-TS-00224011,Solar generation,Solar,11/08/2018,21,3980
NGET-EMFIP-AGWS-TS-00224010,Wind generation,Wind Onshore,11/08/2018,20,813.084
NGET-EMFIP-AGWS-TS-00224009,Wind generation,Wind Offshore,11/08/2018,20,504.664
NGET-EMFIP-AGWS-TS-00224008,Solar generation,Solar,11/08/2018,20,4470
NGET-EMFIP-AGWS-TS-00224007,Wind generation,Wind Onshore,11/08/2018,19,806.851
NGET-EMFIP-AGWS-TS-00224006,Wind generation,Wind Offshore,11/08/2018,19,594.111
NGET-EMFIP-AGWS-TS-00224005,Solar generation,Solar,11/08/2018,19,3840
NGET-EMFIP-AGWS-TS-00224004,Wind generation,Wind Onshore,11/08/2018,18,774.048
NGET-EMFIP-AGWS-TS-00224003,Wind generation,Wind Offshore,11/08/2018,18,631.447
NGET-EMFIP-AGWS-TS-00224002,Solar generation,Solar,11/08/2018,18,3180
NGET-EMFIP-AGWS-TS-00224001,Wind generation,Wind Onshore,11/08/2018,17,760.556
NGET-EMFIP-AGWS-TS-00224000,Wind generation,Wind Offshore,11/08/2018,17,701.042
NGET-EMFIP-AGWS-TS-00223999,Solar generation,Solar,11/08/2018,17,2500
NGET-EMFIP-AGWS-TS-00223983,Wind generation,Wind Onshore,11/08/2018,16,824.42
NGET-EMFIP-AGWS-TS-00223982,Wind generation,Wind Offshore,11/08/2018,16,796.152
NGET-EMFIP-AGWS-TS-00223981,Solar generation,Solar,11/08/2018,16,1750
NGET-EMFIP-AGWS-TS-00223980,Wind generation,Wind Onshore,11/08/2018,15,888.225
NGET-EMFIP-AGWS-TS-00223979,Wind generation,Wind Offshore,11/08/2018,15,909.346
NGET-EMFIP-AGWS-TS-00223978,Solar generation,Solar,11/08/2018,15,1160
NGET-EMFIP-AGWS-TS-00223977,Wind generation,Wind Onshore,11/08/2018,14,968.451
NGET-EMFIP-AGWS-TS-00223976,Wind generation,Wind Offshore,11/08/2018,14,949.817
NGET-EMFIP-AGWS-TS-00223975,Solar generation,Solar,11/08/2018,14,612
NGET-EMFIP-AGWS-TS-00223974,Wind generation,Wind Onshore,11/08/2018,13,928.457
NGET-EMFIP-AGWS-TS-00223973,Wind generation,Wind Offshore,11/08/2018,13,991.826
NGET-EMFIP-AGWS-TS-00223972,Solar generation,Solar,11/08/2018,13,67
NGET-EMFIP-AGWS-TS-00223971,Wind generation,Wind Onshore,11/08/2018,12,920.486
NGET-EMFIP-AGWS-TS-00223970,Wind generation,Wind Offshore,11/08/2018,12,969.488
NGET-EMFIP-AGWS-TS-00223969,Solar generation,Solar,11/08/2018,12,9
NGET-EMFIP-AGWS-TS-00223968,Wind generation,Wind Onshore,11/08/2018,11,912.92
NGET-EMFIP-AGWS-TS-00223967,Wind generation,Wind Offshore,11/08/2018,11,904.583
NGET-EMFIP-AGWS-TS-00223966,Solar generation,Solar,11/08/2018,11,1
NGET-EMFIP-AGWS-TS-00223965,Wind generation,Wind Onshore,11/08/2018,10,992.002
NGET-EMFIP-AGWS-TS-00223964,Wind generation,Wind Offshore,11/08/2018,10,1000.375
NGET-EMFIP-AGWS-TS-00223963,Solar generation,Solar,11/08/2018,10,0
NGET-EMFIP-AGWS-TS-00223962,Wind generation,Wind Onshore,11/08/2018,9,1023.318
NGET-EMFIP-AGWS-TS-00223961,Wind generation,Wind Offshore,11/08/2018,9,1093.611
NGET-EMFIP-AGWS-TS-00223960,Solar generation,Solar,11/08/2018,9,1
NGET-EMFIP-AGWS-TS-00223959,Wind generation,Wind Onshore,11/08/2018,8,1171.74
NGET-EMFIP-AGWS-TS-00223958,Wind generation,Wind Offshore,11/08/2018,8,1252.406
NGET-EMFIP-AGWS-TS-00223957,Solar generation,Solar,11/08/2018,8,0
NGET-EMFIP-AGWS-TS-00223956,Wind generation,Wind Onshore,11/08/2018,7,1243.058
NGET-EMFIP-AGWS-TS-00223955,Wind generation,Wind Offshore,11/08/2018,7,1280.364
NGET-EMFIP-AGWS-TS-00223954,Solar generation,Solar,11/08/2018,7,0
NGET-EMFIP-AGWS-TS-00223953,Wind generation,Wind Onshore,11/08/2018,6,1390.216
NGET-EMFIP-AGWS-TS-00223952,Wind generation,Wind Offshore,11/08/2018,6,1360.955
NGET-EMFIP-AGWS-TS-00223951,Solar generation,Solar,11/08/2018,6,0
NGET-EMFIP-AGWS-TS-00223950,Wind generation,Wind Onshore,11/08/2018,5,1437.834
NGET-EMFIP-AGWS-TS-00223949,Wind generation,Wind Offshore,11/08/2018,5,1454.436
NGET-EMFIP-AGWS-TS-00223948,Solar generation,Solar,11/08/2018,5,2
NGET-EMFIP-AGWS-TS-00223947,Wind generation,Wind Onshore,11/08/2018,4,1486.573
NGET-EMFIP-AGWS-TS-00223946,Wind generation,Wind Offshore,11/08/2018,4,1536.559
NGET-EMFIP-AGWS-TS-00223945,Solar generation,Solar,11/08/2018,4,0
NGET-EMFIP-AGWS-TS-00223944,Wind generation,Wind Onshore,11/08/2018,3,766.411
NGET-EMFIP-AGWS-TS-00223943,Wind generation,Wind Offshore,11/08/2018,3,102.166
NGET-EMFIP-AGWS-TS-00223942,Solar generation,Solar,11/08/2018,3,0
NGET-EMFIP-AGWS-TS-00223941,Wind generation,Wind Onshore,11/08/2018,2,1490.353
NGET-EMFIP-AGWS-TS-00223940,Wind generation,Wind Offshore,11/08/2018,2,1603.329
NGET-EMFIP-AGWS-TS-00223939,Solar generation,Solar,11/08/2018,2,0
NGET-EMFIP-AGWS-TS-00223941,Wind generation,Wind Onshore,11/08/2018,,1524.31
NGET-EMFIP-AGWS-TS-00223940,Wind generation,Wind Offshore,11/08/2018,,1554.011
NGET-EMFIP-AGWS-TS-00223939,Solar generation,Solar,11/08/2018,,0
