Actual Or Estimated Wind And Solar Power Generation (B1630)
Time Series ID,Business Type,PSR Type,Settlement  Date,Settlement Period,Quantity (MW)
NGET-EMFIP-AGWS-TS-00224770,Wind generation,"Wind Onshore",2018-08-15,48,3476.148
NGET-EMFIP-AGWS-TS-00224769,Wind generation,"Wind Offshore",2018-08-15,48,3180.454
NGET-EMFIP-AGWS-TS-00224768,Solar generation,"Solar",2018-08-15,48,0
NGET-EMFIP-AGWS-TS-00224767,Wind generation,"Wind Onshore",2018-08-15,47,3724.345
NGET-EMFIP-AGWS-TS-00224766,Wind generation,"Wind Offshore",2018-08-15,47,3141.594
NGET-EMFIP-AGWS-TS-00224765,Solar generation,"Solar",2018-08-15,47,0
NGET-EMFIP-AGWS-TS-00224764,Wind generation,"Wind Onshore",2018-08-15,46,3985.08
NGET-EMFIP-AGWS-TS-00224763,Wind generation,"Wind Offshore",2018-08-15,46,3120.241
NGET-EMFIP-AGWS-TS-00224762,Solar generation,"Solar",2018-08-15,46,0
NGET-EMFIP-AGWS-TS-00224761,Wind generation,"Wind Onshore",2018-08-15,45,3865.401
NGET-EMFIP-AGWS-TS-00224760,Wind generation,"Wind Offshore",2018-08-15,45,3148.916
NGET-EMFIP-AGWS-TS-00224759,Solar generation,"Solar",2018-08-15,45,2
NGET-EMFIP-AGWS-TS-00224744,Wind generation,"Wind Onshore",2018-08-15,44,3961.367
NGET-EMFIP-AGWS-TS-00224743,Wind generation,"Wind Offshore",2018-08-15,44,3015.528
NGET-EMFIP-AGWS-TS-00224742,Solar generation,"Solar",2018-08-15,44,2
NGET-EMFIP-AGWS-TS-00224741,Wind generation,"Wind Onshore",2018-08-15,43,4147.402
NGET-EMFIP-AGWS-TS-00224740,Wind generation,"Wind Offshore",2018-08-15,43,2982.474
NGET-EMFIP-AGWS-TS-00224739,Solar generation,"Solar",2018-08-15,43,57
NGET-EMFIP-AGWS-TS-00224730,Wind generation,"Wind Onshore",2018-08-15,42,4186.789
NGET-EMFIP-AGWS-TS-00224729,Wind generation,"Wind Offshore",2018-08-15,42,2922.543
NGET-EMFIP-AGWS-TS-00224728,Solar generation,"Solar",2018-08-15,42,3
NGET-EMFIP-AGWS-TS-00224727,Wind generation,"Wind Onshore",2018-08-15,41,4168.98
NGET-EMFIP-AGWS-TS-00224726,Wind generation,"Wind Offshore",2018-08-15,41,3164.696
NGET-EMFIP-AGWS-TS-00224725,Solar generation,"Solar",2018-08-15,41,12
NGET-EMFIP-AGWS-TS-00224724,Wind generation,"Wind Onshore",2018-08-15,40,4019.812
NGET-EMFIP-AGWS-TS-00224723,Wind generation,"Wind Offshore",2018-08-15,40,3240.176
NGET-EMFIP-AGWS-TS-00224722,Solar generation,"Solar",2018-08-15,40,103
NGET-EMFIP-AGWS-TS-00224721,Wind generation,"Wind Onshore",2018-08-15,39,3956.545
NGET-EMFIP-AGWS-TS-00224720,Wind generation,"Wind Offshore",2018-08-15,39,3240.09
NGET-EMFIP-AGWS-TS-00224719,Solar generation,"Solar",2018-08-15,39,305
NGET-EMFIP-AGWS-TS-00224718,Wind generation,"Wind Onshore",2018-08-15,38,4095.035
NGET-EMFIP-AGWS-TS-00224717,Wind generation,"Wind Offshore",2018-08-15,38,3084.685
NGET-EMFIP-AGWS-TS-00224716,Solar generation,"Solar",2018-08-15,38,619
NGET-EMFIP-AGWS-TS-00224715,Wind generation,"Wind Onshore",2018-08-15,37,4053.744
NGET-EMFIP-AGWS-TS-00224714,Wind generation,"Wind Offshore",2018-08-15,37,2891.405
NGET-EMFIP-AGWS-TS-00224713,Solar generation,"Solar",2018-08-15,37,973
NGET-EMFIP-AGWS-TS-00224712,Wind generation,"Wind Onshore",2018-08-15,36,4287.974
NGET-EMFIP-AGWS-TS-00224711,Wind generation,"Wind Offshore",2018-08-15,36,2813.859
NGET-EMFIP-AGWS-TS-00224710,Solar generation,"Solar",2018-08-15,36,1420
NGET-EMFIP-AGWS-TS-00224709,Wind generation,"Wind Onshore",2018-08-15,35,4697.124
NGET-EMFIP-AGWS-TS-00224708,Wind generation,"Wind Offshore",2018-08-15,35,2601.936
NGET-EMFIP-AGWS-TS-00224707,Solar generation,"Solar",2018-08-15,35,1940
NGET-EMFIP-AGWS-TS-00224706,Wind generation,"Wind Onshore",2018-08-15,34,5063.391
NGET-EMFIP-AGWS-TS-00224705,Wind generation,"Wind Offshore",2018-08-15,34,2510.937
NGET-EMFIP-AGWS-TS-00224704,Solar generation,"Solar",2018-08-15,34,2440
NGET-EMFIP-AGWS-TS-00224703,Wind generation,"Wind Onshore",2018-08-15,33,4994.923
NGET-EMFIP-AGWS-TS-00224702,Wind generation,"Wind Offshore",2018-08-15,33,2527.827
NGET-EMFIP-AGWS-TS-00224701,Solar generation,"Solar",2018-08-15,33,2850
NGET-EMFIP-AGWS-TS-00224700,Wind generation,"Wind Onshore",2018-08-15,32,4917.172
NGET-EMFIP-AGWS-TS-00224699,Wind generation,"Wind Offshore",2018-08-15,32,2352.937
NGET-EMFIP-AGWS-TS-00224698,Solar generation,"Solar",2018-08-15,32,3340
NGET-EMFIP-AGWS-TS-00224697,Wind generation,"Wind Onshore",2018-08-15,31,4769.158
NGET-EMFIP-AGWS-TS-00224696,Wind generation,"Wind Offshore",2018-08-15,31,2411.172
NGET-EMFIP-AGWS-TS-00224695,Solar generation,"Solar",2018-08-15,31,3660
NGET-EMFIP-AGWS-TS-00224694,Wind generation,"Wind Onshore",2018-08-15,30,4560.951
NGET-EMFIP-AGWS-TS-00224693,Wind generation,"Wind Offshore",2018-08-15,30,2427.693
NGET-EMFIP-AGWS-TS-00224692,Solar generation,"Solar",2018-08-15,30,3740
NGET-EMFIP-AGWS-TS-00224691,Wind generation,"Wind Onshore",2018-08-15,29,4664.809
NGET-EMFIP-AGWS-TS-00224690,Wind generation,"Wind Offshore",2018-08-15,29,2302.439
NGET-EMFIP-AGWS-TS-00224689,Solar generation,"Solar",2018-08-15,29,3780
NGET-EMFIP-AGWS-TS-00224688,Wind generation,"Wind Onshore",2018-08-15,28,4633.407
NGET-EMFIP-AGWS-TS-00224687,Wind generation,"Wind Offshore",2018-08-15,28,2220.516
NGET-EMFIP-AGWS-TS-00224686,Solar generation,"Solar",2018-08-15,28,3760
NGET-EMFIP-AGWS-TS-00224685,Wind generation,"Wind Onshore",2018-08-15,27,4598.345
NGET-EMFIP-AGWS-TS-00224684,Wind generation,"Wind Offshore",2018-08-15,27,2128.973
NGET-EMFIP-AGWS-TS-00224683,Solar generation,"Solar",2018-08-15,27,3730
NGET-EMFIP-AGWS-TS-00224682,Wind generation,"Wind Onshore",2018-08-15,26,4731.913
NGET-EMFIP-AGWS-TS-00224681,Wind generation,"Wind Offshore",2018-08-15,26,2093.695
NGET-EMFIP-AGWS-TS-00224680,Solar generation,"Solar",2018-08-15,26,3600
NGET-EMFIP-AGWS-TS-00224679,Wind generation,"Wind Onshore",2018-08-15,25,4956.719
NGET-EMFIP-AGWS-TS-00224678,Wind generation,"Wind Offshore",2018-08-15,25,2006.53
NGET-EMFIP-AGWS-TS-00224677,Solar generation,"Solar",2018-08-15,25,3470
NGET-EMFIP-AGWS-TS-00224676,Wind generation,"Wind Onshore",2018-08-15,24,4628.766
NGET-EMFIP-AGWS-TS-00224675,Wind generation,"Wind Offshore",2018-08-15,24,2018.269
NGET-EMFIP-AGWS-TS-00224674,Solar generation,"Solar",2018-08-15,24,3410
NGET-EMFIP-AGWS-TS-00224673,Wind generation,"Wind Onshore",2018-08-15,23,4567.807
NGET-EMFIP-AGWS-TS-00224672,Wind generation,"Wind Offshore",2018-08-15,23,1935.602
NGET-EMFIP-AGWS-TS-00224671,Solar generation,"Solar",2018-08-15,23,3350
NGET-EMFIP-AGWS-TS-00224670,Wind generation,"Wind Onshore",2018-08-15,22,4466.071
NGET-EMFIP-AGWS-TS-00224669,Wind generation,"Wind Offshore",2018-08-15,22,1731.684
NGET-EMFIP-AGWS-TS-00224668,Solar generation,"Solar",2018-08-15,22,3120
NGET-EMFIP-AGWS-TS-00224667,Wind generation,"Wind Onshore",2018-08-15,21,4338.335
NGET-EMFIP-AGWS-TS-00224666,Wind generation,"Wind Offshore",2018-08-15,21,1852.862
NGET-EMFIP-AGWS-TS-00224665,Solar generation,"Solar",2018-08-15,21,2233
NGET-EMFIP-AGWS-TS-00224661,Wind generation,"Wind Onshore",2018-08-15,19,4158.243
NGET-EMFIP-AGWS-TS-00224660,Wind generation,"Wind Offshore",2018-08-15,19,1785.105
NGET-EMFIP-AGWS-TS-00224659,Solar generation,"Solar",2018-08-15,19,2180
NGET-EMFIP-AGWS-TS-00224654,Wind generation,"Wind Onshore",2018-08-15,18,4135.207
NGET-EMFIP-AGWS-TS-00224653,Wind generation,"Wind Offshore",2018-08-15,18,1916.661
NGET-EMFIP-AGWS-TS-00224652,Solar generation,"Solar",2018-08-15,18,1580
NGET-EMFIP-AGWS-TS-00224651,Wind generation,"Wind Onshore",2018-08-15,17,3927.252
NGET-EMFIP-AGWS-TS-00224650,Wind generation,"Wind Offshore",2018-08-15,17,2006.555
NGET-EMFIP-AGWS-TS-00224649,Solar generation,"Solar",2018-08-15,17,1100
NGET-EMFIP-AGWS-TS-00224648,Wind generation,"Wind Onshore",2018-08-15,16,3690.619
NGET-EMFIP-AGWS-TS-00224647,Wind generation,"Wind Offshore",2018-08-15,16,2026.066
NGET-EMFIP-AGWS-TS-00224646,Solar generation,"Solar",2018-08-15,16,701
NGET-EMFIP-AGWS-TS-00224645,Wind generation,"Wind Onshore",2018-08-15,15,3449.702
NGET-EMFIP-AGWS-TS-00224644,Wind generation,"Wind Offshore",2018-08-15,15,2089.683
NGET-EMFIP-AGWS-TS-00224643,Solar generation,"Solar",2018-08-15,15,387
NGET-EMFIP-AGWS-TS-00224642,Wind generation,"Wind Onshore",2018-08-15,14,3500.892
NGET-EMFIP-AGWS-TS-00224641,Wind generation,"Wind Offshore",2018-08-15,14,1873.565
NGET-EMFIP-AGWS-TS-00224640,Solar generation,"Solar",2018-08-15,14,151
NGET-EMFIP-AGWS-TS-00224639,Wind generation,"Wind Onshore",2018-08-15,13,3610.402
NGET-EMFIP-AGWS-TS-00224638,Wind generation,"Wind Offshore",2018-08-15,13,1628.157
NGET-EMFIP-AGWS-TS-00224637,Solar generation,"Solar",2018-08-15,13,24
NGET-EMFIP-AGWS-TS-00224636,Wind generation,"Wind Onshore",2018-08-15,12,3699.987
NGET-EMFIP-AGWS-TS-00224635,Wind generation,"Wind Offshore",2018-08-15,12,1687.287
NGET-EMFIP-AGWS-TS-00224634,Solar generation,"Solar",2018-08-15,12,0
NGET-EMFIP-AGWS-TS-00224633,Wind generation,"Wind Onshore",2018-08-15,11,3519.595
NGET-EMFIP-AGWS-TS-00224632,Wind generation,"Wind Offshore",2018-08-15,11,1619.554
NGET-EMFIP-AGWS-TS-00224631,Solar generation,"Solar",2018-08-15,11,0
NGET-EMFIP-AGWS-TS-00224630,Wind generation,"Wind Onshore",2018-08-15,10,3402.344
NGET-EMFIP-AGWS-TS-00224629,Wind generation,"Wind Offshore",2018-08-15,10,1758.593
NGET-EMFIP-AGWS-TS-00224628,Solar generation,"Solar",2018-08-15,10,0
NGET-EMFIP-AGWS-TS-00224627,Wind generation,"Wind Onshore",2018-08-15,9,3272.148
NGET-EMFIP-AGWS-TS-00224626,Wind generation,"Wind Offshore",2018-08-15,9,1768.174
NGET-EMFIP-AGWS-TS-00224625,Solar generation,"Solar",2018-08-15,9,0
NGET-EMFIP-AGWS-TS-00224624,Wind generation,"Wind Onshore",2018-08-15,8,3312.559
NGET-EMFIP-AGWS-TS-00224623,Wind generation,"Wind Offshore",2018-08-15,8,1713.762
NGET-EMFIP-AGWS-TS-00224622,Solar generation,"Solar",2018-08-15,8,0
NGET-EMFIP-AGWS-TS-00224621,Wind generation,"Wind Onshore",2018-08-15,7,3236.089
NGET-EMFIP-AGWS-TS-00224620,Wind generation,"Wind Offshore",2018-08-15,7,1510.908
NGET-EMFIP-AGWS-TS-00224619,Solar generation,"Solar",2018-08-15,7,0
NGET-EMFIP-AGWS-TS-00224611,Wind generation,"Wind Onshore",2018-08-15,6,2928.668
NGET-EMFIP-AGWS-TS-00224610,Wind generation,"Wind Offshore",2018-08-15,6,1730.075
NGET-EMFIP-AGWS-TS-00224609,Solar generation,"Solar",2018-08-15,6,1
NGET-EMFIP-AGWS-TS-00224608,Wind generation,"Wind Onshore",2018-08-15,5,2749.755
NGET-EMFIP-AGWS-TS-00224607,Wind generation,"Wind Offshore",2018-08-15,5,1806.94
NGET-EMFIP-AGWS-TS-00224606,Solar generation,"Solar",2018-08-15,5,1
NGET-EMFIP-AGWS-TS-00224605,Wind generation,"Wind Onshore",2018-08-15,4,2839.073
NGET-EMFIP-AGWS-TS-00224604,Wind generation,"Wind Offshore",2018-08-15,4,1720.99
NGET-EMFIP-AGWS-TS-00224603,Solar generation,"Solar",2018-08-15,4,0
NGET-EMFIP-AGWS-TS-00224602,Wind generation,"Wind Onshore",2018-08-15,3,2616.903
NGET-EMFIP-AGWS-TS-00224601,Wind generation,"Wind Offshore",2018-08-15,3,1865.461
NGET-EMFIP-AGWS-TS-00224600,Solar generation,"Solar",2018-08-15,3,0
NGET-EMFIP-AGWS-TS-00224599,Wind generation,"Wind Onshore",2018-08-15,2,2550.64
NGET-EMFIP-AGWS-TS-00224598,Wind generation,"Wind Offshore",2018-08-15,2,1849.424
NGET-EMFIP-AGWS-TS-00224597,Solar generation,"Solar",2018-08-15,2,0
NGET-EMFIP-AGWS-TS-00224596,Wind generation,"Wind Onshore",2018-08-15,1,2413.663
NGET-EMFIP-AGWS-TS-00224595,Wind generation,"Wind Offshore",2018-08-15,1,1666.598
NGET-EMFIP-AGWS-TS-00224594,Solar generation,"Solar",2018-08-15,1,0