Actual Or Estimated Wind And Solar Power Generation (B1630)
Time Series ID,Business Type,PSR Type,Settlement  Date,Settlement Period,Quantity (MW)
NGET-EMFIP-AGWS-TS-00222360,Wind generation,"Wind Onshore",2018-08-01,48,3003.951
NGET-EMFIP-AGWS-TS-00222359,Wind generation,"Wind Offshore",2018-08-01,48,879.304
NGET-EMFIP-AGWS-TS-00222358,Solar generation,"Solar",2018-08-01,48,0
NGET-EMFIP-AGWS-TS-00222357,Wind generation,"Wind Onshore",2018-08-01,47,3190.937
NGET-EMFIP-AGWS-TS-00222356,Wind generation,"Wind Offshore",2018-08-01,47,999.194
NGET-EMFIP-AGWS-TS-00222355,Solar generation,"Solar",2018-08-01,47,0
NGET-EMFIP-AGWS-TS-00222354,Wind generation,"Wind Onshore",2018-08-01,46,3410.24
NGET-EMFIP-AGWS-TS-00222353,Wind generation,"Wind Offshore",2018-08-01,46,1177.542
NGET-EMFIP-AGWS-TS-00222352,Solar generation,"Solar",2018-08-01,46,0
NGET-EMFIP-AGWS-TS-00222351,Wind generation,"Wind Onshore",2018-08-01,45,3495.416
NGET-EMFIP-AGWS-TS-00222350,Wind generation,"Wind Offshore",2018-08-01,45,1306.003
NGET-EMFIP-AGWS-TS-00222349,Solar generation,"Solar",2018-08-01,45,7
NGET-EMFIP-AGWS-TS-00222348,Wind generation,"Wind Onshore",2018-08-01,44,3488.316
NGET-EMFIP-AGWS-TS-00222347,Wind generation,"Wind Offshore",2018-08-01,44,1326.751
NGET-EMFIP-AGWS-TS-00222346,Solar generation,"Solar",2018-08-01,44,2
NGET-EMFIP-AGWS-TS-00222345,Wind generation,"Wind Onshore",2018-08-01,43,3701.668
NGET-EMFIP-AGWS-TS-00222344,Wind generation,"Wind Offshore",2018-08-01,43,1248.056
NGET-EMFIP-AGWS-TS-00222343,Solar generation,"Solar",2018-08-01,43,7
NGET-EMFIP-AGWS-TS-00222342,Wind generation,"Wind Onshore",2018-08-01,42,3621.659
NGET-EMFIP-AGWS-TS-00222341,Wind generation,"Wind Offshore",2018-08-01,42,1420.861
NGET-EMFIP-AGWS-TS-00222340,Solar generation,"Solar",2018-08-01,42,18
NGET-EMFIP-AGWS-TS-00222339,Wind generation,"Wind Onshore",2018-08-01,41,3794.965
NGET-EMFIP-AGWS-TS-00222338,Wind generation,"Wind Offshore",2018-08-01,41,1384.897
NGET-EMFIP-AGWS-TS-00222337,Solar generation,"Solar",2018-08-01,41,192
NGET-EMFIP-AGWS-TS-00222336,Wind generation,"Wind Onshore",2018-08-01,40,3785.044
NGET-EMFIP-AGWS-TS-00222335,Wind generation,"Wind Offshore",2018-08-01,40,1285.87
NGET-EMFIP-AGWS-TS-00222334,Solar generation,"Solar",2018-08-01,40,579
NGET-EMFIP-AGWS-TS-00222333,Wind generation,"Wind Onshore",2018-08-01,39,3751.812
NGET-EMFIP-AGWS-TS-00222332,Wind generation,"Wind Offshore",2018-08-01,39,1070.173
NGET-EMFIP-AGWS-TS-00222331,Solar generation,"Solar",2018-08-01,39,1020
NGET-EMFIP-AGWS-TS-00222330,Wind generation,"Wind Onshore",2018-08-01,38,3648.978
NGET-EMFIP-AGWS-TS-00222329,Wind generation,"Wind Offshore",2018-08-01,38,875.372
NGET-EMFIP-AGWS-TS-00222328,Solar generation,"Solar",2018-08-01,38,1530
NGET-EMFIP-AGWS-TS-00222327,Wind generation,"Wind Onshore",2018-08-01,37,3586.066
NGET-EMFIP-AGWS-TS-00222326,Wind generation,"Wind Offshore",2018-08-01,37,772.351
NGET-EMFIP-AGWS-TS-00222325,Solar generation,"Solar",2018-08-01,37,2180
NGET-EMFIP-AGWS-TS-00222324,Wind generation,"Wind Onshore",2018-08-01,36,3238.996
NGET-EMFIP-AGWS-TS-00222323,Wind generation,"Wind Offshore",2018-08-01,36,628.741
NGET-EMFIP-AGWS-TS-00222322,Solar generation,"Solar",2018-08-01,36,2790
NGET-EMFIP-AGWS-TS-00222321,Wind generation,"Wind Onshore",2018-08-01,35,3139.64
NGET-EMFIP-AGWS-TS-00222320,Wind generation,"Wind Offshore",2018-08-01,35,537.695
NGET-EMFIP-AGWS-TS-00222319,Solar generation,"Solar",2018-08-01,35,3330
NGET-EMFIP-AGWS-TS-00222318,Wind generation,"Wind Onshore",2018-08-01,34,3255.322
NGET-EMFIP-AGWS-TS-00222317,Wind generation,"Wind Offshore",2018-08-01,34,494.62
NGET-EMFIP-AGWS-TS-00222316,Solar generation,"Solar",2018-08-01,34,3820
NGET-EMFIP-AGWS-TS-00222315,Wind generation,"Wind Onshore",2018-08-01,33,3292.426
NGET-EMFIP-AGWS-TS-00222314,Wind generation,"Wind Offshore",2018-08-01,33,488.871
NGET-EMFIP-AGWS-TS-00222313,Solar generation,"Solar",2018-08-01,33,4300
NGET-EMFIP-AGWS-TS-00222312,Wind generation,"Wind Onshore",2018-08-01,32,3254.901
NGET-EMFIP-AGWS-TS-00222311,Wind generation,"Wind Offshore",2018-08-01,32,447.543
NGET-EMFIP-AGWS-TS-00222310,Solar generation,"Solar",2018-08-01,32,4680
NGET-EMFIP-AGWS-TS-00222309,Wind generation,"Wind Onshore",2018-08-01,31,3400.129
NGET-EMFIP-AGWS-TS-00222308,Wind generation,"Wind Offshore",2018-08-01,31,599.186
NGET-EMFIP-AGWS-TS-00222307,Solar generation,"Solar",2018-08-01,31,5100
NGET-EMFIP-AGWS-TS-00222306,Wind generation,"Wind Onshore",2018-08-01,30,3224.546
NGET-EMFIP-AGWS-TS-00222305,Wind generation,"Wind Offshore",2018-08-01,30,460.718
NGET-EMFIP-AGWS-TS-00222304,Solar generation,"Solar",2018-08-01,30,5540
NGET-EMFIP-AGWS-TS-00222303,Wind generation,"Wind Onshore",2018-08-01,29,3189.577
NGET-EMFIP-AGWS-TS-00222302,Wind generation,"Wind Offshore",2018-08-01,29,510.9
NGET-EMFIP-AGWS-TS-00222301,Solar generation,"Solar",2018-08-01,29,6044
NGET-EMFIP-AGWS-TS-00222300,Wind generation,"Wind Onshore",2018-08-01,28,3242.636
NGET-EMFIP-AGWS-TS-00222299,Wind generation,"Wind Offshore",2018-08-01,28,477.939
NGET-EMFIP-AGWS-TS-00222298,Solar generation,"Solar",2018-08-01,28,5830
NGET-EMFIP-AGWS-TS-00222297,Wind generation,"Wind Onshore",2018-08-01,27,3285.045
NGET-EMFIP-AGWS-TS-00222296,Wind generation,"Wind Offshore",2018-08-01,27,494.828
NGET-EMFIP-AGWS-TS-00222295,Solar generation,"Solar",2018-08-01,27,6040
NGET-EMFIP-AGWS-TS-00222294,Wind generation,"Wind Onshore",2018-08-01,26,3114.992
NGET-EMFIP-AGWS-TS-00222293,Wind generation,"Wind Offshore",2018-08-01,26,511.796
NGET-EMFIP-AGWS-TS-00222292,Solar generation,"Solar",2018-08-01,26,5950
NGET-EMFIP-AGWS-TS-00222291,Wind generation,"Wind Onshore",2018-08-01,25,3241.072
NGET-EMFIP-AGWS-TS-00222290,Wind generation,"Wind Offshore",2018-08-01,25,607.509
NGET-EMFIP-AGWS-TS-00222289,Solar generation,"Solar",2018-08-01,25,5940
NGET-EMFIP-AGWS-TS-00222288,Wind generation,"Wind Onshore",2018-08-01,24,3016.655
NGET-EMFIP-AGWS-TS-00222287,Wind generation,"Wind Offshore",2018-08-01,24,647.841
NGET-EMFIP-AGWS-TS-00222286,Solar generation,"Solar",2018-08-01,24,5630
NGET-EMFIP-AGWS-TS-00222285,Wind generation,"Wind Onshore",2018-08-01,23,3031.456
NGET-EMFIP-AGWS-TS-00222284,Wind generation,"Wind Offshore",2018-08-01,23,726.206
NGET-EMFIP-AGWS-TS-00222283,Solar generation,"Solar",2018-08-01,23,5370
NGET-EMFIP-AGWS-TS-00222282,Wind generation,"Wind Onshore",2018-08-01,22,2873.348
NGET-EMFIP-AGWS-TS-00222281,Wind generation,"Wind Offshore",2018-08-01,22,731.373
NGET-EMFIP-AGWS-TS-00222280,Solar generation,"Solar",2018-08-01,22,5000
NGET-EMFIP-AGWS-TS-00222279,Wind generation,"Wind Onshore",2018-08-01,21,3034.663
NGET-EMFIP-AGWS-TS-00222278,Wind generation,"Wind Offshore",2018-08-01,21,726.142
NGET-EMFIP-AGWS-TS-00222277,Solar generation,"Solar",2018-08-01,21,4507
NGET-EMFIP-AGWS-TS-00222276,Wind generation,"Wind Onshore",2018-08-01,20,2955.677
NGET-EMFIP-AGWS-TS-00222275,Wind generation,"Wind Offshore",2018-08-01,20,787.4
NGET-EMFIP-AGWS-TS-00222274,Solar generation,"Solar",2018-08-01,20,4280
NGET-EMFIP-AGWS-TS-00222273,Wind generation,"Wind Onshore",2018-08-01,19,2729.515
NGET-EMFIP-AGWS-TS-00222272,Wind generation,"Wind Offshore",2018-08-01,19,829.427
NGET-EMFIP-AGWS-TS-00222271,Solar generation,"Solar",2018-08-01,19,3810
NGET-EMFIP-AGWS-TS-00222270,Wind generation,"Wind Onshore",2018-08-01,18,2561.722
NGET-EMFIP-AGWS-TS-00222269,Wind generation,"Wind Offshore",2018-08-01,18,840.336
NGET-EMFIP-AGWS-TS-00222268,Solar generation,"Solar",2018-08-01,18,3130
NGET-EMFIP-AGWS-TS-00222267,Wind generation,"Wind Onshore",2018-08-01,17,2363.835
NGET-EMFIP-AGWS-TS-00222266,Wind generation,"Wind Offshore",2018-08-01,17,1003.888
NGET-EMFIP-AGWS-TS-00222265,Solar generation,"Solar",2018-08-01,17,1885
NGET-EMFIP-AGWS-TS-00222264,Wind generation,"Wind Onshore",2018-08-01,16,1814.825
NGET-EMFIP-AGWS-TS-00222263,Wind generation,"Wind Offshore",2018-08-01,16,1067.75
NGET-EMFIP-AGWS-TS-00222262,Solar generation,"Solar",2018-08-01,16,1670
NGET-EMFIP-AGWS-TS-00222261,Wind generation,"Wind Onshore",2018-08-01,15,1699.004
NGET-EMFIP-AGWS-TS-00222260,Wind generation,"Wind Offshore",2018-08-01,15,1152.807
NGET-EMFIP-AGWS-TS-00222259,Solar generation,"Solar",2018-08-01,15,1050
NGET-EMFIP-AGWS-TS-00222256,Wind generation,"Wind Onshore",2018-08-01,14,1587.254
NGET-EMFIP-AGWS-TS-00222255,Wind generation,"Wind Offshore",2018-08-01,14,1185.551
NGET-EMFIP-AGWS-TS-00222254,Solar generation,"Solar",2018-08-01,14,722
NGET-EMFIP-AGWS-TS-00222253,Wind generation,"Wind Onshore",2018-08-01,13,1542.722
NGET-EMFIP-AGWS-TS-00222252,Wind generation,"Wind Offshore",2018-08-01,13,1090.845
NGET-EMFIP-AGWS-TS-00222251,Solar generation,"Solar",2018-08-01,13,128
NGET-EMFIP-AGWS-TS-00222250,Wind generation,"Wind Onshore",2018-08-01,12,1642.642
NGET-EMFIP-AGWS-TS-00222249,Wind generation,"Wind Offshore",2018-08-01,12,1050.698
NGET-EMFIP-AGWS-TS-00222248,Solar generation,"Solar",2018-08-01,12,128
NGET-EMFIP-AGWS-TS-00222247,Wind generation,"Wind Onshore",2018-08-01,11,1609.928
NGET-EMFIP-AGWS-TS-00222246,Wind generation,"Wind Offshore",2018-08-01,11,1138.617
NGET-EMFIP-AGWS-TS-00222245,Solar generation,"Solar",2018-08-01,11,0
NGET-EMFIP-AGWS-TS-00222244,Wind generation,"Wind Onshore",2018-08-01,10,1747.306
NGET-EMFIP-AGWS-TS-00222243,Wind generation,"Wind Offshore",2018-08-01,10,1305.911
NGET-EMFIP-AGWS-TS-00222242,Solar generation,"Solar",2018-08-01,10,0
NGET-EMFIP-AGWS-TS-00222241,Wind generation,"Wind Onshore",2018-08-01,9,1665.464
NGET-EMFIP-AGWS-TS-00222240,Wind generation,"Wind Offshore",2018-08-01,9,1259.388
NGET-EMFIP-AGWS-TS-00222239,Solar generation,"Solar",2018-08-01,9,0
NGET-EMFIP-AGWS-TS-00222223,Wind generation,"Wind Onshore",2018-08-01,8,1641.327
NGET-EMFIP-AGWS-TS-00222222,Wind generation,"Wind Offshore",2018-08-01,8,1076.607
NGET-EMFIP-AGWS-TS-00222221,Solar generation,"Solar",2018-08-01,8,0
NGET-EMFIP-AGWS-TS-00222220,Wind generation,"Wind Onshore",2018-08-01,7,1630.798
NGET-EMFIP-AGWS-TS-00222219,Wind generation,"Wind Offshore",2018-08-01,7,1098.912
NGET-EMFIP-AGWS-TS-00222218,Solar generation,"Solar",2018-08-01,7,0
NGET-EMFIP-AGWS-TS-00222217,Wind generation,"Wind Onshore",2018-08-01,6,1841.831
NGET-EMFIP-AGWS-TS-00222216,Wind generation,"Wind Offshore",2018-08-01,6,1252.695
NGET-EMFIP-AGWS-TS-00222215,Solar generation,"Solar",2018-08-01,6,0
NGET-EMFIP-AGWS-TS-00222214,Wind generation,"Wind Onshore",2018-08-01,5,1792.873
NGET-EMFIP-AGWS-TS-00222213,Wind generation,"Wind Offshore",2018-08-01,5,1270.416
NGET-EMFIP-AGWS-TS-00222212,Solar generation,"Solar",2018-08-01,5,0
NGET-EMFIP-AGWS-TS-00222211,Wind generation,"Wind Onshore",2018-08-01,4,1849.542
NGET-EMFIP-AGWS-TS-00222210,Wind generation,"Wind Offshore",2018-08-01,4,1261.819
NGET-EMFIP-AGWS-TS-00222209,Solar generation,"Solar",2018-08-01,4,0
NGET-EMFIP-AGWS-TS-00222208,Wind generation,"Wind Onshore",2018-08-01,3,1871.44
NGET-EMFIP-AGWS-TS-00222207,Wind generation,"Wind Offshore",2018-08-01,3,1152.226
NGET-EMFIP-AGWS-TS-00222206,Solar generation,"Solar",2018-08-01,3,0
NGET-EMFIP-AGWS-TS-00222205,Wind generation,"Wind Onshore",2018-08-01,2,2007.598
NGET-EMFIP-AGWS-TS-00222204,Wind generation,"Wind Offshore",2018-08-01,2,1040.689
NGET-EMFIP-AGWS-TS-00222203,Solar generation,"Solar",2018-08-01,2,0
NGET-EMFIP-AGWS-TS-00222202,Wind generation,"Wind Onshore",2018-08-01,1,2032.014
NGET-EMFIP-AGWS-TS-00222201,Wind generation,"Wind Offshore",2018-08-01,1,1093.086
NGET-EMFIP-AGWS-TS-00222200,Solar generation,"Solar",2018-08-01,1,0