Actual Or Estimated Wind And Solar Power Generation (B1630)
Time Series ID,Business Type,PSR Type,Settlement  Date,Settlement Period,Quantity (MW)
NGET-EMFIP-AGWS-TS-00217381,Wind generation,"Wind Onshore",2018-07-01,48,1984.577
NGET-EMFIP-AGWS-TS-00217380,Wind generation,"Wind Offshore",2018-07-01,48,2172.341
NGET-EMFIP-AGWS-TS-00217379,Solar generation,"Solar",2018-07-01,48,0
NGET-EMFIP-AGWS-TS-00217378,Wind generation,"Wind Onshore",2018-07-01,47,2007.257
NGET-EMFIP-AGWS-TS-00217377,Wind generation,"Wind Offshore",2018-07-01,47,2131.681
NGET-EMFIP-AGWS-TS-00217376,Solar generation,"Solar",2018-07-01,47,0
NGET-EMFIP-AGWS-TS-00217375,Wind generation,"Wind Onshore",2018-07-01,46,2136.823
NGET-EMFIP-AGWS-TS-00217374,Wind generation,"Wind Offshore",2018-07-01,46,2130.129
NGET-EMFIP-AGWS-TS-00217373,Solar generation,"Solar",2018-07-01,46,0
NGET-EMFIP-AGWS-TS-00217372,Wind generation,"Wind Onshore",2018-07-01,45,2181.589
NGET-EMFIP-AGWS-TS-00217371,Wind generation,"Wind Offshore",2018-07-01,45,2160.449
NGET-EMFIP-AGWS-TS-00217370,Solar generation,"Solar",2018-07-01,45,9
NGET-EMFIP-AGWS-TS-00217369,Wind generation,"Wind Onshore",2018-07-01,44,2316.592
NGET-EMFIP-AGWS-TS-00217368,Wind generation,"Wind Offshore",2018-07-01,44,2332.59
NGET-EMFIP-AGWS-TS-00217367,Solar generation,"Solar",2018-07-01,44,9
NGET-EMFIP-AGWS-TS-00217366,Wind generation,"Wind Onshore",2018-07-01,43,2409.336
NGET-EMFIP-AGWS-TS-00217365,Wind generation,"Wind Offshore",2018-07-01,43,2353.716
NGET-EMFIP-AGWS-TS-00217364,Solar generation,"Solar",2018-07-01,43,49
NGET-EMFIP-AGWS-TS-00217363,Wind generation,"Wind Onshore",2018-07-01,42,2667.786
NGET-EMFIP-AGWS-TS-00217362,Wind generation,"Wind Offshore",2018-07-01,42,2347.678
NGET-EMFIP-AGWS-TS-00217361,Solar generation,"Solar",2018-07-01,42,202
NGET-EMFIP-AGWS-TS-00217360,Wind generation,"Wind Onshore",2018-07-01,41,2773.515
NGET-EMFIP-AGWS-TS-00217359,Wind generation,"Wind Offshore",2018-07-01,41,2201.294
NGET-EMFIP-AGWS-TS-00217358,Solar generation,"Solar",2018-07-01,41,483
NGET-EMFIP-AGWS-TS-00217357,Wind generation,"Wind Onshore",2018-07-01,40,2871.415
NGET-EMFIP-AGWS-TS-00217356,Wind generation,"Wind Offshore",2018-07-01,40,2060.294
NGET-EMFIP-AGWS-TS-00217355,Solar generation,"Solar",2018-07-01,40,846
NGET-EMFIP-AGWS-TS-00217354,Wind generation,"Wind Onshore",2018-07-01,39,2906.103
NGET-EMFIP-AGWS-TS-00217353,Wind generation,"Wind Offshore",2018-07-01,39,2051.677
NGET-EMFIP-AGWS-TS-00217352,Solar generation,"Solar",2018-07-01,39,1320
NGET-EMFIP-AGWS-TS-00217351,Wind generation,"Wind Onshore",2018-07-01,38,2901.794
NGET-EMFIP-AGWS-TS-00217350,Wind generation,"Wind Offshore",2018-07-01,38,2080.18
NGET-EMFIP-AGWS-TS-00217349,Solar generation,"Solar",2018-07-01,38,1910
NGET-EMFIP-AGWS-TS-00217348,Wind generation,"Wind Onshore",2018-07-01,37,2825.889
NGET-EMFIP-AGWS-TS-00217347,Wind generation,"Wind Offshore",2018-07-01,37,2107.498
NGET-EMFIP-AGWS-TS-00217346,Solar generation,"Solar",2018-07-01,37,2500
NGET-EMFIP-AGWS-TS-00217345,Wind generation,"Wind Onshore",2018-07-01,36,2875.345
NGET-EMFIP-AGWS-TS-00217344,Wind generation,"Wind Offshore",2018-07-01,36,2026.822
NGET-EMFIP-AGWS-TS-00217343,Solar generation,"Solar",2018-07-01,36,3070
NGET-EMFIP-AGWS-TS-00217342,Wind generation,"Wind Onshore",2018-07-01,35,2744.342
NGET-EMFIP-AGWS-TS-00217341,Wind generation,"Wind Offshore",2018-07-01,35,2042.294
NGET-EMFIP-AGWS-TS-00217340,Solar generation,"Solar",2018-07-01,35,3660
NGET-EMFIP-AGWS-TS-00217339,Wind generation,"Wind Onshore",2018-07-01,34,2729.703
NGET-EMFIP-AGWS-TS-00217338,Wind generation,"Wind Offshore",2018-07-01,34,2042.487
NGET-EMFIP-AGWS-TS-00217337,Solar generation,"Solar",2018-07-01,34,4190
NGET-EMFIP-AGWS-TS-00217336,Wind generation,"Wind Onshore",2018-07-01,33,2667.205
NGET-EMFIP-AGWS-TS-00217335,Wind generation,"Wind Offshore",2018-07-01,33,2034.163
NGET-EMFIP-AGWS-TS-00217334,Solar generation,"Solar",2018-07-01,33,4760
NGET-EMFIP-AGWS-TS-00217333,Wind generation,"Wind Onshore",2018-07-01,32,2502.469
NGET-EMFIP-AGWS-TS-00217332,Wind generation,"Wind Offshore",2018-07-01,32,2016.42
NGET-EMFIP-AGWS-TS-00217331,Solar generation,"Solar",2018-07-01,32,5360
NGET-EMFIP-AGWS-TS-00217330,Wind generation,"Wind Onshore",2018-07-01,31,2398.556
NGET-EMFIP-AGWS-TS-00217329,Wind generation,"Wind Offshore",2018-07-01,31,1925.987
NGET-EMFIP-AGWS-TS-00217328,Solar generation,"Solar",2018-07-01,31,5790
NGET-EMFIP-AGWS-TS-00217327,Wind generation,"Wind Onshore",2018-07-01,30,2374.484
NGET-EMFIP-AGWS-TS-00217326,Wind generation,"Wind Offshore",2018-07-01,30,1889.989
NGET-EMFIP-AGWS-TS-00217325,Solar generation,"Solar",2018-07-01,30,6200
NGET-EMFIP-AGWS-TS-00217324,Wind generation,"Wind Onshore",2018-07-01,29,2403.124
NGET-EMFIP-AGWS-TS-00217323,Wind generation,"Wind Offshore",2018-07-01,29,1817.01
NGET-EMFIP-AGWS-TS-00217322,Solar generation,"Solar",2018-07-01,29,6530
NGET-EMFIP-AGWS-TS-00217321,Wind generation,"Wind Onshore",2018-07-01,28,2184.166
NGET-EMFIP-AGWS-TS-00217320,Wind generation,"Wind Offshore",2018-07-01,28,1707.935
NGET-EMFIP-AGWS-TS-00217319,Solar generation,"Solar",2018-07-01,28,6710
NGET-EMFIP-AGWS-TS-00217315,Wind generation,"Wind Onshore",2018-07-01,27,2114
NGET-EMFIP-AGWS-TS-00217314,Wind generation,"Wind Offshore",2018-07-01,27,1660.998
NGET-EMFIP-AGWS-TS-00217313,Solar generation,"Solar",2018-07-01,27,6810
NGET-EMFIP-AGWS-TS-00217312,Wind generation,"Wind Onshore",2018-07-01,26,2015.381
NGET-EMFIP-AGWS-TS-00217311,Wind generation,"Wind Offshore",2018-07-01,26,1660.669
NGET-EMFIP-AGWS-TS-00217310,Solar generation,"Solar",2018-07-01,26,7050
NGET-EMFIP-AGWS-TS-00217309,Wind generation,"Wind Onshore",2018-07-01,25,1988.883
NGET-EMFIP-AGWS-TS-00217308,Wind generation,"Wind Offshore",2018-07-01,25,1604.651
NGET-EMFIP-AGWS-TS-00217307,Solar generation,"Solar",2018-07-01,25,6970
NGET-EMFIP-AGWS-TS-00217306,Wind generation,"Wind Onshore",2018-07-01,24,1843.967
NGET-EMFIP-AGWS-TS-00217305,Wind generation,"Wind Offshore",2018-07-01,24,1442.87
NGET-EMFIP-AGWS-TS-00217304,Solar generation,"Solar",2018-07-01,24,6870
NGET-EMFIP-AGWS-TS-00217303,Wind generation,"Wind Onshore",2018-07-01,23,1851.064
NGET-EMFIP-AGWS-TS-00217302,Wind generation,"Wind Offshore",2018-07-01,23,1503.49
NGET-EMFIP-AGWS-TS-00217301,Solar generation,"Solar",2018-07-01,23,6610
NGET-EMFIP-AGWS-TS-00217300,Wind generation,"Wind Onshore",2018-07-01,22,1627.302
NGET-EMFIP-AGWS-TS-00217299,Wind generation,"Wind Offshore",2018-07-01,22,1428.038
NGET-EMFIP-AGWS-TS-00217298,Solar generation,"Solar",2018-07-01,22,6080
NGET-EMFIP-AGWS-TS-00217297,Wind generation,"Wind Onshore",2018-07-01,21,1628.069
NGET-EMFIP-AGWS-TS-00217296,Wind generation,"Wind Offshore",2018-07-01,21,1500.479
NGET-EMFIP-AGWS-TS-00217295,Solar generation,"Solar",2018-07-01,21,5600
NGET-EMFIP-AGWS-TS-00217294,Wind generation,"Wind Onshore",2018-07-01,20,1663.622
NGET-EMFIP-AGWS-TS-00217293,Wind generation,"Wind Offshore",2018-07-01,20,1420.821
NGET-EMFIP-AGWS-TS-00217292,Solar generation,"Solar",2018-07-01,20,4970
NGET-EMFIP-AGWS-TS-00217291,Wind generation,"Wind Onshore",2018-07-01,19,1686.436
NGET-EMFIP-AGWS-TS-00217290,Wind generation,"Wind Offshore",2018-07-01,19,1357.653
NGET-EMFIP-AGWS-TS-00217289,Solar generation,"Solar",2018-07-01,19,4260
NGET-EMFIP-AGWS-TS-00217288,Wind generation,"Wind Onshore",2018-07-01,18,1737.549
NGET-EMFIP-AGWS-TS-00217287,Wind generation,"Wind Offshore",2018-07-01,18,1430.38
NGET-EMFIP-AGWS-TS-00217286,Solar generation,"Solar",2018-07-01,18,3570
NGET-EMFIP-AGWS-TS-00217285,Wind generation,"Wind Onshore",2018-07-01,17,1807.492
NGET-EMFIP-AGWS-TS-00217284,Wind generation,"Wind Offshore",2018-07-01,17,1561.504
NGET-EMFIP-AGWS-TS-00217283,Solar generation,"Solar",2018-07-01,17,2860
NGET-EMFIP-AGWS-TS-00217282,Wind generation,"Wind Onshore",2018-07-01,16,1756.752
NGET-EMFIP-AGWS-TS-00217281,Wind generation,"Wind Offshore",2018-07-01,16,1661.037
NGET-EMFIP-AGWS-TS-00217280,Solar generation,"Solar",2018-07-01,16,2180
NGET-EMFIP-AGWS-TS-00217279,Wind generation,"Wind Onshore",2018-07-01,15,1813.967
NGET-EMFIP-AGWS-TS-00217278,Wind generation,"Wind Offshore",2018-07-01,15,1697.649
NGET-EMFIP-AGWS-TS-00217277,Solar generation,"Solar",2018-07-01,15,1590
NGET-EMFIP-AGWS-TS-00217276,Wind generation,"Wind Onshore",2018-07-01,14,1905.855
NGET-EMFIP-AGWS-TS-00217275,Wind generation,"Wind Offshore",2018-07-01,14,1745.057
NGET-EMFIP-AGWS-TS-00217274,Solar generation,"Solar",2018-07-01,14,1060
NGET-EMFIP-AGWS-TS-00217273,Wind generation,"Wind Onshore",2018-07-01,13,1864.619
NGET-EMFIP-AGWS-TS-00217272,Wind generation,"Wind Offshore",2018-07-01,13,1716.772
NGET-EMFIP-AGWS-TS-00217271,Solar generation,"Solar",2018-07-01,13,630
NGET-EMFIP-AGWS-TS-00217270,Wind generation,"Wind Onshore",2018-07-01,12,1916.678
NGET-EMFIP-AGWS-TS-00217269,Wind generation,"Wind Offshore",2018-07-01,12,1768.359
NGET-EMFIP-AGWS-TS-00217268,Solar generation,"Solar",2018-07-01,12,297
NGET-EMFIP-AGWS-TS-00217267,Wind generation,"Wind Onshore",2018-07-01,11,1947.029
NGET-EMFIP-AGWS-TS-00217266,Wind generation,"Wind Offshore",2018-07-01,11,1896.436
NGET-EMFIP-AGWS-TS-00217265,Solar generation,"Solar",2018-07-01,11,73
NGET-EMFIP-AGWS-TS-00217264,Wind generation,"Wind Onshore",2018-07-01,10,1932.99
NGET-EMFIP-AGWS-TS-00217263,Wind generation,"Wind Offshore",2018-07-01,10,1950.134
NGET-EMFIP-AGWS-TS-00217262,Solar generation,"Solar",2018-07-01,10,3
NGET-EMFIP-AGWS-TS-00217261,Wind generation,"Wind Onshore",2018-07-01,9,1906.401
NGET-EMFIP-AGWS-TS-00217260,Wind generation,"Wind Offshore",2018-07-01,9,2054.124
NGET-EMFIP-AGWS-TS-00217259,Solar generation,"Solar",2018-07-01,9,2
NGET-EMFIP-AGWS-TS-00217240,Wind generation,"Wind Onshore",2018-07-01,8,1951.992
NGET-EMFIP-AGWS-TS-00217239,Wind generation,"Wind Offshore",2018-07-01,8,2182.704
NGET-EMFIP-AGWS-TS-00217238,Solar generation,"Solar",2018-07-01,8,2
NGET-EMFIP-AGWS-TS-00217237,Wind generation,"Wind Onshore",2018-07-01,7,1963.201
NGET-EMFIP-AGWS-TS-00217236,Wind generation,"Wind Offshore",2018-07-01,7,2215.614
NGET-EMFIP-AGWS-TS-00217235,Solar generation,"Solar",2018-07-01,7,4
NGET-EMFIP-AGWS-TS-00217234,Wind generation,"Wind Onshore",2018-07-01,6,1991.931
NGET-EMFIP-AGWS-TS-00217233,Wind generation,"Wind Offshore",2018-07-01,6,2270.634
NGET-EMFIP-AGWS-TS-00217232,Solar generation,"Solar",2018-07-01,6,3
NGET-EMFIP-AGWS-TS-00217231,Wind generation,"Wind Onshore",2018-07-01,5,1979.846
NGET-EMFIP-AGWS-TS-00217230,Wind generation,"Wind Offshore",2018-07-01,5,2224.14
NGET-EMFIP-AGWS-TS-00217229,Solar generation,"Solar",2018-07-01,5,3
NGET-EMFIP-AGWS-TS-00217228,Wind generation,"Wind Onshore",2018-07-01,4,2047.114
NGET-EMFIP-AGWS-TS-00217227,Wind generation,"Wind Offshore",2018-07-01,4,2219.398
NGET-EMFIP-AGWS-TS-00217226,Solar generation,"Solar",2018-07-01,4,0
NGET-EMFIP-AGWS-TS-00217225,Wind generation,"Wind Onshore",2018-07-01,3,2036.943
NGET-EMFIP-AGWS-TS-00217224,Wind generation,"Wind Offshore",2018-07-01,3,2121.448
NGET-EMFIP-AGWS-TS-00217223,Solar generation,"Solar",2018-07-01,3,0
NGET-EMFIP-AGWS-TS-00217222,Wind generation,"Wind Onshore",2018-07-01,2,2138.021
NGET-EMFIP-AGWS-TS-00217221,Wind generation,"Wind Offshore",2018-07-01,2,1973.701
NGET-EMFIP-AGWS-TS-00217220,Solar generation,"Solar",2018-07-01,2,0
NGET-EMFIP-AGWS-TS-00217219,Wind generation,"Wind Onshore",2018-07-01,1,2125.738
NGET-EMFIP-AGWS-TS-00217218,Wind generation,"Wind Offshore",2018-07-01,1,1898.242
NGET-EMFIP-AGWS-TS-00217217,Solar generation,"Solar",2018-07-01,1,0