Actual Or Estimated Wind And Solar Power Generation (B1630)
Time Series ID,Business Type,PSR Type,Settlement  Date,Settlement Period,Quantity (MW)
NGET-EMFIP-AGWS-TS-00217556,Wind generation,"Wind Onshore",2018-07-02,48,1845.794
NGET-EMFIP-AGWS-TS-00217555,Wind generation,"Wind Offshore",2018-07-02,48,2440.436
NGET-EMFIP-AGWS-TS-00217554,Solar generation,"Solar",2018-07-02,48,0
NGET-EMFIP-AGWS-TS-00217553,Wind generation,"Wind Onshore",2018-07-02,47,1879.692
NGET-EMFIP-AGWS-TS-00217552,Wind generation,"Wind Offshore",2018-07-02,47,2503.87
NGET-EMFIP-AGWS-TS-00217551,Solar generation,"Solar",2018-07-02,47,0
NGET-EMFIP-AGWS-TS-00217550,Wind generation,"Wind Onshore",2018-07-02,46,2023.478
NGET-EMFIP-AGWS-TS-00217549,Wind generation,"Wind Offshore",2018-07-02,46,2549.725
NGET-EMFIP-AGWS-TS-00217548,Solar generation,"Solar",2018-07-02,46,0
NGET-EMFIP-AGWS-TS-00217547,Wind generation,"Wind Onshore",2018-07-02,45,1969.451
NGET-EMFIP-AGWS-TS-00217546,Wind generation,"Wind Offshore",2018-07-02,45,2577.498
NGET-EMFIP-AGWS-TS-00217545,Solar generation,"Solar",2018-07-02,45,17
NGET-EMFIP-AGWS-TS-00217544,Wind generation,"Wind Onshore",2018-07-02,44,1835.406
NGET-EMFIP-AGWS-TS-00217543,Wind generation,"Wind Offshore",2018-07-02,44,2512.061
NGET-EMFIP-AGWS-TS-00217542,Solar generation,"Solar",2018-07-02,44,10
NGET-EMFIP-AGWS-TS-00217541,Wind generation,"Wind Onshore",2018-07-02,43,1784.897
NGET-EMFIP-AGWS-TS-00217540,Wind generation,"Wind Offshore",2018-07-02,43,2453.359
NGET-EMFIP-AGWS-TS-00217539,Solar generation,"Solar",2018-07-02,43,642
NGET-EMFIP-AGWS-TS-00217528,Wind generation,"Wind Onshore",2018-07-02,42,1795.021
NGET-EMFIP-AGWS-TS-00217527,Wind generation,"Wind Offshore",2018-07-02,42,2505.01
NGET-EMFIP-AGWS-TS-00217526,Solar generation,"Solar",2018-07-02,42,271
NGET-EMFIP-AGWS-TS-00217525,Wind generation,"Wind Onshore",2018-07-02,41,1834.765
NGET-EMFIP-AGWS-TS-00217524,Wind generation,"Wind Offshore",2018-07-02,41,2526.245
NGET-EMFIP-AGWS-TS-00217523,Solar generation,"Solar",2018-07-02,41,668
NGET-EMFIP-AGWS-TS-00217522,Wind generation,"Wind Onshore",2018-07-02,40,1833.294
NGET-EMFIP-AGWS-TS-00217521,Wind generation,"Wind Offshore",2018-07-02,40,2523.087
NGET-EMFIP-AGWS-TS-00217520,Solar generation,"Solar",2018-07-02,40,1170
NGET-EMFIP-AGWS-TS-00217519,Wind generation,"Wind Onshore",2018-07-02,39,1840.683
NGET-EMFIP-AGWS-TS-00217518,Wind generation,"Wind Offshore",2018-07-02,39,2438.937
NGET-EMFIP-AGWS-TS-00217517,Solar generation,"Solar",2018-07-02,39,1770
NGET-EMFIP-AGWS-TS-00217516,Wind generation,"Wind Onshore",2018-07-02,38,1940.727
NGET-EMFIP-AGWS-TS-00217515,Wind generation,"Wind Offshore",2018-07-02,38,2315.365
NGET-EMFIP-AGWS-TS-00217514,Solar generation,"Solar",2018-07-02,38,2500
NGET-EMFIP-AGWS-TS-00217513,Wind generation,"Wind Onshore",2018-07-02,37,1940.813
NGET-EMFIP-AGWS-TS-00217512,Wind generation,"Wind Offshore",2018-07-02,37,2139.739
NGET-EMFIP-AGWS-TS-00217511,Solar generation,"Solar",2018-07-02,37,3450
NGET-EMFIP-AGWS-TS-00217510,Wind generation,"Wind Onshore",2018-07-02,36,1968.099
NGET-EMFIP-AGWS-TS-00217509,Wind generation,"Wind Offshore",2018-07-02,36,2048.852
NGET-EMFIP-AGWS-TS-00217508,Solar generation,"Solar",2018-07-02,36,4060
NGET-EMFIP-AGWS-TS-00217507,Wind generation,"Wind Onshore",2018-07-02,35,1956.788
NGET-EMFIP-AGWS-TS-00217506,Wind generation,"Wind Offshore",2018-07-02,35,2043.768
NGET-EMFIP-AGWS-TS-00217505,Solar generation,"Solar",2018-07-02,35,4880
NGET-EMFIP-AGWS-TS-00217504,Wind generation,"Wind Onshore",2018-07-02,34,1998.948
NGET-EMFIP-AGWS-TS-00217503,Wind generation,"Wind Offshore",2018-07-02,34,1953.748
NGET-EMFIP-AGWS-TS-00217502,Solar generation,"Solar",2018-07-02,34,5650
NGET-EMFIP-AGWS-TS-00217501,Wind generation,"Wind Onshore",2018-07-02,33,2004.733
NGET-EMFIP-AGWS-TS-00217500,Wind generation,"Wind Offshore",2018-07-02,33,1908.974
NGET-EMFIP-AGWS-TS-00217499,Solar generation,"Solar",2018-07-02,33,6380
NGET-EMFIP-AGWS-TS-00217490,Wind generation,"Wind Onshore",2018-07-02,32,2024.214
NGET-EMFIP-AGWS-TS-00217489,Wind generation,"Wind Offshore",2018-07-02,32,1873.32
NGET-EMFIP-AGWS-TS-00217488,Solar generation,"Solar",2018-07-02,32,7010
NGET-EMFIP-AGWS-TS-00217487,Wind generation,"Wind Onshore",2018-07-02,31,1953.575
NGET-EMFIP-AGWS-TS-00217486,Wind generation,"Wind Offshore",2018-07-02,31,1823.684
NGET-EMFIP-AGWS-TS-00217485,Solar generation,"Solar",2018-07-02,31,7550
NGET-EMFIP-AGWS-TS-00217484,Wind generation,"Wind Onshore",2018-07-02,30,1957.84
NGET-EMFIP-AGWS-TS-00217483,Wind generation,"Wind Offshore",2018-07-02,30,1671.442
NGET-EMFIP-AGWS-TS-00217482,Solar generation,"Solar",2018-07-02,30,8010
NGET-EMFIP-AGWS-TS-00217481,Wind generation,"Wind Onshore",2018-07-02,29,1897.345
NGET-EMFIP-AGWS-TS-00217480,Wind generation,"Wind Offshore",2018-07-02,29,1284.971
NGET-EMFIP-AGWS-TS-00217479,Solar generation,"Solar",2018-07-02,29,7922
NGET-EMFIP-AGWS-TS-00217478,Wind generation,"Wind Onshore",2018-07-02,28,1862.325
NGET-EMFIP-AGWS-TS-00217477,Wind generation,"Wind Offshore",2018-07-02,28,1101.932
NGET-EMFIP-AGWS-TS-00217476,Solar generation,"Solar",2018-07-02,28,8690
NGET-EMFIP-AGWS-TS-00217475,Wind generation,"Wind Onshore",2018-07-02,27,1878.046
NGET-EMFIP-AGWS-TS-00217474,Wind generation,"Wind Offshore",2018-07-02,27,1144.204
NGET-EMFIP-AGWS-TS-00217473,Solar generation,"Solar",2018-07-02,27,8700
NGET-EMFIP-AGWS-TS-00217472,Wind generation,"Wind Onshore",2018-07-02,26,1883.624
NGET-EMFIP-AGWS-TS-00217471,Wind generation,"Wind Offshore",2018-07-02,26,1043.008
NGET-EMFIP-AGWS-TS-00217470,Solar generation,"Solar",2018-07-02,26,8650
NGET-EMFIP-AGWS-TS-00217469,Wind generation,"Wind Onshore",2018-07-02,25,1927.962
NGET-EMFIP-AGWS-TS-00217468,Wind generation,"Wind Offshore",2018-07-02,25,982.546
NGET-EMFIP-AGWS-TS-00217467,Solar generation,"Solar",2018-07-02,25,8470
NGET-EMFIP-AGWS-TS-00217466,Wind generation,"Wind Onshore",2018-07-02,24,1888.578
NGET-EMFIP-AGWS-TS-00217465,Wind generation,"Wind Offshore",2018-07-02,24,944.138
NGET-EMFIP-AGWS-TS-00217464,Solar generation,"Solar",2018-07-02,24,8030
NGET-EMFIP-AGWS-TS-00217463,Wind generation,"Wind Onshore",2018-07-02,23,1912.979
NGET-EMFIP-AGWS-TS-00217462,Wind generation,"Wind Offshore",2018-07-02,23,922.975
NGET-EMFIP-AGWS-TS-00217461,Solar generation,"Solar",2018-07-02,23,7560
NGET-EMFIP-AGWS-TS-00217460,Wind generation,"Wind Onshore",2018-07-02,22,1890.284
NGET-EMFIP-AGWS-TS-00217459,Wind generation,"Wind Offshore",2018-07-02,22,959.091
NGET-EMFIP-AGWS-TS-00217458,Solar generation,"Solar",2018-07-02,22,6890
NGET-EMFIP-AGWS-TS-00217457,Wind generation,"Wind Onshore",2018-07-02,21,1896.658
NGET-EMFIP-AGWS-TS-00217456,Wind generation,"Wind Offshore",2018-07-02,21,945.913
NGET-EMFIP-AGWS-TS-00217455,Solar generation,"Solar",2018-07-02,21,6210
NGET-EMFIP-AGWS-TS-00217454,Wind generation,"Wind Onshore",2018-07-02,20,1839.813
NGET-EMFIP-AGWS-TS-00217453,Wind generation,"Wind Offshore",2018-07-02,20,962.652
NGET-EMFIP-AGWS-TS-00217452,Solar generation,"Solar",2018-07-02,20,5460
NGET-EMFIP-AGWS-TS-00217451,Wind generation,"Wind Onshore",2018-07-02,19,1028.136
NGET-EMFIP-AGWS-TS-00217450,Wind generation,"Wind Offshore",2018-07-02,19,75.853
NGET-EMFIP-AGWS-TS-00217449,Solar generation,"Solar",2018-07-02,19,4620
NGET-EMFIP-AGWS-TS-00217448,Wind generation,"Wind Onshore",2018-07-02,18,1893.416
NGET-EMFIP-AGWS-TS-00217447,Wind generation,"Wind Offshore",2018-07-02,18,1077.656
NGET-EMFIP-AGWS-TS-00217446,Solar generation,"Solar",2018-07-02,18,3810
NGET-EMFIP-AGWS-TS-00217445,Wind generation,"Wind Onshore",2018-07-02,17,1972.955
NGET-EMFIP-AGWS-TS-00217444,Wind generation,"Wind Offshore",2018-07-02,17,1070.274
NGET-EMFIP-AGWS-TS-00217443,Solar generation,"Solar",2018-07-02,17,2529
NGET-EMFIP-AGWS-TS-00217442,Wind generation,"Wind Onshore",2018-07-02,16,1889.821
NGET-EMFIP-AGWS-TS-00217441,Wind generation,"Wind Offshore",2018-07-02,16,1043.404
NGET-EMFIP-AGWS-TS-00217440,Solar generation,"Solar",2018-07-02,16,2270
NGET-EMFIP-AGWS-TS-00217439,Wind generation,"Wind Onshore",2018-07-02,15,1979.711
NGET-EMFIP-AGWS-TS-00217438,Wind generation,"Wind Offshore",2018-07-02,15,1072.652
NGET-EMFIP-AGWS-TS-00217437,Solar generation,"Solar",2018-07-02,15,1610
NGET-EMFIP-AGWS-TS-00217436,Wind generation,"Wind Onshore",2018-07-02,14,1951.403
NGET-EMFIP-AGWS-TS-00217435,Wind generation,"Wind Offshore",2018-07-02,14,970.448
NGET-EMFIP-AGWS-TS-00217434,Solar generation,"Solar",2018-07-02,14,1060
NGET-EMFIP-AGWS-TS-00217433,Wind generation,"Wind Onshore",2018-07-02,13,1984.214
NGET-EMFIP-AGWS-TS-00217432,Wind generation,"Wind Offshore",2018-07-02,13,1018.587
NGET-EMFIP-AGWS-TS-00217431,Solar generation,"Solar",2018-07-02,13,631
NGET-EMFIP-AGWS-TS-00217430,Wind generation,"Wind Onshore",2018-07-02,12,1999.268
NGET-EMFIP-AGWS-TS-00217429,Wind generation,"Wind Offshore",2018-07-02,12,1024.008
NGET-EMFIP-AGWS-TS-00217428,Solar generation,"Solar",2018-07-02,12,293
NGET-EMFIP-AGWS-TS-00217427,Wind generation,"Wind Onshore",2018-07-02,11,1933.89
NGET-EMFIP-AGWS-TS-00217426,Wind generation,"Wind Offshore",2018-07-02,11,997.227
NGET-EMFIP-AGWS-TS-00217425,Solar generation,"Solar",2018-07-02,11,66
NGET-EMFIP-AGWS-TS-00217424,Wind generation,"Wind Onshore",2018-07-02,10,1906.469
NGET-EMFIP-AGWS-TS-00217423,Wind generation,"Wind Offshore",2018-07-02,10,997.731
NGET-EMFIP-AGWS-TS-00217422,Solar generation,"Solar",2018-07-02,10,3
NGET-EMFIP-AGWS-TS-00217421,Wind generation,"Wind Onshore",2018-07-02,9,1811.016
NGET-EMFIP-AGWS-TS-00217420,Wind generation,"Wind Offshore",2018-07-02,9,1085.496
NGET-EMFIP-AGWS-TS-00217419,Solar generation,"Solar",2018-07-02,9,1
NGET-EMFIP-AGWS-TS-00217405,Wind generation,"Wind Onshore",2018-07-02,8,1665.614
NGET-EMFIP-AGWS-TS-00217404,Wind generation,"Wind Offshore",2018-07-02,8,1299.741
NGET-EMFIP-AGWS-TS-00217403,Solar generation,"Solar",2018-07-02,8,3
NGET-EMFIP-AGWS-TS-00217402,Wind generation,"Wind Onshore",2018-07-02,7,1637.621
NGET-EMFIP-AGWS-TS-00217401,Wind generation,"Wind Offshore",2018-07-02,7,1546.487
NGET-EMFIP-AGWS-TS-00217400,Solar generation,"Solar",2018-07-02,7,0
NGET-EMFIP-AGWS-TS-00217399,Wind generation,"Wind Onshore",2018-07-02,6,1702.911
NGET-EMFIP-AGWS-TS-00217398,Wind generation,"Wind Offshore",2018-07-02,6,1640.866
NGET-EMFIP-AGWS-TS-00217397,Solar generation,"Solar",2018-07-02,6,5
NGET-EMFIP-AGWS-TS-00217396,Wind generation,"Wind Onshore",2018-07-02,5,1634.741
NGET-EMFIP-AGWS-TS-00217395,Wind generation,"Wind Offshore",2018-07-02,5,1727.504
NGET-EMFIP-AGWS-TS-00217394,Solar generation,"Solar",2018-07-02,5,3
NGET-EMFIP-AGWS-TS-00217393,Wind generation,"Wind Onshore",2018-07-02,4,1576.707
NGET-EMFIP-AGWS-TS-00217392,Wind generation,"Wind Offshore",2018-07-02,4,1753.893
NGET-EMFIP-AGWS-TS-00217391,Solar generation,"Solar",2018-07-02,4,0
NGET-EMFIP-AGWS-TS-00217390,Wind generation,"Wind Onshore",2018-07-02,3,1585.595
NGET-EMFIP-AGWS-TS-00217389,Wind generation,"Wind Offshore",2018-07-02,3,1835.003
NGET-EMFIP-AGWS-TS-00217388,Solar generation,"Solar",2018-07-02,3,0
NGET-EMFIP-AGWS-TS-00217387,Wind generation,"Wind Onshore",2018-07-02,2,1580.233
NGET-EMFIP-AGWS-TS-00217386,Wind generation,"Wind Offshore",2018-07-02,2,1978.913
NGET-EMFIP-AGWS-TS-00217385,Solar generation,"Solar",2018-07-02,2,0
NGET-EMFIP-AGWS-TS-00217384,Wind generation,"Wind Onshore",2018-07-02,1,1882.905
NGET-EMFIP-AGWS-TS-00217383,Wind generation,"Wind Offshore",2018-07-02,1,2077.434
NGET-EMFIP-AGWS-TS-00217382,Solar generation,"Solar",2018-07-02,1,0