Actual Or Estimated Wind And Solar Power Generation (B1630)
Time Series ID,Business Type,PSR Type,Settlement  Date,Settlement Period,Quantity (MW)
NGET-EMFIP-AGWS-TS-00219728,Wind generation,"Wind Onshore",2018-07-15,48,1652.052
NGET-EMFIP-AGWS-TS-00219727,Wind generation,"Wind Offshore",2018-07-15,48,994.429
NGET-EMFIP-AGWS-TS-00219726,Solar generation,"Solar",2018-07-15,48,0
NGET-EMFIP-AGWS-TS-00219725,Wind generation,"Wind Onshore",2018-07-15,47,1715.336
NGET-EMFIP-AGWS-TS-00219724,Wind generation,"Wind Offshore",2018-07-15,47,1040.234
NGET-EMFIP-AGWS-TS-00219723,Solar generation,"Solar",2018-07-15,47,0
NGET-EMFIP-AGWS-TS-00219722,Wind generation,"Wind Onshore",2018-07-15,46,1739.907
NGET-EMFIP-AGWS-TS-00219721,Wind generation,"Wind Offshore",2018-07-15,46,1131.65
NGET-EMFIP-AGWS-TS-00219720,Solar generation,"Solar",2018-07-15,46,0
NGET-EMFIP-AGWS-TS-00219719,Wind generation,"Wind Onshore",2018-07-15,45,1767.086
NGET-EMFIP-AGWS-TS-00219718,Wind generation,"Wind Offshore",2018-07-15,45,1179.684
NGET-EMFIP-AGWS-TS-00219717,Solar generation,"Solar",2018-07-15,45,7
NGET-EMFIP-AGWS-TS-00219716,Wind generation,"Wind Onshore",2018-07-15,44,1821.688
NGET-EMFIP-AGWS-TS-00219715,Wind generation,"Wind Offshore",2018-07-15,44,1267.712
NGET-EMFIP-AGWS-TS-00219714,Solar generation,"Solar",2018-07-15,44,6
NGET-EMFIP-AGWS-TS-00219713,Wind generation,"Wind Onshore",2018-07-15,43,1807.494
NGET-EMFIP-AGWS-TS-00219712,Wind generation,"Wind Offshore",2018-07-15,43,1403.47
NGET-EMFIP-AGWS-TS-00219711,Solar generation,"Solar",2018-07-15,43,486
NGET-EMFIP-AGWS-TS-00219710,Wind generation,"Wind Onshore",2018-07-15,42,1889.525
NGET-EMFIP-AGWS-TS-00219709,Wind generation,"Wind Offshore",2018-07-15,42,1326.137
NGET-EMFIP-AGWS-TS-00219708,Solar generation,"Solar",2018-07-15,42,150
NGET-EMFIP-AGWS-TS-00219707,Wind generation,"Wind Onshore",2018-07-15,41,1902.004
NGET-EMFIP-AGWS-TS-00219706,Wind generation,"Wind Offshore",2018-07-15,41,1366.984
NGET-EMFIP-AGWS-TS-00219705,Solar generation,"Solar",2018-07-15,41,483
NGET-EMFIP-AGWS-TS-00219704,Wind generation,"Wind Onshore",2018-07-15,40,2008.724
NGET-EMFIP-AGWS-TS-00219703,Wind generation,"Wind Offshore",2018-07-15,40,1406.331
NGET-EMFIP-AGWS-TS-00219702,Solar generation,"Solar",2018-07-15,40,959
NGET-EMFIP-AGWS-TS-00219701,Wind generation,"Wind Onshore",2018-07-15,39,2049.029
NGET-EMFIP-AGWS-TS-00219700,Wind generation,"Wind Offshore",2018-07-15,39,1416.447
NGET-EMFIP-AGWS-TS-00219699,Solar generation,"Solar",2018-07-15,39,1550
NGET-EMFIP-AGWS-TS-00219698,Wind generation,"Wind Onshore",2018-07-15,38,2055.108
NGET-EMFIP-AGWS-TS-00219697,Wind generation,"Wind Offshore",2018-07-15,38,1251.374
NGET-EMFIP-AGWS-TS-00219696,Solar generation,"Solar",2018-07-15,38,2200
NGET-EMFIP-AGWS-TS-00219695,Wind generation,"Wind Onshore",2018-07-15,37,2011.82
NGET-EMFIP-AGWS-TS-00219694,Wind generation,"Wind Offshore",2018-07-15,37,1212.464
NGET-EMFIP-AGWS-TS-00219693,Solar generation,"Solar",2018-07-15,37,2940
NGET-EMFIP-AGWS-TS-00219692,Wind generation,"Wind Onshore",2018-07-15,36,2118.972
NGET-EMFIP-AGWS-TS-00219691,Wind generation,"Wind Offshore",2018-07-15,36,1162.008
NGET-EMFIP-AGWS-TS-00219690,Solar generation,"Solar",2018-07-15,36,3660
NGET-EMFIP-AGWS-TS-00219689,Wind generation,"Wind Onshore",2018-07-15,35,2029.383
NGET-EMFIP-AGWS-TS-00219688,Wind generation,"Wind Offshore",2018-07-15,35,1070.841
NGET-EMFIP-AGWS-TS-00219687,Solar generation,"Solar",2018-07-15,35,4450
NGET-EMFIP-AGWS-TS-00219686,Wind generation,"Wind Onshore",2018-07-15,34,1983.545
NGET-EMFIP-AGWS-TS-00219685,Wind generation,"Wind Offshore",2018-07-15,34,993.335
NGET-EMFIP-AGWS-TS-00219684,Solar generation,"Solar",2018-07-15,34,5220
NGET-EMFIP-AGWS-TS-00219683,Wind generation,"Wind Onshore",2018-07-15,33,1945.827
NGET-EMFIP-AGWS-TS-00219682,Wind generation,"Wind Offshore",2018-07-15,33,870.97
NGET-EMFIP-AGWS-TS-00219681,Solar generation,"Solar",2018-07-15,33,5890
NGET-EMFIP-AGWS-TS-00219680,Wind generation,"Wind Onshore",2018-07-15,32,1932.587
NGET-EMFIP-AGWS-TS-00219679,Wind generation,"Wind Offshore",2018-07-15,32,713.793
NGET-EMFIP-AGWS-TS-00219678,Solar generation,"Solar",2018-07-15,32,6500
NGET-EMFIP-AGWS-TS-00219677,Wind generation,"Wind Onshore",2018-07-15,31,1909.662
NGET-EMFIP-AGWS-TS-00219676,Wind generation,"Wind Offshore",2018-07-15,31,516.882
NGET-EMFIP-AGWS-TS-00219675,Solar generation,"Solar",2018-07-15,31,7090
NGET-EMFIP-AGWS-TS-00219674,Wind generation,"Wind Onshore",2018-07-15,30,1936.812
NGET-EMFIP-AGWS-TS-00219673,Wind generation,"Wind Offshore",2018-07-15,30,436.428
NGET-EMFIP-AGWS-TS-00219672,Solar generation,"Solar",2018-07-15,30,7540
NGET-EMFIP-AGWS-TS-00219671,Wind generation,"Wind Onshore",2018-07-15,29,1911.249
NGET-EMFIP-AGWS-TS-00219670,Wind generation,"Wind Offshore",2018-07-15,29,474.274
NGET-EMFIP-AGWS-TS-00219669,Solar generation,"Solar",2018-07-15,29,8023
NGET-EMFIP-AGWS-TS-00219668,Wind generation,"Wind Onshore",2018-07-15,28,1834.542
NGET-EMFIP-AGWS-TS-00219667,Wind generation,"Wind Offshore",2018-07-15,28,479.97
NGET-EMFIP-AGWS-TS-00219666,Solar generation,"Solar",2018-07-15,28,8110
NGET-EMFIP-AGWS-TS-00219665,Wind generation,"Wind Onshore",2018-07-15,27,1775.784
NGET-EMFIP-AGWS-TS-00219664,Wind generation,"Wind Offshore",2018-07-15,27,435.09
NGET-EMFIP-AGWS-TS-00219663,Solar generation,"Solar",2018-07-15,27,8160
NGET-EMFIP-AGWS-TS-00219662,Wind generation,"Wind Onshore",2018-07-15,26,1699.763
NGET-EMFIP-AGWS-TS-00219661,Wind generation,"Wind Offshore",2018-07-15,26,434.964
NGET-EMFIP-AGWS-TS-00219660,Solar generation,"Solar",2018-07-15,26,8100
NGET-EMFIP-AGWS-TS-00219659,Wind generation,"Wind Onshore",2018-07-15,25,1652.553
NGET-EMFIP-AGWS-TS-00219658,Wind generation,"Wind Offshore",2018-07-15,25,457.687
NGET-EMFIP-AGWS-TS-00219657,Solar generation,"Solar",2018-07-15,25,7920
NGET-EMFIP-AGWS-TS-00219656,Wind generation,"Wind Onshore",2018-07-15,24,1550.949
NGET-EMFIP-AGWS-TS-00219655,Wind generation,"Wind Offshore",2018-07-15,24,455.365
NGET-EMFIP-AGWS-TS-00219654,Solar generation,"Solar",2018-07-15,24,7540
NGET-EMFIP-AGWS-TS-00219653,Wind generation,"Wind Onshore",2018-07-15,23,1528.309
NGET-EMFIP-AGWS-TS-00219652,Wind generation,"Wind Offshore",2018-07-15,23,492.92
NGET-EMFIP-AGWS-TS-00219651,Solar generation,"Solar",2018-07-15,23,7150
NGET-EMFIP-AGWS-TS-00219650,Wind generation,"Wind Onshore",2018-07-15,22,1570.013
NGET-EMFIP-AGWS-TS-00219649,Wind generation,"Wind Offshore",2018-07-15,22,577.695
NGET-EMFIP-AGWS-TS-00219648,Solar generation,"Solar",2018-07-15,22,6570
NGET-EMFIP-AGWS-TS-00219647,Wind generation,"Wind Onshore",2018-07-15,21,1581.521
NGET-EMFIP-AGWS-TS-00219646,Wind generation,"Wind Offshore",2018-07-15,21,647.023
NGET-EMFIP-AGWS-TS-00219645,Solar generation,"Solar",2018-07-15,21,5850
NGET-EMFIP-AGWS-TS-00219644,Wind generation,"Wind Onshore",2018-07-15,20,1562.113
NGET-EMFIP-AGWS-TS-00219643,Wind generation,"Wind Offshore",2018-07-15,20,681.411
NGET-EMFIP-AGWS-TS-00219642,Solar generation,"Solar",2018-07-15,20,5110
NGET-EMFIP-AGWS-TS-00219641,Wind generation,"Wind Onshore",2018-07-15,19,1550.916
NGET-EMFIP-AGWS-TS-00219640,Wind generation,"Wind Offshore",2018-07-15,19,652.214
NGET-EMFIP-AGWS-TS-00219639,Solar generation,"Solar",2018-07-15,19,4380
NGET-EMFIP-AGWS-TS-00219628,Wind generation,"Wind Onshore",2018-07-15,18,1508.78
NGET-EMFIP-AGWS-TS-00219627,Wind generation,"Wind Offshore",2018-07-15,18,667.666
NGET-EMFIP-AGWS-TS-00219626,Solar generation,"Solar",2018-07-15,18,3650
NGET-EMFIP-AGWS-TS-00219625,Wind generation,"Wind Onshore",2018-07-15,17,1498.078
NGET-EMFIP-AGWS-TS-00219624,Wind generation,"Wind Offshore",2018-07-15,17,676.255
NGET-EMFIP-AGWS-TS-00219623,Solar generation,"Solar",2018-07-15,17,2572
NGET-EMFIP-AGWS-TS-00219622,Wind generation,"Wind Onshore",2018-07-15,16,1413.528
NGET-EMFIP-AGWS-TS-00219621,Wind generation,"Wind Offshore",2018-07-15,16,737.646
NGET-EMFIP-AGWS-TS-00219620,Solar generation,"Solar",2018-07-15,16,2190
NGET-EMFIP-AGWS-TS-00219619,Wind generation,"Wind Onshore",2018-07-15,15,1394.843
NGET-EMFIP-AGWS-TS-00219618,Wind generation,"Wind Offshore",2018-07-15,15,822.998
NGET-EMFIP-AGWS-TS-00219617,Solar generation,"Solar",2018-07-15,15,1550
NGET-EMFIP-AGWS-TS-00219616,Wind generation,"Wind Onshore",2018-07-15,14,1425.12
NGET-EMFIP-AGWS-TS-00219615,Wind generation,"Wind Offshore",2018-07-15,14,831.12
NGET-EMFIP-AGWS-TS-00219614,Solar generation,"Solar",2018-07-15,14,970
NGET-EMFIP-AGWS-TS-00219613,Wind generation,"Wind Onshore",2018-07-15,13,1506.439
NGET-EMFIP-AGWS-TS-00219612,Wind generation,"Wind Offshore",2018-07-15,13,918.529
NGET-EMFIP-AGWS-TS-00219611,Solar generation,"Solar",2018-07-15,13,537
NGET-EMFIP-AGWS-TS-00219610,Wind generation,"Wind Onshore",2018-07-15,12,1506.356
NGET-EMFIP-AGWS-TS-00219609,Wind generation,"Wind Offshore",2018-07-15,12,1013.467
NGET-EMFIP-AGWS-TS-00219608,Solar generation,"Solar",2018-07-15,12,189
NGET-EMFIP-AGWS-TS-00219607,Wind generation,"Wind Onshore",2018-07-15,11,1488.435
NGET-EMFIP-AGWS-TS-00219606,Wind generation,"Wind Offshore",2018-07-15,11,1003.762
NGET-EMFIP-AGWS-TS-00219605,Solar generation,"Solar",2018-07-15,11,18
NGET-EMFIP-AGWS-TS-00219604,Wind generation,"Wind Onshore",2018-07-15,10,1523.749
NGET-EMFIP-AGWS-TS-00219603,Wind generation,"Wind Offshore",2018-07-15,10,1048.988
NGET-EMFIP-AGWS-TS-00219602,Solar generation,"Solar",2018-07-15,10,1
NGET-EMFIP-AGWS-TS-00219601,Wind generation,"Wind Onshore",2018-07-15,9,1548.196
NGET-EMFIP-AGWS-TS-00219600,Wind generation,"Wind Offshore",2018-07-15,9,1131.326
NGET-EMFIP-AGWS-TS-00219599,Solar generation,"Solar",2018-07-15,9,1
NGET-EMFIP-AGWS-TS-00219598,Wind generation,"Wind Onshore",2018-07-15,8,1610.713
NGET-EMFIP-AGWS-TS-00219597,Wind generation,"Wind Offshore",2018-07-15,8,1130.262
NGET-EMFIP-AGWS-TS-00219596,Solar generation,"Solar",2018-07-15,8,1
NGET-EMFIP-AGWS-TS-00219595,Wind generation,"Wind Onshore",2018-07-15,7,1645.775
NGET-EMFIP-AGWS-TS-00219594,Wind generation,"Wind Offshore",2018-07-15,7,1073.469
NGET-EMFIP-AGWS-TS-00219593,Solar generation,"Solar",2018-07-15,7,0
NGET-EMFIP-AGWS-TS-00219592,Wind generation,"Wind Onshore",2018-07-15,6,1729.087
NGET-EMFIP-AGWS-TS-00219591,Wind generation,"Wind Offshore",2018-07-15,6,1173.189
NGET-EMFIP-AGWS-TS-00219590,Solar generation,"Solar",2018-07-15,6,1
NGET-EMFIP-AGWS-TS-00219589,Wind generation,"Wind Onshore",2018-07-15,5,1814.133
NGET-EMFIP-AGWS-TS-00219588,Wind generation,"Wind Offshore",2018-07-15,5,1415.407
NGET-EMFIP-AGWS-TS-00219587,Solar generation,"Solar",2018-07-15,5,1
NGET-EMFIP-AGWS-TS-00219586,Wind generation,"Wind Onshore",2018-07-15,4,1827.391
NGET-EMFIP-AGWS-TS-00219585,Wind generation,"Wind Offshore",2018-07-15,4,1328.852
NGET-EMFIP-AGWS-TS-00219584,Solar generation,"Solar",2018-07-15,4,0
NGET-EMFIP-AGWS-TS-00219583,Wind generation,"Wind Onshore",2018-07-15,3,1827.603
NGET-EMFIP-AGWS-TS-00219582,Wind generation,"Wind Offshore",2018-07-15,3,1269.707
NGET-EMFIP-AGWS-TS-00219581,Solar generation,"Solar",2018-07-15,3,0
NGET-EMFIP-AGWS-TS-00219580,Wind generation,"Wind Onshore",2018-07-15,2,1840.798
NGET-EMFIP-AGWS-TS-00219579,Wind generation,"Wind Offshore",2018-07-15,2,1269.486
NGET-EMFIP-AGWS-TS-00219578,Solar generation,"Solar",2018-07-15,2,0
NGET-EMFIP-AGWS-TS-00219577,Wind generation,"Wind Onshore",2018-07-15,1,1913.744
NGET-EMFIP-AGWS-TS-00219576,Wind generation,"Wind Offshore",2018-07-15,1,1140.14
NGET-EMFIP-AGWS-TS-00219575,Solar generation,"Solar",2018-07-15,1,0