Actual Or Estimated Wind And Solar Power Generation (B1630)
Time Series ID,Business Type,PSR Type,Settlement  Date,Settlement Period,Quantity (MW)
NGET-EMFIP-AGWS-TS-00220778,Wind generation,"Wind Onshore",2018-07-22,48,1138.586
NGET-EMFIP-AGWS-TS-00220777,Wind generation,"Wind Offshore",2018-07-22,48,461.002
NGET-EMFIP-AGWS-TS-00220776,Solar generation,"Solar",2018-07-22,48,0
NGET-EMFIP-AGWS-TS-00220775,Wind generation,"Wind Onshore",2018-07-22,47,1075.254
NGET-EMFIP-AGWS-TS-00220774,Wind generation,"Wind Offshore",2018-07-22,47,418.173
NGET-EMFIP-AGWS-TS-00220773,Solar generation,"Solar",2018-07-22,47,0
NGET-EMFIP-AGWS-TS-00220772,Wind generation,"Wind Onshore",2018-07-22,46,1029.174
NGET-EMFIP-AGWS-TS-00220771,Wind generation,"Wind Offshore",2018-07-22,46,356.494
NGET-EMFIP-AGWS-TS-00220770,Solar generation,"Solar",2018-07-22,46,0
NGET-EMFIP-AGWS-TS-00220769,Wind generation,"Wind Onshore",2018-07-22,45,1040.339
NGET-EMFIP-AGWS-TS-00220768,Wind generation,"Wind Offshore",2018-07-22,45,307.835
NGET-EMFIP-AGWS-TS-00220767,Solar generation,"Solar",2018-07-22,45,4
NGET-EMFIP-AGWS-TS-00220766,Wind generation,"Wind Onshore",2018-07-22,44,1016.106
NGET-EMFIP-AGWS-TS-00220765,Wind generation,"Wind Offshore",2018-07-22,44,282.409
NGET-EMFIP-AGWS-TS-00220764,Solar generation,"Solar",2018-07-22,44,5
NGET-EMFIP-AGWS-TS-00220763,Wind generation,"Wind Onshore",2018-07-22,43,1028.239
NGET-EMFIP-AGWS-TS-00220762,Wind generation,"Wind Offshore",2018-07-22,43,285.226
NGET-EMFIP-AGWS-TS-00220761,Solar generation,"Solar",2018-07-22,43,390
NGET-EMFIP-AGWS-TS-00220760,Wind generation,"Wind Onshore",2018-07-22,42,1198.618
NGET-EMFIP-AGWS-TS-00220759,Wind generation,"Wind Offshore",2018-07-22,42,286.28
NGET-EMFIP-AGWS-TS-00220758,Solar generation,"Solar",2018-07-22,42,96
NGET-EMFIP-AGWS-TS-00220757,Wind generation,"Wind Onshore",2018-07-22,41,1349.182
NGET-EMFIP-AGWS-TS-00220756,Wind generation,"Wind Offshore",2018-07-22,41,284.959
NGET-EMFIP-AGWS-TS-00220755,Solar generation,"Solar",2018-07-22,41,367
NGET-EMFIP-AGWS-TS-00220754,Wind generation,"Wind Onshore",2018-07-22,40,1510.377
NGET-EMFIP-AGWS-TS-00220753,Wind generation,"Wind Offshore",2018-07-22,40,308.435
NGET-EMFIP-AGWS-TS-00220752,Solar generation,"Solar",2018-07-22,40,763
NGET-EMFIP-AGWS-TS-00220751,Wind generation,"Wind Onshore",2018-07-22,39,1576.291
NGET-EMFIP-AGWS-TS-00220750,Wind generation,"Wind Offshore",2018-07-22,39,334.884
NGET-EMFIP-AGWS-TS-00220749,Solar generation,"Solar",2018-07-22,39,1270
NGET-EMFIP-AGWS-TS-00220748,Wind generation,"Wind Onshore",2018-07-22,38,1747.878
NGET-EMFIP-AGWS-TS-00220747,Wind generation,"Wind Offshore",2018-07-22,38,374.132
NGET-EMFIP-AGWS-TS-00220746,Solar generation,"Solar",2018-07-22,38,1830
NGET-EMFIP-AGWS-TS-00220745,Wind generation,"Wind Onshore",2018-07-22,37,1863.071
NGET-EMFIP-AGWS-TS-00220744,Wind generation,"Wind Offshore",2018-07-22,37,382.031
NGET-EMFIP-AGWS-TS-00220743,Solar generation,"Solar",2018-07-22,37,2490
NGET-EMFIP-AGWS-TS-00220742,Wind generation,"Wind Onshore",2018-07-22,36,1969.915
NGET-EMFIP-AGWS-TS-00220741,Wind generation,"Wind Offshore",2018-07-22,36,368.774
NGET-EMFIP-AGWS-TS-00220740,Solar generation,"Solar",2018-07-22,36,3180
NGET-EMFIP-AGWS-TS-00220739,Wind generation,"Wind Onshore",2018-07-22,35,2102.654
NGET-EMFIP-AGWS-TS-00220738,Wind generation,"Wind Offshore",2018-07-22,35,346.485
NGET-EMFIP-AGWS-TS-00220737,Solar generation,"Solar",2018-07-22,35,3840
NGET-EMFIP-AGWS-TS-00220736,Wind generation,"Wind Onshore",2018-07-22,34,2217.16
NGET-EMFIP-AGWS-TS-00220735,Wind generation,"Wind Offshore",2018-07-22,34,337.697
NGET-EMFIP-AGWS-TS-00220734,Solar generation,"Solar",2018-07-22,34,4390
NGET-EMFIP-AGWS-TS-00220733,Wind generation,"Wind Onshore",2018-07-22,33,2312.828
NGET-EMFIP-AGWS-TS-00220732,Wind generation,"Wind Offshore",2018-07-22,33,344.091
NGET-EMFIP-AGWS-TS-00220731,Solar generation,"Solar",2018-07-22,33,5000
NGET-EMFIP-AGWS-TS-00220730,Wind generation,"Wind Onshore",2018-07-22,32,2373.381
NGET-EMFIP-AGWS-TS-00220729,Wind generation,"Wind Offshore",2018-07-22,32,323.598
NGET-EMFIP-AGWS-TS-00220728,Solar generation,"Solar",2018-07-22,32,5490
NGET-EMFIP-AGWS-TS-00220727,Wind generation,"Wind Onshore",2018-07-22,31,2433.939
NGET-EMFIP-AGWS-TS-00220726,Wind generation,"Wind Offshore",2018-07-22,31,332.161
NGET-EMFIP-AGWS-TS-00220725,Solar generation,"Solar",2018-07-22,31,5940
NGET-EMFIP-AGWS-TS-00220724,Wind generation,"Wind Onshore",2018-07-22,30,2356.392
NGET-EMFIP-AGWS-TS-00220723,Wind generation,"Wind Offshore",2018-07-22,30,350.255
NGET-EMFIP-AGWS-TS-00220722,Solar generation,"Solar",2018-07-22,30,6210
NGET-EMFIP-AGWS-TS-00220721,Wind generation,"Wind Onshore",2018-07-22,29,2420.637
NGET-EMFIP-AGWS-TS-00220720,Wind generation,"Wind Offshore",2018-07-22,29,289.313
NGET-EMFIP-AGWS-TS-00220719,Solar generation,"Solar",2018-07-22,29,6399
NGET-EMFIP-AGWS-TS-00220718,Wind generation,"Wind Onshore",2018-07-22,28,2390.434
NGET-EMFIP-AGWS-TS-00220717,Wind generation,"Wind Offshore",2018-07-22,28,259.7
NGET-EMFIP-AGWS-TS-00220716,Solar generation,"Solar",2018-07-22,28,6670
NGET-EMFIP-AGWS-TS-00220715,Wind generation,"Wind Onshore",2018-07-22,27,2480.888
NGET-EMFIP-AGWS-TS-00220714,Wind generation,"Wind Offshore",2018-07-22,27,255.184
NGET-EMFIP-AGWS-TS-00220713,Solar generation,"Solar",2018-07-22,27,6720
NGET-EMFIP-AGWS-TS-00220712,Wind generation,"Wind Onshore",2018-07-22,26,2337.784
NGET-EMFIP-AGWS-TS-00220711,Wind generation,"Wind Offshore",2018-07-22,26,235.775
NGET-EMFIP-AGWS-TS-00220710,Solar generation,"Solar",2018-07-22,26,6580
NGET-EMFIP-AGWS-TS-00220709,Wind generation,"Wind Onshore",2018-07-22,25,2176.469
NGET-EMFIP-AGWS-TS-00220708,Wind generation,"Wind Offshore",2018-07-22,25,220.665
NGET-EMFIP-AGWS-TS-00220707,Solar generation,"Solar",2018-07-22,25,6420
NGET-EMFIP-AGWS-TS-00220706,Wind generation,"Wind Onshore",2018-07-22,24,2108.007
NGET-EMFIP-AGWS-TS-00220705,Wind generation,"Wind Offshore",2018-07-22,24,218.444
NGET-EMFIP-AGWS-TS-00220704,Solar generation,"Solar",2018-07-22,24,6060
NGET-EMFIP-AGWS-TS-00220703,Wind generation,"Wind Onshore",2018-07-22,23,2125.089
NGET-EMFIP-AGWS-TS-00220702,Wind generation,"Wind Offshore",2018-07-22,23,216.879
NGET-EMFIP-AGWS-TS-00220701,Solar generation,"Solar",2018-07-22,23,5630
NGET-EMFIP-AGWS-TS-00220700,Wind generation,"Wind Onshore",2018-07-22,22,2054.017
NGET-EMFIP-AGWS-TS-00220699,Wind generation,"Wind Offshore",2018-07-22,22,230.251
NGET-EMFIP-AGWS-TS-00220698,Solar generation,"Solar",2018-07-22,22,4880
NGET-EMFIP-AGWS-TS-00220697,Wind generation,"Wind Onshore",2018-07-22,21,2070.446
NGET-EMFIP-AGWS-TS-00220696,Wind generation,"Wind Offshore",2018-07-22,21,262.091
NGET-EMFIP-AGWS-TS-00220695,Solar generation,"Solar",2018-07-22,21,4180
NGET-EMFIP-AGWS-TS-00220694,Wind generation,"Wind Onshore",2018-07-22,20,2001.371
NGET-EMFIP-AGWS-TS-00220693,Wind generation,"Wind Offshore",2018-07-22,20,288.355
NGET-EMFIP-AGWS-TS-00220692,Solar generation,"Solar",2018-07-22,20,3540
NGET-EMFIP-AGWS-TS-00220691,Wind generation,"Wind Onshore",2018-07-22,19,2030.87
NGET-EMFIP-AGWS-TS-00220690,Wind generation,"Wind Offshore",2018-07-22,19,312.227
NGET-EMFIP-AGWS-TS-00220689,Solar generation,"Solar",2018-07-22,19,3060
NGET-EMFIP-AGWS-TS-00220688,Wind generation,"Wind Onshore",2018-07-22,18,2023.57
NGET-EMFIP-AGWS-TS-00220687,Wind generation,"Wind Offshore",2018-07-22,18,320.181
NGET-EMFIP-AGWS-TS-00220686,Solar generation,"Solar",2018-07-22,18,2500
NGET-EMFIP-AGWS-TS-00220685,Wind generation,"Wind Onshore",2018-07-22,17,1977.879
NGET-EMFIP-AGWS-TS-00220684,Wind generation,"Wind Offshore",2018-07-22,17,335.719
NGET-EMFIP-AGWS-TS-00220683,Solar generation,"Solar",2018-07-22,17,1640
NGET-EMFIP-AGWS-TS-00220682,Wind generation,"Wind Onshore",2018-07-22,16,1932.116
NGET-EMFIP-AGWS-TS-00220681,Wind generation,"Wind Offshore",2018-07-22,16,347.653
NGET-EMFIP-AGWS-TS-00220680,Solar generation,"Solar",2018-07-22,16,1390
NGET-EMFIP-AGWS-TS-00220679,Wind generation,"Wind Onshore",2018-07-22,15,1838.244
NGET-EMFIP-AGWS-TS-00220678,Wind generation,"Wind Offshore",2018-07-22,15,387.994
NGET-EMFIP-AGWS-TS-00220677,Solar generation,"Solar",2018-07-22,15,926
NGET-EMFIP-AGWS-TS-00220676,Wind generation,"Wind Onshore",2018-07-22,14,1890.686
NGET-EMFIP-AGWS-TS-00220675,Wind generation,"Wind Offshore",2018-07-22,14,408.891
NGET-EMFIP-AGWS-TS-00220674,Solar generation,"Solar",2018-07-22,14,550
NGET-EMFIP-AGWS-TS-00220673,Wind generation,"Wind Onshore",2018-07-22,13,1783.249
NGET-EMFIP-AGWS-TS-00220672,Wind generation,"Wind Offshore",2018-07-22,13,435.056
NGET-EMFIP-AGWS-TS-00220671,Solar generation,"Solar",2018-07-22,13,262
NGET-EMFIP-AGWS-TS-00220670,Wind generation,"Wind Onshore",2018-07-22,12,1888.282
NGET-EMFIP-AGWS-TS-00220669,Wind generation,"Wind Offshore",2018-07-22,12,351.102
NGET-EMFIP-AGWS-TS-00220668,Solar generation,"Solar",2018-07-22,12,64
NGET-EMFIP-AGWS-TS-00220667,Wind generation,"Wind Onshore",2018-07-22,11,1782.716
NGET-EMFIP-AGWS-TS-00220666,Wind generation,"Wind Offshore",2018-07-22,11,365.925
NGET-EMFIP-AGWS-TS-00220665,Solar generation,"Solar",2018-07-22,11,4
NGET-EMFIP-AGWS-TS-00220664,Wind generation,"Wind Onshore",2018-07-22,10,1797.577
NGET-EMFIP-AGWS-TS-00220663,Wind generation,"Wind Offshore",2018-07-22,10,356.37
NGET-EMFIP-AGWS-TS-00220662,Solar generation,"Solar",2018-07-22,10,1
NGET-EMFIP-AGWS-TS-00220661,Wind generation,"Wind Onshore",2018-07-22,9,1859.853
NGET-EMFIP-AGWS-TS-00220660,Wind generation,"Wind Offshore",2018-07-22,9,409.629
NGET-EMFIP-AGWS-TS-00220659,Solar generation,"Solar",2018-07-22,9,1
NGET-EMFIP-AGWS-TS-00220658,Wind generation,"Wind Onshore",2018-07-22,8,1851.84
NGET-EMFIP-AGWS-TS-00220657,Wind generation,"Wind Offshore",2018-07-22,8,373.671
NGET-EMFIP-AGWS-TS-00220656,Solar generation,"Solar",2018-07-22,8,1
NGET-EMFIP-AGWS-TS-00220655,Wind generation,"Wind Onshore",2018-07-22,7,1877.499
NGET-EMFIP-AGWS-TS-00220654,Wind generation,"Wind Offshore",2018-07-22,7,338.301
NGET-EMFIP-AGWS-TS-00220653,Solar generation,"Solar",2018-07-22,7,0
NGET-EMFIP-AGWS-TS-00220652,Wind generation,"Wind Onshore",2018-07-22,6,1812.809
NGET-EMFIP-AGWS-TS-00220651,Wind generation,"Wind Offshore",2018-07-22,6,276.52
NGET-EMFIP-AGWS-TS-00220650,Solar generation,"Solar",2018-07-22,6,1
NGET-EMFIP-AGWS-TS-00220649,Wind generation,"Wind Onshore",2018-07-22,5,1752.497
NGET-EMFIP-AGWS-TS-00220648,Wind generation,"Wind Offshore",2018-07-22,5,278.999
NGET-EMFIP-AGWS-TS-00220647,Solar generation,"Solar",2018-07-22,5,1
NGET-EMFIP-AGWS-TS-00220646,Wind generation,"Wind Onshore",2018-07-22,4,1695.423
NGET-EMFIP-AGWS-TS-00220645,Wind generation,"Wind Offshore",2018-07-22,4,289.38
NGET-EMFIP-AGWS-TS-00220644,Solar generation,"Solar",2018-07-22,4,0
NGET-EMFIP-AGWS-TS-00220643,Wind generation,"Wind Onshore",2018-07-22,3,1681.733
NGET-EMFIP-AGWS-TS-00220642,Wind generation,"Wind Offshore",2018-07-22,3,272.256
NGET-EMFIP-AGWS-TS-00220641,Solar generation,"Solar",2018-07-22,3,0
NGET-EMFIP-AGWS-TS-00220640,Wind generation,"Wind Onshore",2018-07-22,2,1624.047
NGET-EMFIP-AGWS-TS-00220639,Wind generation,"Wind Offshore",2018-07-22,2,220.743
NGET-EMFIP-AGWS-TS-00220638,Solar generation,"Solar",2018-07-22,2,0
NGET-EMFIP-AGWS-TS-00220637,Wind generation,"Wind Onshore",2018-07-22,1,1547.08
NGET-EMFIP-AGWS-TS-00220636,Wind generation,"Wind Offshore",2018-07-22,1,258.05
NGET-EMFIP-AGWS-TS-00220635,Solar generation,"Solar",2018-07-22,1,0