Actual Or Estimated Wind And Solar Power Generation (B1630),,,,,
Time Series ID,Business Type,PSR Type,Settlement  Date,Settlement Period,Quantity (MW)
NGET-EMFIP-AGWS-TS-00192222,Wind generation,Wind Onshore,29/01/2018,48,3169.185
NGET-EMFIP-AGWS-TS-00192221,Wind generation,Wind Offshore,29/01/2018,48,1519.703
NGET-EMFIP-AGWS-TS-00192220,Solar generation,Solar,29/01/2018,48,0
NGET-EMFIP-AGWS-TS-00192219,Wind generation,Wind Onshore,29/01/2018,47,3236.275
NGET-EMFIP-AGWS-TS-00192218,Wind generation,Wind Offshore,29/01/2018,47,1449.639
NGET-EMFIP-AGWS-TS-00192217,Solar generation,Solar,29/01/2018,47,0
NGET-EMFIP-AGWS-TS-00192216,Wind generation,Wind Onshore,29/01/2018,46,3219.802
NGET-EMFIP-AGWS-TS-00192215,Wind generation,Wind Offshore,29/01/2018,46,1684.504
NGET-EMFIP-AGWS-TS-00192214,Solar generation,Solar,29/01/2018,46,0
NGET-EMFIP-AGWS-TS-00192213,Wind generation,Wind Onshore,29/01/2018,45,3320.546
NGET-EMFIP-AGWS-TS-00192212,Wind generation,Wind Offshore,29/01/2018,45,1718.294
NGET-EMFIP-AGWS-TS-00192211,Solar generation,Solar,29/01/2018,45,0
NGET-EMFIP-AGWS-TS-00192210,Wind generation,Wind Onshore,29/01/2018,44,3428.864
NGET-EMFIP-AGWS-TS-00192209,Wind generation,Wind Offshore,29/01/2018,44,1736.727
NGET-EMFIP-AGWS-TS-00192208,Solar generation,Solar,29/01/2018,44,0
NGET-EMFIP-AGWS-TS-00192207,Wind generation,Wind Onshore,29/01/2018,43,3519.962
NGET-EMFIP-AGWS-TS-00192206,Wind generation,Wind Offshore,29/01/2018,43,2057.912
NGET-EMFIP-AGWS-TS-00192205,Solar generation,Solar,29/01/2018,43,0
NGET-EMFIP-AGWS-TS-00192204,Wind generation,Wind Onshore,29/01/2018,42,3752.868
NGET-EMFIP-AGWS-TS-00192203,Wind generation,Wind Offshore,29/01/2018,42,2278.265
NGET-EMFIP-AGWS-TS-00192202,Solar generation,Solar,29/01/2018,42,0
NGET-EMFIP-AGWS-TS-00192201,Wind generation,Wind Onshore,29/01/2018,41,3621.642
NGET-EMFIP-AGWS-TS-00192200,Wind generation,Wind Offshore,29/01/2018,41,2408.608
NGET-EMFIP-AGWS-TS-00192199,Solar generation,Solar,29/01/2018,41,0
NGET-EMFIP-AGWS-TS-00192198,Wind generation,Wind Onshore,29/01/2018,40,3900.494
NGET-EMFIP-AGWS-TS-00192197,Wind generation,Wind Offshore,29/01/2018,40,2529.595
NGET-EMFIP-AGWS-TS-00192196,Solar generation,Solar,29/01/2018,40,0
NGET-EMFIP-AGWS-TS-00192195,Wind generation,Wind Onshore,29/01/2018,39,3791.833
NGET-EMFIP-AGWS-TS-00192194,Wind generation,Wind Offshore,29/01/2018,39,2124.746
NGET-EMFIP-AGWS-TS-00192193,Solar generation,Solar,29/01/2018,39,0
NGET-EMFIP-AGWS-TS-00192195,Wind generation,Wind Onshore,29/01/2018,38,3947.9792
NGET-EMFIP-AGWS-TS-00192194,Wind generation,Wind Offshore,29/01/2018,38,2198.8554
NGET-EMFIP-AGWS-TS-00192193,Solar generation,Solar,29/01/2018,38,4.4
NGET-EMFIP-AGWS-TS-00192195,Wind generation,Wind Onshore,29/01/2018,37,4104.1254
NGET-EMFIP-AGWS-TS-00192194,Wind generation,Wind Offshore,29/01/2018,37,2272.9648
NGET-EMFIP-AGWS-TS-00192193,Solar generation,Solar,29/01/2018,37,8.8
NGET-EMFIP-AGWS-TS-00192195,Wind generation,Wind Onshore,29/01/2018,36,4260.2716
NGET-EMFIP-AGWS-TS-00192194,Wind generation,Wind Offshore,29/01/2018,36,2347.0742
NGET-EMFIP-AGWS-TS-00192193,Solar generation,Solar,29/01/2018,36,13.2
NGET-EMFIP-AGWS-TS-00192195,Wind generation,Wind Onshore,29/01/2018,35,4416.4178
NGET-EMFIP-AGWS-TS-00192194,Wind generation,Wind Offshore,29/01/2018,35,2421.1836
NGET-EMFIP-AGWS-TS-00192193,Solar generation,Solar,29/01/2018,35,17.6
NGET-EMFIP-AGWS-TS-00192180,Wind generation,Wind Onshore,29/01/2018,34,4572.564
NGET-EMFIP-AGWS-TS-00192179,Wind generation,Wind Offshore,29/01/2018,34,2495.293
NGET-EMFIP-AGWS-TS-00192178,Solar generation,Solar,29/01/2018,34,22
NGET-EMFIP-AGWS-TS-00192177,Wind generation,Wind Onshore,29/01/2018,33,4744.137
NGET-EMFIP-AGWS-TS-00192176,Wind generation,Wind Offshore,29/01/2018,33,2675.453
NGET-EMFIP-AGWS-TS-00192175,Solar generation,Solar,29/01/2018,33,280
NGET-EMFIP-AGWS-TS-00192174,Wind generation,Wind Onshore,29/01/2018,32,5189.144
NGET-EMFIP-AGWS-TS-00192173,Wind generation,Wind Offshore,29/01/2018,32,2738.846
NGET-EMFIP-AGWS-TS-00192172,Solar generation,Solar,29/01/2018,32,818
NGET-EMFIP-AGWS-TS-00192171,Wind generation,Wind Onshore,29/01/2018,31,5230.283
NGET-EMFIP-AGWS-TS-00192170,Wind generation,Wind Offshore,29/01/2018,31,2991.678
NGET-EMFIP-AGWS-TS-00192169,Solar generation,Solar,29/01/2018,31,1310
NGET-EMFIP-AGWS-TS-00192168,Wind generation,Wind Onshore,29/01/2018,30,5383.126
NGET-EMFIP-AGWS-TS-00192167,Wind generation,Wind Offshore,29/01/2018,30,2859.398
NGET-EMFIP-AGWS-TS-00192166,Solar generation,Solar,29/01/2018,30,1620
NGET-EMFIP-AGWS-TS-00192165,Wind generation,Wind Onshore,29/01/2018,29,5625.236
NGET-EMFIP-AGWS-TS-00192164,Wind generation,Wind Offshore,29/01/2018,29,2989.579
NGET-EMFIP-AGWS-TS-00192163,Solar generation,Solar,29/01/2018,29,1770
NGET-EMFIP-AGWS-TS-00192162,Wind generation,Wind Onshore,29/01/2018,28,5669.69
NGET-EMFIP-AGWS-TS-00192161,Wind generation,Wind Offshore,29/01/2018,28,3174.341
NGET-EMFIP-AGWS-TS-00192160,Solar generation,Solar,29/01/2018,28,1830
NGET-EMFIP-AGWS-TS-00192159,Wind generation,Wind Onshore,29/01/2018,27,5823.261
NGET-EMFIP-AGWS-TS-00192158,Wind generation,Wind Offshore,29/01/2018,27,3271.47
NGET-EMFIP-AGWS-TS-00192157,Solar generation,Solar,29/01/2018,27,977
NGET-EMFIP-AGWS-TS-00192156,Wind generation,Wind Onshore,29/01/2018,26,5819.116
NGET-EMFIP-AGWS-TS-00192155,Wind generation,Wind Offshore,29/01/2018,26,3068.323
NGET-EMFIP-AGWS-TS-00192154,Solar generation,Solar,29/01/2018,26,1610
NGET-EMFIP-AGWS-TS-00192153,Wind generation,Wind Onshore,29/01/2018,25,5724.256
NGET-EMFIP-AGWS-TS-00192152,Wind generation,Wind Offshore,29/01/2018,25,3314.168
NGET-EMFIP-AGWS-TS-00192151,Solar generation,Solar,29/01/2018,25,1410
NGET-EMFIP-AGWS-TS-00192150,Wind generation,Wind Onshore,29/01/2018,24,5652.773
NGET-EMFIP-AGWS-TS-00192149,Wind generation,Wind Offshore,29/01/2018,24,3348.705
NGET-EMFIP-AGWS-TS-00192148,Solar generation,Solar,29/01/2018,24,1240
NGET-EMFIP-AGWS-TS-00192147,Wind generation,Wind Onshore,29/01/2018,23,5260.743
NGET-EMFIP-AGWS-TS-00192146,Wind generation,Wind Offshore,29/01/2018,23,3277.571
NGET-EMFIP-AGWS-TS-00192145,Solar generation,Solar,29/01/2018,23,1080
NGET-EMFIP-AGWS-TS-00192144,Wind generation,Wind Onshore,29/01/2018,22,5177.675
NGET-EMFIP-AGWS-TS-00192143,Wind generation,Wind Offshore,29/01/2018,22,3221.899
NGET-EMFIP-AGWS-TS-00192142,Solar generation,Solar,29/01/2018,22,907
NGET-EMFIP-AGWS-TS-00192141,Wind generation,Wind Onshore,29/01/2018,21,5050.425
NGET-EMFIP-AGWS-TS-00192140,Wind generation,Wind Offshore,29/01/2018,21,3130.603
NGET-EMFIP-AGWS-TS-00192139,Solar generation,Solar,29/01/2018,21,799
NGET-EMFIP-AGWS-TS-00192128,Wind generation,Wind Onshore,29/01/2018,20,4725.339
NGET-EMFIP-AGWS-TS-00192127,Wind generation,Wind Offshore,29/01/2018,20,3330.316
NGET-EMFIP-AGWS-TS-00192126,Solar generation,Solar,29/01/2018,20,663
NGET-EMFIP-AGWS-TS-00192125,Wind generation,Wind Onshore,29/01/2018,19,2074.349
NGET-EMFIP-AGWS-TS-00192124,Wind generation,Wind Offshore,29/01/2018,19,140.23
NGET-EMFIP-AGWS-TS-00192123,Solar generation,Solar,29/01/2018,19,443
NGET-EMFIP-AGWS-TS-00192122,Wind generation,Wind Onshore,29/01/2018,18,5211.329
NGET-EMFIP-AGWS-TS-00192121,Wind generation,Wind Offshore,29/01/2018,18,3564.567
NGET-EMFIP-AGWS-TS-00192120,Solar generation,Solar,29/01/2018,18,197
NGET-EMFIP-AGWS-TS-00192119,Wind generation,Wind Onshore,29/01/2018,17,5270.705
NGET-EMFIP-AGWS-TS-00192118,Wind generation,Wind Offshore,29/01/2018,17,3552.302
NGET-EMFIP-AGWS-TS-00192117,Solar generation,Solar,29/01/2018,17,57
NGET-EMFIP-AGWS-TS-00192116,Wind generation,Wind Onshore,29/01/2018,16,5292.363
NGET-EMFIP-AGWS-TS-00192115,Wind generation,Wind Offshore,29/01/2018,16,3607.478
NGET-EMFIP-AGWS-TS-00192114,Solar generation,Solar,29/01/2018,16,3
NGET-EMFIP-AGWS-TS-00192113,Wind generation,Wind Onshore,29/01/2018,15,5580.558
NGET-EMFIP-AGWS-TS-00192112,Wind generation,Wind Offshore,29/01/2018,15,3431.324
NGET-EMFIP-AGWS-TS-00192111,Solar generation,Solar,29/01/2018,15,0
NGET-EMFIP-AGWS-TS-00192110,Wind generation,Wind Onshore,29/01/2018,14,5624.109
NGET-EMFIP-AGWS-TS-00192109,Wind generation,Wind Offshore,29/01/2018,14,3511.819
NGET-EMFIP-AGWS-TS-00192108,Solar generation,Solar,29/01/2018,14,0
NGET-EMFIP-AGWS-TS-00192107,Wind generation,Wind Onshore,29/01/2018,13,5396.105
NGET-EMFIP-AGWS-TS-00192106,Wind generation,Wind Offshore,29/01/2018,13,3656.38
NGET-EMFIP-AGWS-TS-00192105,Solar generation,Solar,29/01/2018,13,0
NGET-EMFIP-AGWS-TS-00192104,Wind generation,Wind Onshore,29/01/2018,12,5462.287
NGET-EMFIP-AGWS-TS-00192103,Wind generation,Wind Offshore,29/01/2018,12,3758.819
NGET-EMFIP-AGWS-TS-00192102,Solar generation,Solar,29/01/2018,12,0
NGET-EMFIP-AGWS-TS-00192101,Wind generation,Wind Onshore,29/01/2018,11,5460.796
NGET-EMFIP-AGWS-TS-00192100,Wind generation,Wind Offshore,29/01/2018,11,3797.232
NGET-EMFIP-AGWS-TS-00192099,Solar generation,Solar,29/01/2018,11,0
NGET-EMFIP-AGWS-TS-00192098,Wind generation,Wind Onshore,29/01/2018,10,5530.566
NGET-EMFIP-AGWS-TS-00192097,Wind generation,Wind Offshore,29/01/2018,10,3826.759
NGET-EMFIP-AGWS-TS-00192096,Solar generation,Solar,29/01/2018,10,0
NGET-EMFIP-AGWS-TS-00192095,Wind generation,Wind Onshore,29/01/2018,9,5622.23
NGET-EMFIP-AGWS-TS-00192094,Wind generation,Wind Offshore,29/01/2018,9,3922.277
NGET-EMFIP-AGWS-TS-00192093,Solar generation,Solar,29/01/2018,9,0
NGET-EMFIP-AGWS-TS-00192092,Wind generation,Wind Onshore,29/01/2018,8,5809.428
NGET-EMFIP-AGWS-TS-00192091,Wind generation,Wind Offshore,29/01/2018,8,3912.721
NGET-EMFIP-AGWS-TS-00192090,Solar generation,Solar,29/01/2018,8,0
NGET-EMFIP-AGWS-TS-00192089,Wind generation,Wind Onshore,29/01/2018,7,5806.601
NGET-EMFIP-AGWS-TS-00192088,Wind generation,Wind Offshore,29/01/2018,7,3911.864
NGET-EMFIP-AGWS-TS-00192087,Solar generation,Solar,29/01/2018,7,0
NGET-EMFIP-AGWS-TS-00192086,Wind generation,Wind Onshore,29/01/2018,6,5635.811
NGET-EMFIP-AGWS-TS-00192085,Wind generation,Wind Offshore,29/01/2018,6,3904.343
NGET-EMFIP-AGWS-TS-00192084,Solar generation,Solar,29/01/2018,6,0
NGET-EMFIP-AGWS-TS-00192083,Wind generation,Wind Onshore,29/01/2018,5,5729.324
NGET-EMFIP-AGWS-TS-00192082,Wind generation,Wind Offshore,29/01/2018,5,3938.371
NGET-EMFIP-AGWS-TS-00192081,Solar generation,Solar,29/01/2018,5,0
NGET-EMFIP-AGWS-TS-00192080,Wind generation,Wind Onshore,29/01/2018,4,5659.749
NGET-EMFIP-AGWS-TS-00192079,Wind generation,Wind Offshore,29/01/2018,4,3840.052
NGET-EMFIP-AGWS-TS-00192078,Solar generation,Solar,29/01/2018,4,0
NGET-EMFIP-AGWS-TS-00192077,Wind generation,Wind Onshore,29/01/2018,3,5620.587
NGET-EMFIP-AGWS-TS-00192076,Wind generation,Wind Offshore,29/01/2018,3,3788.098
NGET-EMFIP-AGWS-TS-00192075,Solar generation,Solar,29/01/2018,3,0
NGET-EMFIP-AGWS-TS-00192074,Wind generation,Wind Onshore,29/01/2018,2,5640.18
NGET-EMFIP-AGWS-TS-00192073,Wind generation,Wind Offshore,29/01/2018,2,3723.547
NGET-EMFIP-AGWS-TS-00192072,Solar generation,Solar,29/01/2018,2,0
NGET-EMFIP-AGWS-TS-00192071,Wind generation,Wind Onshore,29/01/2018,1,5772.005
NGET-EMFIP-AGWS-TS-00192070,Wind generation,Wind Offshore,29/01/2018,1,3730.362
NGET-EMFIP-AGWS-TS-00192069,Solar generation,Solar,29/01/2018,1,0
