Actual Or Estimated Wind And Solar Power Generation (B1630)
Time Series ID,Business Type,PSR Type,Settlement  Date,Settlement Period,Quantity (MW)
NGET-EMFIP-AGWS-TS-00191462,Wind generation,"Wind Onshore",2018-01-24,48,5743.882
NGET-EMFIP-AGWS-TS-00191461,Wind generation,"Wind Offshore",2018-01-24,48,3771.785
NGET-EMFIP-AGWS-TS-00191460,Solar generation,"Solar",2018-01-24,48,0
NGET-EMFIP-AGWS-TS-00191459,Wind generation,"Wind Onshore",2018-01-24,47,5774.938
NGET-EMFIP-AGWS-TS-00191458,Wind generation,"Wind Offshore",2018-01-24,47,3827.961
NGET-EMFIP-AGWS-TS-00191457,Solar generation,"Solar",2018-01-24,47,0
NGET-EMFIP-AGWS-TS-00191456,Wind generation,"Wind Onshore",2018-01-24,46,5833.647
NGET-EMFIP-AGWS-TS-00191455,Wind generation,"Wind Offshore",2018-01-24,46,3758.865
NGET-EMFIP-AGWS-TS-00191454,Solar generation,"Solar",2018-01-24,46,0
NGET-EMFIP-AGWS-TS-00191453,Wind generation,"Wind Onshore",2018-01-24,45,5923.335
NGET-EMFIP-AGWS-TS-00191452,Wind generation,"Wind Offshore",2018-01-24,45,3816.617
NGET-EMFIP-AGWS-TS-00191451,Solar generation,"Solar",2018-01-24,45,0
NGET-EMFIP-AGWS-TS-00191450,Wind generation,"Wind Onshore",2018-01-24,44,5978.607
NGET-EMFIP-AGWS-TS-00191449,Wind generation,"Wind Offshore",2018-01-24,44,3824.801
NGET-EMFIP-AGWS-TS-00191448,Solar generation,"Solar",2018-01-24,44,0
NGET-EMFIP-AGWS-TS-00191447,Wind generation,"Wind Onshore",2018-01-24,43,5902.168
NGET-EMFIP-AGWS-TS-00191446,Wind generation,"Wind Offshore",2018-01-24,43,3854.573
NGET-EMFIP-AGWS-TS-00191445,Solar generation,"Solar",2018-01-24,43,0
NGET-EMFIP-AGWS-TS-00191444,Wind generation,"Wind Onshore",2018-01-24,42,5934.37
NGET-EMFIP-AGWS-TS-00191443,Wind generation,"Wind Offshore",2018-01-24,42,3886.193
NGET-EMFIP-AGWS-TS-00191442,Solar generation,"Solar",2018-01-24,42,0
NGET-EMFIP-AGWS-TS-00191441,Wind generation,"Wind Onshore",2018-01-24,41,6023.654
NGET-EMFIP-AGWS-TS-00191440,Wind generation,"Wind Offshore",2018-01-24,41,3799.53
NGET-EMFIP-AGWS-TS-00191439,Solar generation,"Solar",2018-01-24,41,0
NGET-EMFIP-AGWS-TS-00191438,Wind generation,"Wind Onshore",2018-01-24,40,6149.397
NGET-EMFIP-AGWS-TS-00191437,Wind generation,"Wind Offshore",2018-01-24,40,3736.021
NGET-EMFIP-AGWS-TS-00191436,Solar generation,"Solar",2018-01-24,40,0
NGET-EMFIP-AGWS-TS-00191435,Wind generation,"Wind Onshore",2018-01-24,39,6248.637
NGET-EMFIP-AGWS-TS-00191434,Wind generation,"Wind Offshore",2018-01-24,39,3666.566
NGET-EMFIP-AGWS-TS-00191433,Solar generation,"Solar",2018-01-24,39,0
NGET-EMFIP-AGWS-TS-00191432,Wind generation,"Wind Onshore",2018-01-24,38,6084.234
NGET-EMFIP-AGWS-TS-00191431,Wind generation,"Wind Offshore",2018-01-24,38,3408.536
NGET-EMFIP-AGWS-TS-00191430,Solar generation,"Solar",2018-01-24,38,0
NGET-EMFIP-AGWS-TS-00191429,Wind generation,"Wind Onshore",2018-01-24,37,6299.699
NGET-EMFIP-AGWS-TS-00191428,Wind generation,"Wind Offshore",2018-01-24,37,3286.294
NGET-EMFIP-AGWS-TS-00191427,Solar generation,"Solar",2018-01-24,37,0
NGET-EMFIP-AGWS-TS-00191426,Wind generation,"Wind Onshore",2018-01-24,36,6672.429
NGET-EMFIP-AGWS-TS-00191425,Wind generation,"Wind Offshore",2018-01-24,36,3109.222
NGET-EMFIP-AGWS-TS-00191424,Solar generation,"Solar",2018-01-24,36,0
NGET-EMFIP-AGWS-TS-00191423,Wind generation,"Wind Onshore",2018-01-24,35,6688.017
NGET-EMFIP-AGWS-TS-00191422,Wind generation,"Wind Offshore",2018-01-24,35,2973.158
NGET-EMFIP-AGWS-TS-00191421,Solar generation,"Solar",2018-01-24,35,0
NGET-EMFIP-AGWS-TS-00191420,Wind generation,"Wind Onshore",2018-01-24,34,6929.589
NGET-EMFIP-AGWS-TS-00191419,Wind generation,"Wind Offshore",2018-01-24,34,3149.954
NGET-EMFIP-AGWS-TS-00191418,Solar generation,"Solar",2018-01-24,34,5
NGET-EMFIP-AGWS-TS-00191417,Wind generation,"Wind Onshore",2018-01-24,33,7022.808
NGET-EMFIP-AGWS-TS-00191416,Wind generation,"Wind Offshore",2018-01-24,33,3356.169
NGET-EMFIP-AGWS-TS-00191415,Solar generation,"Solar",2018-01-24,33,85
NGET-EMFIP-AGWS-TS-00191414,Wind generation,"Wind Onshore",2018-01-24,32,7255.76
NGET-EMFIP-AGWS-TS-00191413,Wind generation,"Wind Offshore",2018-01-24,32,3541.777
NGET-EMFIP-AGWS-TS-00191412,Solar generation,"Solar",2018-01-24,32,297
NGET-EMFIP-AGWS-TS-00191408,Wind generation,"Wind Onshore",2018-01-24,30,7536.26
NGET-EMFIP-AGWS-TS-00191407,Wind generation,"Wind Offshore",2018-01-24,30,3903.105
NGET-EMFIP-AGWS-TS-00191406,Solar generation,"Solar",2018-01-24,30,759
NGET-EMFIP-AGWS-TS-00191405,Wind generation,"Wind Onshore",2018-01-24,29,7613.205
NGET-EMFIP-AGWS-TS-00191404,Wind generation,"Wind Offshore",2018-01-24,29,3927.768
NGET-EMFIP-AGWS-TS-00191403,Solar generation,"Solar",2018-01-24,29,862
NGET-EMFIP-AGWS-TS-00191402,Wind generation,"Wind Onshore",2018-01-24,28,7455.091
NGET-EMFIP-AGWS-TS-00191401,Wind generation,"Wind Offshore",2018-01-24,28,3942.734
NGET-EMFIP-AGWS-TS-00191400,Solar generation,"Solar",2018-01-24,28,886
NGET-EMFIP-AGWS-TS-00191399,Wind generation,"Wind Onshore",2018-01-24,27,7411.568
NGET-EMFIP-AGWS-TS-00191398,Wind generation,"Wind Offshore",2018-01-24,27,3941.131
NGET-EMFIP-AGWS-TS-00191397,Solar generation,"Solar",2018-01-24,27,1099
NGET-EMFIP-AGWS-TS-00191396,Wind generation,"Wind Onshore",2018-01-24,26,7053.695
NGET-EMFIP-AGWS-TS-00191395,Wind generation,"Wind Offshore",2018-01-24,26,3797.267
NGET-EMFIP-AGWS-TS-00191394,Solar generation,"Solar",2018-01-24,26,806
NGET-EMFIP-AGWS-TS-00191393,Wind generation,"Wind Onshore",2018-01-24,25,7039.916
NGET-EMFIP-AGWS-TS-00191392,Wind generation,"Wind Offshore",2018-01-24,25,3802.747
NGET-EMFIP-AGWS-TS-00191391,Solar generation,"Solar",2018-01-24,25,718
NGET-EMFIP-AGWS-TS-00191390,Wind generation,"Wind Onshore",2018-01-24,24,7048.545
NGET-EMFIP-AGWS-TS-00191389,Wind generation,"Wind Offshore",2018-01-24,24,3847.98
NGET-EMFIP-AGWS-TS-00191388,Solar generation,"Solar",2018-01-24,24,671
NGET-EMFIP-AGWS-TS-00191387,Wind generation,"Wind Onshore",2018-01-24,23,7100.333
NGET-EMFIP-AGWS-TS-00191386,Wind generation,"Wind Offshore",2018-01-24,23,3859.902
NGET-EMFIP-AGWS-TS-00191385,Solar generation,"Solar",2018-01-24,23,598
NGET-EMFIP-AGWS-TS-00191384,Wind generation,"Wind Onshore",2018-01-24,22,7382.422
NGET-EMFIP-AGWS-TS-00191383,Wind generation,"Wind Offshore",2018-01-24,22,3864.758
NGET-EMFIP-AGWS-TS-00191382,Solar generation,"Solar",2018-01-24,22,491
NGET-EMFIP-AGWS-TS-00191381,Wind generation,"Wind Onshore",2018-01-24,21,7287.429
NGET-EMFIP-AGWS-TS-00191380,Wind generation,"Wind Offshore",2018-01-24,21,3874.586
NGET-EMFIP-AGWS-TS-00191379,Solar generation,"Solar",2018-01-24,21,349
NGET-EMFIP-AGWS-TS-00191361,Wind generation,"Wind Onshore",2018-01-24,20,7465.057
NGET-EMFIP-AGWS-TS-00191360,Wind generation,"Wind Offshore",2018-01-24,20,3884.32
NGET-EMFIP-AGWS-TS-00191359,Solar generation,"Solar",2018-01-24,20,203
NGET-EMFIP-AGWS-TS-00191358,Wind generation,"Wind Onshore",2018-01-24,19,7539.922
NGET-EMFIP-AGWS-TS-00191357,Wind generation,"Wind Offshore",2018-01-24,19,3828.786
NGET-EMFIP-AGWS-TS-00191356,Solar generation,"Solar",2018-01-24,19,110
NGET-EMFIP-AGWS-TS-00191355,Wind generation,"Wind Onshore",2018-01-24,18,7440.752
NGET-EMFIP-AGWS-TS-00191354,Wind generation,"Wind Offshore",2018-01-24,18,3931.829
NGET-EMFIP-AGWS-TS-00191353,Solar generation,"Solar",2018-01-24,18,36
NGET-EMFIP-AGWS-TS-00191352,Wind generation,"Wind Onshore",2018-01-24,17,7094.092
NGET-EMFIP-AGWS-TS-00191351,Wind generation,"Wind Offshore",2018-01-24,17,3923.085
NGET-EMFIP-AGWS-TS-00191350,Solar generation,"Solar",2018-01-24,17,2
NGET-EMFIP-AGWS-TS-00191349,Wind generation,"Wind Onshore",2018-01-24,16,7051.111
NGET-EMFIP-AGWS-TS-00191348,Wind generation,"Wind Offshore",2018-01-24,16,3914.609
NGET-EMFIP-AGWS-TS-00191347,Solar generation,"Solar",2018-01-24,16,0
NGET-EMFIP-AGWS-TS-00191346,Wind generation,"Wind Onshore",2018-01-24,15,7163.103
NGET-EMFIP-AGWS-TS-00191345,Wind generation,"Wind Offshore",2018-01-24,15,3907.597
NGET-EMFIP-AGWS-TS-00191344,Solar generation,"Solar",2018-01-24,15,0
NGET-EMFIP-AGWS-TS-00191343,Wind generation,"Wind Onshore",2018-01-24,14,6633.503
NGET-EMFIP-AGWS-TS-00191342,Wind generation,"Wind Offshore",2018-01-24,14,3831.653
NGET-EMFIP-AGWS-TS-00191341,Solar generation,"Solar",2018-01-24,14,0
NGET-EMFIP-AGWS-TS-00191340,Wind generation,"Wind Onshore",2018-01-24,13,5813.754
NGET-EMFIP-AGWS-TS-00191339,Wind generation,"Wind Offshore",2018-01-24,13,3909.248
NGET-EMFIP-AGWS-TS-00191338,Solar generation,"Solar",2018-01-24,13,0
NGET-EMFIP-AGWS-TS-00191337,Wind generation,"Wind Onshore",2018-01-24,12,5980.86
NGET-EMFIP-AGWS-TS-00191336,Wind generation,"Wind Offshore",2018-01-24,12,3535.332
NGET-EMFIP-AGWS-TS-00191335,Solar generation,"Solar",2018-01-24,12,0
NGET-EMFIP-AGWS-TS-00191334,Wind generation,"Wind Onshore",2018-01-24,11,6118.821
NGET-EMFIP-AGWS-TS-00191333,Wind generation,"Wind Offshore",2018-01-24,11,3180.339
NGET-EMFIP-AGWS-TS-00191332,Solar generation,"Solar",2018-01-24,11,0
NGET-EMFIP-AGWS-TS-00191331,Wind generation,"Wind Onshore",2018-01-24,10,5806.859
NGET-EMFIP-AGWS-TS-00191330,Wind generation,"Wind Offshore",2018-01-24,10,3346.815
NGET-EMFIP-AGWS-TS-00191329,Solar generation,"Solar",2018-01-24,10,0
NGET-EMFIP-AGWS-TS-00191328,Wind generation,"Wind Onshore",2018-01-24,9,5755.476
NGET-EMFIP-AGWS-TS-00191327,Wind generation,"Wind Offshore",2018-01-24,9,3642.979
NGET-EMFIP-AGWS-TS-00191326,Solar generation,"Solar",2018-01-24,9,0
NGET-EMFIP-AGWS-TS-00191325,Wind generation,"Wind Onshore",2018-01-24,8,5764.781
NGET-EMFIP-AGWS-TS-00191324,Wind generation,"Wind Offshore",2018-01-24,8,3664.24
NGET-EMFIP-AGWS-TS-00191323,Solar generation,"Solar",2018-01-24,8,0
NGET-EMFIP-AGWS-TS-00191322,Wind generation,"Wind Onshore",2018-01-24,7,5993.569
NGET-EMFIP-AGWS-TS-00191321,Wind generation,"Wind Offshore",2018-01-24,7,3591.792
NGET-EMFIP-AGWS-TS-00191320,Solar generation,"Solar",2018-01-24,7,0
NGET-EMFIP-AGWS-TS-00191319,Wind generation,"Wind Onshore",2018-01-24,6,5238.034
NGET-EMFIP-AGWS-TS-00191318,Wind generation,"Wind Offshore",2018-01-24,6,3762.696
NGET-EMFIP-AGWS-TS-00191317,Solar generation,"Solar",2018-01-24,6,0
NGET-EMFIP-AGWS-TS-00191316,Wind generation,"Wind Onshore",2018-01-24,5,5265.949
NGET-EMFIP-AGWS-TS-00191315,Wind generation,"Wind Offshore",2018-01-24,5,3829.841
NGET-EMFIP-AGWS-TS-00191314,Solar generation,"Solar",2018-01-24,5,0
NGET-EMFIP-AGWS-TS-00191313,Wind generation,"Wind Onshore",2018-01-24,4,5141.114
NGET-EMFIP-AGWS-TS-00191312,Wind generation,"Wind Offshore",2018-01-24,4,3856.818
NGET-EMFIP-AGWS-TS-00191311,Solar generation,"Solar",2018-01-24,4,0
NGET-EMFIP-AGWS-TS-00191310,Wind generation,"Wind Onshore",2018-01-24,3,5308.701
NGET-EMFIP-AGWS-TS-00191309,Wind generation,"Wind Offshore",2018-01-24,3,3781.536
NGET-EMFIP-AGWS-TS-00191308,Solar generation,"Solar",2018-01-24,3,0
NGET-EMFIP-AGWS-TS-00191307,Wind generation,"Wind Onshore",2018-01-24,2,5140.157
NGET-EMFIP-AGWS-TS-00191306,Wind generation,"Wind Offshore",2018-01-24,2,3708.792
NGET-EMFIP-AGWS-TS-00191305,Solar generation,"Solar",2018-01-24,2,0
NGET-EMFIP-AGWS-TS-00191304,Wind generation,"Wind Onshore",2018-01-24,1,5513.423
NGET-EMFIP-AGWS-TS-00191303,Wind generation,"Wind Offshore",2018-01-24,1,3841.957
NGET-EMFIP-AGWS-TS-00191302,Solar generation,"Solar",2018-01-24,1,0