Actual Or Estimated Wind And Solar Power Generation (B1630)
Time Series ID,Business Type,PSR Type,Settlement  Date,Settlement Period,Quantity (MW)
NGET-EMFIP-AGWS-TS-00191770,Wind generation,"Wind Onshore",2018-01-26,48,4110.44
NGET-EMFIP-AGWS-TS-00191769,Wind generation,"Wind Offshore",2018-01-26,48,1184.644
NGET-EMFIP-AGWS-TS-00191768,Solar generation,"Solar",2018-01-26,48,0
NGET-EMFIP-AGWS-TS-00191767,Wind generation,"Wind Onshore",2018-01-26,47,4019.675
NGET-EMFIP-AGWS-TS-00191766,Wind generation,"Wind Offshore",2018-01-26,47,1106.156
NGET-EMFIP-AGWS-TS-00191765,Solar generation,"Solar",2018-01-26,47,0
NGET-EMFIP-AGWS-TS-00191764,Wind generation,"Wind Onshore",2018-01-26,46,3609.794
NGET-EMFIP-AGWS-TS-00191763,Wind generation,"Wind Offshore",2018-01-26,46,975.416
NGET-EMFIP-AGWS-TS-00191762,Solar generation,"Solar",2018-01-26,46,0
NGET-EMFIP-AGWS-TS-00191761,Wind generation,"Wind Onshore",2018-01-26,45,3356.303
NGET-EMFIP-AGWS-TS-00191760,Wind generation,"Wind Offshore",2018-01-26,45,873.367
NGET-EMFIP-AGWS-TS-00191759,Solar generation,"Solar",2018-01-26,45,0
NGET-EMFIP-AGWS-TS-00191753,Wind generation,"Wind Onshore",2018-01-26,44,3137.808
NGET-EMFIP-AGWS-TS-00191752,Wind generation,"Wind Offshore",2018-01-26,44,790.866
NGET-EMFIP-AGWS-TS-00191751,Solar generation,"Solar",2018-01-26,44,0
NGET-EMFIP-AGWS-TS-00191750,Wind generation,"Wind Onshore",2018-01-26,43,2683.17
NGET-EMFIP-AGWS-TS-00191749,Wind generation,"Wind Offshore",2018-01-26,43,788.985
NGET-EMFIP-AGWS-TS-00191748,Solar generation,"Solar",2018-01-26,43,0
NGET-EMFIP-AGWS-TS-00191747,Wind generation,"Wind Onshore",2018-01-26,42,2366.497
NGET-EMFIP-AGWS-TS-00191746,Wind generation,"Wind Offshore",2018-01-26,42,700.961
NGET-EMFIP-AGWS-TS-00191745,Solar generation,"Solar",2018-01-26,42,0
NGET-EMFIP-AGWS-TS-00191744,Wind generation,"Wind Onshore",2018-01-26,41,2210.186
NGET-EMFIP-AGWS-TS-00191743,Wind generation,"Wind Offshore",2018-01-26,41,679.647
NGET-EMFIP-AGWS-TS-00191742,Solar generation,"Solar",2018-01-26,41,0
NGET-EMFIP-AGWS-TS-00191741,Wind generation,"Wind Onshore",2018-01-26,40,1858.948
NGET-EMFIP-AGWS-TS-00191740,Wind generation,"Wind Offshore",2018-01-26,40,679.114
NGET-EMFIP-AGWS-TS-00191739,Solar generation,"Solar",2018-01-26,40,0
NGET-EMFIP-AGWS-TS-00191738,Wind generation,"Wind Onshore",2018-01-26,39,1704.674
NGET-EMFIP-AGWS-TS-00191737,Wind generation,"Wind Offshore",2018-01-26,39,659.984
NGET-EMFIP-AGWS-TS-00191736,Solar generation,"Solar",2018-01-26,39,1
NGET-EMFIP-AGWS-TS-00191735,Wind generation,"Wind Onshore",2018-01-26,38,1487.263
NGET-EMFIP-AGWS-TS-00191734,Wind generation,"Wind Offshore",2018-01-26,38,714.823
NGET-EMFIP-AGWS-TS-00191733,Solar generation,"Solar",2018-01-26,38,1
NGET-EMFIP-AGWS-TS-00191732,Wind generation,"Wind Onshore",2018-01-26,37,1402.855
NGET-EMFIP-AGWS-TS-00191731,Wind generation,"Wind Offshore",2018-01-26,37,671.421
NGET-EMFIP-AGWS-TS-00191730,Solar generation,"Solar",2018-01-26,37,2
NGET-EMFIP-AGWS-TS-00191729,Wind generation,"Wind Onshore",2018-01-26,36,1219.761
NGET-EMFIP-AGWS-TS-00191728,Wind generation,"Wind Offshore",2018-01-26,36,692.272
NGET-EMFIP-AGWS-TS-00191727,Solar generation,"Solar",2018-01-26,36,0
NGET-EMFIP-AGWS-TS-00191726,Wind generation,"Wind Onshore",2018-01-26,35,1183.266
NGET-EMFIP-AGWS-TS-00191725,Wind generation,"Wind Offshore",2018-01-26,35,678.508
NGET-EMFIP-AGWS-TS-00191724,Solar generation,"Solar",2018-01-26,35,9
NGET-EMFIP-AGWS-TS-00191723,Wind generation,"Wind Onshore",2018-01-26,34,1067.064
NGET-EMFIP-AGWS-TS-00191722,Wind generation,"Wind Offshore",2018-01-26,34,560.16
NGET-EMFIP-AGWS-TS-00191721,Solar generation,"Solar",2018-01-26,34,3
NGET-EMFIP-AGWS-TS-00191720,Wind generation,"Wind Onshore",2018-01-26,33,1038.371
NGET-EMFIP-AGWS-TS-00191719,Wind generation,"Wind Offshore",2018-01-26,33,513.762
NGET-EMFIP-AGWS-TS-00191718,Solar generation,"Solar",2018-01-26,33,106
NGET-EMFIP-AGWS-TS-00191717,Wind generation,"Wind Onshore",2018-01-26,32,1008.104
NGET-EMFIP-AGWS-TS-00191716,Wind generation,"Wind Offshore",2018-01-26,32,557.497
NGET-EMFIP-AGWS-TS-00191715,Solar generation,"Solar",2018-01-26,32,464
NGET-EMFIP-AGWS-TS-00191714,Wind generation,"Wind Onshore",2018-01-26,31,874.269
NGET-EMFIP-AGWS-TS-00191713,Wind generation,"Wind Offshore",2018-01-26,31,531.717
NGET-EMFIP-AGWS-TS-00191712,Solar generation,"Solar",2018-01-26,31,1120
NGET-EMFIP-AGWS-TS-00191711,Wind generation,"Wind Onshore",2018-01-26,30,790.054
NGET-EMFIP-AGWS-TS-00191710,Wind generation,"Wind Offshore",2018-01-26,30,598.519
NGET-EMFIP-AGWS-TS-00191709,Solar generation,"Solar",2018-01-26,30,1870
NGET-EMFIP-AGWS-TS-00191708,Wind generation,"Wind Onshore",2018-01-26,29,675.126
NGET-EMFIP-AGWS-TS-00191707,Wind generation,"Wind Offshore",2018-01-26,29,574.599
NGET-EMFIP-AGWS-TS-00191706,Solar generation,"Solar",2018-01-26,29,2470
NGET-EMFIP-AGWS-TS-00191705,Wind generation,"Wind Onshore",2018-01-26,28,597.422
NGET-EMFIP-AGWS-TS-00191704,Wind generation,"Wind Offshore",2018-01-26,28,597.136
NGET-EMFIP-AGWS-TS-00191703,Solar generation,"Solar",2018-01-26,28,2780
NGET-EMFIP-AGWS-TS-00191702,Wind generation,"Wind Onshore",2018-01-26,27,562.813
NGET-EMFIP-AGWS-TS-00191701,Wind generation,"Wind Offshore",2018-01-26,27,611.802
NGET-EMFIP-AGWS-TS-00191700,Solar generation,"Solar",2018-01-26,27,2840
NGET-EMFIP-AGWS-TS-00191699,Wind generation,"Wind Onshore",2018-01-26,26,536.435
NGET-EMFIP-AGWS-TS-00191698,Wind generation,"Wind Offshore",2018-01-26,26,518.553
NGET-EMFIP-AGWS-TS-00191697,Solar generation,"Solar",2018-01-26,26,3320
NGET-EMFIP-AGWS-TS-00191696,Wind generation,"Wind Onshore",2018-01-26,25,524.468
NGET-EMFIP-AGWS-TS-00191695,Wind generation,"Wind Offshore",2018-01-26,25,527.324
NGET-EMFIP-AGWS-TS-00191694,Solar generation,"Solar",2018-01-26,25,3480
NGET-EMFIP-AGWS-TS-00191693,Wind generation,"Wind Onshore",2018-01-26,24,535.938
NGET-EMFIP-AGWS-TS-00191692,Wind generation,"Wind Offshore",2018-01-26,24,537.997
NGET-EMFIP-AGWS-TS-00191691,Solar generation,"Solar",2018-01-26,24,3330
NGET-EMFIP-AGWS-TS-00191690,Wind generation,"Wind Onshore",2018-01-26,23,586.833
NGET-EMFIP-AGWS-TS-00191689,Wind generation,"Wind Offshore",2018-01-26,23,528.066
NGET-EMFIP-AGWS-TS-00191688,Solar generation,"Solar",2018-01-26,23,2960
NGET-EMFIP-AGWS-TS-00191687,Wind generation,"Wind Onshore",2018-01-26,22,614.713
NGET-EMFIP-AGWS-TS-00191686,Wind generation,"Wind Offshore",2018-01-26,22,475.292
NGET-EMFIP-AGWS-TS-00191685,Solar generation,"Solar",2018-01-26,22,2500
NGET-EMFIP-AGWS-TS-00191684,Wind generation,"Wind Onshore",2018-01-26,21,629.643
NGET-EMFIP-AGWS-TS-00191683,Wind generation,"Wind Offshore",2018-01-26,21,461.55
NGET-EMFIP-AGWS-TS-00191682,Solar generation,"Solar",2018-01-26,21,1880
NGET-EMFIP-AGWS-TS-00191681,Wind generation,"Wind Onshore",2018-01-26,20,771.936
NGET-EMFIP-AGWS-TS-00191680,Wind generation,"Wind Offshore",2018-01-26,20,397.09
NGET-EMFIP-AGWS-TS-00191679,Solar generation,"Solar",2018-01-26,20,1280
NGET-EMFIP-AGWS-TS-00191665,Wind generation,"Wind Onshore",2018-01-26,19,799.261
NGET-EMFIP-AGWS-TS-00191664,Wind generation,"Wind Offshore",2018-01-26,19,405.042
NGET-EMFIP-AGWS-TS-00191663,Solar generation,"Solar",2018-01-26,19,789
NGET-EMFIP-AGWS-TS-00191662,Wind generation,"Wind Onshore",2018-01-26,18,899.955
NGET-EMFIP-AGWS-TS-00191661,Wind generation,"Wind Offshore",2018-01-26,18,425.772
NGET-EMFIP-AGWS-TS-00191660,Solar generation,"Solar",2018-01-26,18,323
NGET-EMFIP-AGWS-TS-00191659,Wind generation,"Wind Onshore",2018-01-26,17,948.271
NGET-EMFIP-AGWS-TS-00191658,Wind generation,"Wind Offshore",2018-01-26,17,465.761
NGET-EMFIP-AGWS-TS-00191657,Solar generation,"Solar",2018-01-26,17,50
NGET-EMFIP-AGWS-TS-00191656,Wind generation,"Wind Onshore",2018-01-26,16,1075.459
NGET-EMFIP-AGWS-TS-00191655,Wind generation,"Wind Offshore",2018-01-26,16,428.351
NGET-EMFIP-AGWS-TS-00191654,Solar generation,"Solar",2018-01-26,16,1
NGET-EMFIP-AGWS-TS-00191653,Wind generation,"Wind Onshore",2018-01-26,15,1092.536
NGET-EMFIP-AGWS-TS-00191652,Wind generation,"Wind Offshore",2018-01-26,15,420.201
NGET-EMFIP-AGWS-TS-00191651,Solar generation,"Solar",2018-01-26,15,0
NGET-EMFIP-AGWS-TS-00191650,Wind generation,"Wind Onshore",2018-01-26,14,1243.549
NGET-EMFIP-AGWS-TS-00191649,Wind generation,"Wind Offshore",2018-01-26,14,435.181
NGET-EMFIP-AGWS-TS-00191648,Solar generation,"Solar",2018-01-26,14,2
NGET-EMFIP-AGWS-TS-00191647,Wind generation,"Wind Onshore",2018-01-26,13,1303.227
NGET-EMFIP-AGWS-TS-00191646,Wind generation,"Wind Offshore",2018-01-26,13,414.747
NGET-EMFIP-AGWS-TS-00191645,Solar generation,"Solar",2018-01-26,13,1
NGET-EMFIP-AGWS-TS-00191644,Wind generation,"Wind Onshore",2018-01-26,12,1340.738
NGET-EMFIP-AGWS-TS-00191643,Wind generation,"Wind Offshore",2018-01-26,12,451.956
NGET-EMFIP-AGWS-TS-00191642,Solar generation,"Solar",2018-01-26,12,0
NGET-EMFIP-AGWS-TS-00191641,Wind generation,"Wind Onshore",2018-01-26,11,1376.741
NGET-EMFIP-AGWS-TS-00191640,Wind generation,"Wind Offshore",2018-01-26,11,560.562
NGET-EMFIP-AGWS-TS-00191639,Solar generation,"Solar",2018-01-26,11,0
NGET-EMFIP-AGWS-TS-00191638,Wind generation,"Wind Onshore",2018-01-26,10,1487.215
NGET-EMFIP-AGWS-TS-00191637,Wind generation,"Wind Offshore",2018-01-26,10,568.855
NGET-EMFIP-AGWS-TS-00191636,Solar generation,"Solar",2018-01-26,10,0
NGET-EMFIP-AGWS-TS-00191635,Wind generation,"Wind Onshore",2018-01-26,9,1643.455
NGET-EMFIP-AGWS-TS-00191634,Wind generation,"Wind Offshore",2018-01-26,9,619.678
NGET-EMFIP-AGWS-TS-00191633,Solar generation,"Solar",2018-01-26,9,0
NGET-EMFIP-AGWS-TS-00191632,Wind generation,"Wind Onshore",2018-01-26,8,1487.769
NGET-EMFIP-AGWS-TS-00191631,Wind generation,"Wind Offshore",2018-01-26,8,682.156
NGET-EMFIP-AGWS-TS-00191630,Solar generation,"Solar",2018-01-26,8,0
NGET-EMFIP-AGWS-TS-00191629,Wind generation,"Wind Onshore",2018-01-26,7,1541.509
NGET-EMFIP-AGWS-TS-00191628,Wind generation,"Wind Offshore",2018-01-26,7,1103.575
NGET-EMFIP-AGWS-TS-00191627,Solar generation,"Solar",2018-01-26,7,0
NGET-EMFIP-AGWS-TS-00191626,Wind generation,"Wind Onshore",2018-01-26,6,1616.754
NGET-EMFIP-AGWS-TS-00191625,Wind generation,"Wind Offshore",2018-01-26,6,1184.042
NGET-EMFIP-AGWS-TS-00191624,Solar generation,"Solar",2018-01-26,6,0
NGET-EMFIP-AGWS-TS-00191623,Wind generation,"Wind Onshore",2018-01-26,5,1710.725
NGET-EMFIP-AGWS-TS-00191622,Wind generation,"Wind Offshore",2018-01-26,5,1108.135
NGET-EMFIP-AGWS-TS-00191621,Solar generation,"Solar",2018-01-26,5,0
NGET-EMFIP-AGWS-TS-00191620,Wind generation,"Wind Onshore",2018-01-26,4,1873.7
NGET-EMFIP-AGWS-TS-00191619,Wind generation,"Wind Offshore",2018-01-26,4,1269.698
NGET-EMFIP-AGWS-TS-00191618,Solar generation,"Solar",2018-01-26,4,0
NGET-EMFIP-AGWS-TS-00191617,Wind generation,"Wind Onshore",2018-01-26,3,1803.628
NGET-EMFIP-AGWS-TS-00191616,Wind generation,"Wind Offshore",2018-01-26,3,1520.932
NGET-EMFIP-AGWS-TS-00191615,Solar generation,"Solar",2018-01-26,3,0
NGET-EMFIP-AGWS-TS-00191614,Wind generation,"Wind Onshore",2018-01-26,2,1808.178
NGET-EMFIP-AGWS-TS-00191613,Wind generation,"Wind Offshore",2018-01-26,2,1550.617
NGET-EMFIP-AGWS-TS-00191612,Solar generation,"Solar",2018-01-26,2,0
NGET-EMFIP-AGWS-TS-00191611,Wind generation,"Wind Onshore",2018-01-26,1,1778.858
NGET-EMFIP-AGWS-TS-00191610,Wind generation,"Wind Offshore",2018-01-26,1,1573.877
NGET-EMFIP-AGWS-TS-00191609,Solar generation,"Solar",2018-01-26,1,0