,col,,
0,0,,
1,0,,
2,0,,
3,0,,
4,0,,
5,0,,
6,4,,
7,0,,
8,5.5,,
9,326.5,,
10,776.5,,
11,1285,,
12,1855,,
13,1502.5,,
14,1051,,
15,252.5,,
16,1,,
17,0.5,,
18,0,,
19,0,,
20,0,,
21,0,,
22,0,,
23,0,,
24,0,,
25,0,,
26,0,,
27,0,,
28,0,,
29,0,,
30,0,,
31,0,,
32,4.5,,
33,46,,
34,176,,
35,337,,
36,479,,
37,510.5,,
38,228.5,,
39,27.5,,
40,10.5,,
41,3.5,,
42,0,,
43,0,,
44,0,,
45,0,,
46,0,,
47,0,,
48,0,,
49,0,,
50,0,,
51,0,,
52,0,,
53,0,,
54,0,,
55,0,,
56,16.5,,
57,604,,
58,1415,,
59,1785,,
60,2010,,
61,1531,,
62,771.5,,
63,102,,
64,7,,
65,5,,
66,0.5,,
67,0,,
68,0,,
69,0,,
70,0,,
71,0,,
72,0,,
73,0,,
74,0,,
75,0,,
76,0,,
77,0,,
78,0,,
79,0,,
80,64,,
81,180,,
82,657.5,,
83,969.5,,
84,1150,,
85,1310,,
86,892,,
87,271,,
88,0.5,,
89,0,,
90,0,,
91,0,,
92,0,,
93,0,,
94,0,,
95,0,,
96,0,,
97,0,,
98,0,,
99,0,,
100,0,,
101,0,,
102,0,,
103,0,,
104,29,,
105,499.5,,
106,1265,,
107,1885,,
108,2045,,
109,1511.5,,
110,1052,,
111,220,,
112,5,,
113,5,,
114,2,,
115,0,,
116,0,,
117,0,,
118,0,,
119,0,,
120,0,,
121,0,,
122,0,,
123,0,,
124,0,,
125,0,,
126,0,,
127,0,,
128,71.75,,
129,459,,
130,1275,,
131,1785,,
132,1765,,
133,1598.5,,
134,922.5,,
135,243.5,,
136,6,,
137,1,,
138,0.5,,
139,0,,
140,0,,
141,0,,
142,0,,
143,0,,
144,0,,
145,0,,
146,0,,
147,0,,
148,0,,
149,0,,
150,0,,
151,0,,
152,116.5,,
153,1218,,
154,2690,,
155,3675,,
156,4170,,
157,3257.5,,
158,2595,,
159,784.5,,
160,15.5,,
161,2,,
162,0.5,,
163,0,,
164,0,,
165,0,,
166,0,,
167,0,,
168,0,,
169,0,,
170,0,,
171,0,,
172,0,,
173,0,,
174,0,,
175,0,,
176,30,,
177,496.5,,
178,1090,,
179,1255,,
180,1130,,
181,1049.5,,
182,379,,
183,48.5,,
184,0,,
185,0,,
186,0,,
187,0,,
188,0,,
189,0,,
190,0,,
191,0,,
192,0,,
193,0,,
194,0,,
195,0,,
196,0,,
197,0,,
198,0,,
199,1,,
200,50,,
201,42.5,,
202,180.5,,
203,291,,
204,351,,
205,552,,
206,144,,
207,24.5,,
208,0,,
209,0,,
210,0,,
211,0,,
212,0,,
213,0,,
214,0,,
215,0,,
216,0,,
217,0,,
218,0,,
219,0,,
220,0,,
221,0,,
222,0,,
223,0,,
224,90.5,,
225,852,,
226,1850,,
227,2480,,
228,2880,,
229,2180.5,,
230,1595,,
231,534.5,,
232,9,,
233,2.5,,
234,0,,
235,0,,
236,0,,
237,0,,
238,0,,
239,0,,
240,0,,
241,0,,
242,0,,
243,0,,
244,0,,
245,0,,
246,0,,
247,0,,
248,40.5,,
249,433,,
250,1093,,
251,1625,,
252,1795,,
253,1524.5,,
254,1032.5,,
255,326,,
256,10,,
257,0.5,,
258,0,,
259,0,,
260,0,,
261,0,,
262,0,,
263,0,,
264,0,,
265,0,,
266,0,,
267,0,,
268,0,,
269,0,,
270,0,,
271,0,,
272,35.5,,
273,317.5,,
274,727,,
275,1095,,
276,1160,,
277,1270.5,,
278,665,,
279,183.75,,
280,1.5,,
281,0,,
282,0,,
283,0,,
284,0,,
285,0,,
286,0,,
287,0,,
288,0,,
289,0,,
290,0,,
291,0,,
292,0,,
293,0,,
294,0,,
295,1.5,,
296,27,,
297,201,,
298,493,,
299,722.5,,
300,715.5,,
301,554.5,,
302,336,,
303,90.5,,
304,1.5,,
305,0,,
306,0,,
307,0,,
308,0,,
309,0,,
310,0,,
311,0,,
312,0,,
313,0,,
314,0,,
315,0,,
316,0,,
317,0,,
318,0,,
319,0,,
320,19.5,,
321,220,,
322,651.5,,
323,1000,,
324,1170,,
325,1005.5,,
326,604.5,,
327,183.5,,
328,3.5,,
329,1,,
330,0,,
331,0,,
332,0,,
333,0,,
334,0,,
335,0,,
336,0,,
337,0,,
338,0,,
339,0,,
340,0,,
341,0,,
342,1.5,,
343,0,,
344,12.5,,
345,160,,
346,528.5,,
347,955,,
348,1295,,
349,1198.5,,
350,1149,,
351,516.5,,
352,16.5,,
353,0.5,,
354,0,,
355,0,,
356,0,,
357,0,,
358,0,,
359,0,,
360,0,,
361,0,,
362,0,,
363,0,,
364,0,,
365,0,,
366,0,,
367,0,,
368,195,,
369,1229,,
370,2385,,
371,3165,,
372,3095,,
373,2085,,
374,1078,,
375,290,,
376,7.5,,
377,3.5,,
378,0,,
379,0,,
380,0,,
381,0,,
382,0,,
383,0,,
384,0,,
385,0,,
386,0,,
387,0,,
388,0,,
389,0,,
390,0,,
391,0,,
392,239,,
393,1555,,
394,2870,,
395,3665,,
396,3495,,
397,2526,,
398,1760,,
399,611,,
400,13.5,,
401,0.5,,
402,0.5,,
403,0,,
404,0,,
405,0,,
406,0,,
407,0,,
408,0,,
409,0,,
410,0,,
411,0,,
412,0,,
413,0,,
414,1.5,,
415,0.5,,
416,236.5,,
417,1355,,
418,2555,,
419,2965,,
420,2420,,
421,1951.5,,
422,1390,,
423,563.5,,
424,34,,
425,5,,
426,3.5,,
427,1,,
428,0,,
429,0,,
430,0,,
431,0,,
432,0,,
433,0,,
434,0,,
435,0,,
436,0,,
437,0,,
438,1.5,,
439,1,,
440,339.5,,
441,1685,,
442,3045,,
443,3780,,
444,3745,,
445,2746.5,,
446,1970,,
447,763.5,,
448,28.5,,
449,0,,
450,0,,
451,0,,
452,0,,
453,0,,
454,0,,
455,0,,
456,0,,
457,0,,
458,0,,
459,0,,
460,0,,
461,0,,
462,0,,
463,1.5,,
464,22.5,,
465,237,,
466,589,,
467,819,,
468,823.5,,
469,681,,
470,768.5,,
471,418.5,,
472,20.5,,
473,1,,
474,0.5,,
475,0,,
476,0,,
477,0,,
478,0,,
479,0,,
480,0,,
481,0,,
482,0,,
483,0,,
484,0,,
485,0,,
486,0,,
487,0,,
488,16,,
489,147,,
490,319,,
491,382,,
492,352.5,,
493,258.5,,
494,174,,
495,46.5,,
496,1.5,,
497,0,,
498,0,,
499,0,,
500,0,,
501,0,,
502,0,,
503,0,,
504,0,,
505,0,,
506,0,,
507,0,,
508,0,,
509,0,,
510,0,,
511,0,,
512,92.5,,
513,811,,
514,1730,,
515,2395,,
516,2320,,
517,1938.5,,
518,1083,,
519,316.5,,
520,17.5,,
521,5,,
522,0.5,,
523,0,,
524,0,,
525,0,,
526,0,,
527,0,,
528,0,,
529,0,,
530,0,,
531,0,,
532,0,,
533,0,,
534,1,,
535,0,,
536,18.5,,
537,193,,
538,391.5,,
539,884,,
540,1115,,
541,1059.5,,
542,732.5,,
543,291.5,,
544,16.5,,
545,0.5,,
546,0,,
547,0,,
548,0,,
549,0,,
550,0,,
551,0,,
552,0,,
553,0,,
554,0,,
555,0,,
556,0,,
557,0,,
558,0,,
559,0,,
560,19,,
561,156.5,,
562,420,,
563,634.5,,
564,762,,
565,992.5,,
566,810.5,,
567,412.5,,
568,45,,
569,0,,
570,0,,
571,0,,
572,0,,
573,0,,
574,0,,
575,0,,
576,0,,
577,0,,
578,0,,
579,0,,
580,0,,
581,0,,
582,0,,
583,0,,
584,314.5,,
585,1745,,
586,3210,,
587,3790,,
588,3640,,
589,2777.5,,
590,1955,,
591,811.5,,
592,74,,
593,3,,
594,1,,
595,0.5,,
596,0,,
597,0,,
598,0,,
599,0,,
600,0,,
601,0,,
602,0,,
603,0,,
604,0,,
605,0,,
606,1.5,,
607,0.5,,
608,186.5,,
609,1034.5,,
610,2190,,
611,3145,,
612,3400,,
613,2810,,
614,2170,,
615,792,,
616,54.5,,
617,4.5,,
618,1.5,,
619,0.5,,
620,0,,
621,0,,
622,0,,
623,0,,
624,0,,
625,0,,
626,0,,
627,0,,
628,0,,
629,0,,
630,1.5,,
631,15,,
632,191.5,,
633,601.5,,
634,877.5,,
635,790.5,,
636,679.5,,
637,537.5,,
638,433.5,,
639,198,,
640,13.5,,
641,0,,
642,0,,
643,0,,
644,0,,
645,0,,
646,0,,
647,0,,
648,0,,
649,0,,
650,0,,
651,0,,
652,0,,
653,0,,
654,0,,
655,0,,
656,108.5,,
657,680,,
658,1515,,
659,1865,,
660,1955,,
661,1350,,
662,1121.5,,
663,437,,
664,42.5,,
665,0,,
666,0,,
667,0,,
668,0,,
669,0,,
670,0,,
671,0,,
672,0,,
673,0,,
674,0,,
675,0,,
676,0,,
677,0,,
678,0,,
679,1.5,,
680,127,,
681,553,,
682,853,,
683,1160,,
684,1510,,
685,1403.5,,
686,1695,,
687,1064,,
688,151,,
689,15.4,,
690,6.6,,
691,0,,
692,0,,
693,0,,
694,0,,
695,0,,
696,0,,
697,0,,
698,0,,
699,0,,
700,0,,
701,0,,
702,0,,
703,5,,
704,493.5,,
705,1860,,
706,3145,,
707,3760,,
708,3810,,
709,3067.5,,
710,1775,,
711,729.5,,
712,76.5,,
713,7,,
714,0,,
715,0,,
716,0,,
717,0,,
718,0,,
719,0,,
720,0,,
721,0,,
722,0,,
723,0,,
724,0,,
725,0,,
726,1,,
727,1,,
728,83.5,,
729,656,,
730,1490,,
731,2240,,
732,2660,,
733,2547,,
734,2440,,
735,1302.5,,
736,196,,
737,5.5,,
738,0,,
739,0.5,,
740,0,,
741,0,,
742,0,,
743,0,,
744,0,,
745,0,,
746,0,,
747,0,,
748,0,,
749,0,,
750,0.5,,
751,6,,
752,605.5,,
753,2030,,
754,3400,,
755,4185,,
756,4110,,
757,3237.5,,
758,2335,,
759,1230.5,,
760,228,,
761,2.5,,
762,1,,
763,0,,
764,0,,
765,0,,
766,0,,
767,0,,
768,0,,
769,0,,
770,0,,
771,0,,
772,0,,
773,0,,
774,1.5,,
775,2.5,,
776,365.5,,
777,1545,,
778,2870,,
779,3820,,
780,3580,,
781,3088.5,,
782,2250,,
783,1138.5,,
784,185.5,,
785,5,,
786,1.5,,
787,0,,
788,0,,
789,0,,
790,0,,
791,0,,
792,0,,
793,0,,
794,0,,
795,0,,
796,0,,
797,0,,
798,1,,
799,12,,
800,83.5,,
801,414.5,,
802,885,,
803,1150,,
804,1130,,
805,901.5,,
806,768,,
807,437,,
808,78.5,,
809,4.5,,
810,3,,
811,1.5,,
812,0,,
813,0,,
814,0,,
815,0,,
816,0,,
817,0,,
818,0,,
819,0,,
820,0,,
821,0,,
822,0,,
823,4,,
824,460.5,,
825,1775,,
826,3100,,
827,3880,,
828,3465,,
829,2926.5,,
830,1735,,
831,935,,
832,183,,
833,8.5,,
834,3,,
835,0,,
836,0,,
837,0,,
838,0,,
839,0,,
840,0,,
841,0,,
842,0,,
843,0,,
844,0,,
845,0,,
846,0,,
847,7,,
848,510.5,,
849,1645,,
850,2660,,
851,3230,,
852,3135,,
853,3033.5,,
854,1935,,
855,1070.5,,
856,217.5,,
857,1,,
858,0.5,,
859,0,,
860,0,,
861,0,,
862,0,,
863,0,,
864,0,,
865,0,,
866,0,,
867,0,,
868,0,,
869,0,,
870,0,,
871,4.5,,
872,399.5,,
873,1380,,
874,2235,,
875,2740,,
876,2715,,
877,2544,,
878,1640,,
879,886,,
880,186.5,,
881,3.5,,
882,0.5,,
883,0.5,,
884,0,,
885,0,,
886,0,,
887,0,,
888,0,,
889,0,,
890,0,,
891,0,,
892,0,,
893,0,,
894,1.5,,
895,14,,
896,861.5,,
897,2610,,
898,4115,,
899,5190,,
900,5320,,
901,4291,,
902,2875,,
903,1270,,
904,195,,
905,3,,
906,0.5,,
907,0,,
908,0,,
909,0,,
910,0,,
911,0,,
912,0,,
913,0,,
914,0,,
915,0,,
916,0,,
917,0,,
918,1.5,,
919,34,,
920,615,,
921,1505,,
922,2150,,
923,2420,,
924,2110,,
925,1444.5,,
926,1053.5,,
927,526.5,,
928,95,,
929,5,,
930,2,,
931,0,,
932,0,,
933,0,,
934,0,,
935,0,,
936,0,,
937,0,,
938,0,,
939,0,,
940,0,,
941,0,,
942,1.5,,
943,6,,
944,415,,
945,1400,,
946,2500,,
947,3200,,
948,3555,,
949,3437,,
950,3095,,
951,1995,,
952,578,,
953,16.5,,
954,0.5,,
955,0.5,,
956,0,,
957,0,,
958,0,,
959,0,,
960,0,,
961,0,,
962,0,,
963,0,,
964,0,,
965,0,,
966,0,,
967,53,,
968,300.5,,
969,655.5,,
970,1019.5,,
971,1200,,
972,1185,,
973,734.75,,
974,875.5,,
975,438.5,,
976,81.5,,
977,0,,
978,0,,
979,0,,
980,0,,
981,0,,
982,0,,
983,0,,
984,0,,
985,0,,
986,0,,
987,0,,
988,0,,
989,0,,
990,0,,
991,63.5,,
992,1081.5,,
993,2740,,
994,3775,,
995,4195,,
996,4080,,
997,3551.5,,
998,2940,,
999,1685,,
1000,533,,
1001,27.5,,
1002,12,,
1003,0,,
1004,0,,
1005,0,,
1006,0,,
1007,0,,
1008,0,,
1009,0,,
1010,0,,
1011,0,,
1012,0,,
1013,0,,
1014,1.5,,
1015,78,,
1016,1278.5,,
1017,3040,,
1018,4525,,
1019,5265,,
1020,5205,,
1021,4310,,
1022,3355,,
1023,2150,,
1024,672.5,,
1025,6.5,,
1026,2,,
1027,1,,
1028,0,,
1029,0,,
1030,0,,
1031,0,,
1032,0,,
1033,0,,
1034,0,,
1035,0,,
1036,0,,
1037,0,,
1038,2.5,,
1039,20.5,,
1040,233,,
1041,598,,
1042,1031,,
1043,1465,,
1044,1765,,
1045,1713.5,,
1046,1825,,
1047,1555,,
1048,644.5,,
1049,11.5,,
1050,1,,
1051,0.5,,
1052,0,,
1053,0,,
1054,0,,
1055,0,,
1056,0,,
1057,0,,
1058,0,,
1059,0,,
1060,0,,
1061,0,,
1062,0,,
1063,71,,
1064,553.5,,
1065,1085,,
1066,1235,,
1067,1160,,
1068,998.5,,
1069,783,,
1070,481.5,,
1071,204,,
1072,34,,
1073,7,,
1074,3.5,,
1075,0,,
1076,0,,
1077,0,,
1078,0,,
1079,0,,
1080,0,,
1081,0,,
1082,0,,
1083,0,,
1084,0,,
1085,0,,
1086,0,,
1087,72.5,,
1088,1209.5,,
1089,2805,,
1090,4280,,
1091,5390,,
1092,5620,,
1093,5085,,
1094,4200,,
1095,2570,,
1096,903.5,,
1097,24,,
1098,9,,
1099,0,,
1100,0,,
1101,0,,
1102,0,,
1103,0,,
1104,0,,
1105,0,,
1106,0,,
1107,0,,
1108,0,,
1109,0,,
1110,1,,
1111,154,,
1112,1645,,
1113,3395,,
1114,4725,,
1115,5540,,
1116,5465,,
1117,5043,,
1118,3695,,
1119,1980,,
1120,545.5,,
1121,14.5,,
1122,3,,
1123,2,,
1124,0.5,,
1125,0,,
1126,0,,
1127,0,,
1128,0,,
1129,0,,
1130,0,,
1131,0,,
1132,0,,
1133,0,,
1134,1,,
1135,123.5,,
1136,897,,
1137,2080,,
1138,3360,,
1139,4240,,
1140,4495,,
1141,3950.5,,
1142,3350,,
1143,2160,,
1144,693,,
1145,21,,
1146,5.5,,
1147,0.5,,
1148,0,,
1149,0,,
1150,0,,
1151,0,,
1152,0,,
1153,0,,
1154,0,,
1155,0,,
1156,0,,
1157,0,,
1158,0.5,,
1159,75,,
1160,692.5,,
1161,1390,,
1162,2185,,
1163,2630,,
1164,2610,,
1165,2288,,
1166,1290,,
1167,674,,
1168,186,,
1169,4,,
1170,1,,
1171,0,,
1172,0,,
1173,0,,
1174,0,,
1175,0,,
1176,0,,
1177,0,,
1178,0,,
1179,0,,
1180,0,,
1181,0,,
1182,1.5,,
1183,6,,
1184,122.5,,
1185,393.5,,
1186,702.5,,
1187,1062,,
1188,1260,,
1189,1465,,
1190,970.5,,
1191,572.5,,
1192,210.5,,
1193,8.5,,
1194,0,,
1195,0,,
1196,0,,
1197,0,,
1198,0,,
1199,0,,
1200,0,,
1201,0,,
1202,0,,
1203,0,,
1204,0,,
1205,0,,
1206,0,,
1207,82.5,,
1208,998,,
1209,2190,,
1210,3160,,
1211,3795,,
1212,4370,,
1213,4536,,
1214,3480,,
1215,2240,,
1216,919,,
1217,60.5,,
1218,5,,
1219,1.5,,
1220,0,,
1221,0,,
1222,0,,
1223,0,,
1224,0,,
1225,0,,
1226,0,,
1227,0,,
1228,0,,
1229,0,,
1230,0.5,,
1231,114.5,,
1232,908.5,,
1233,1955,,
1234,2820,,
1235,3290,,
1236,3290,,
1237,3447,,
1238,2290,,
1239,1485,,
1240,586,,
1241,34,,
1242,4.5,,
1243,1,,
1244,0,,
1245,0,,
1246,0,,
1247,0,,
1248,0,,
1249,0,,
1250,0,,
1251,0,,
1252,0,,
1253,0,,
1254,1.5,,
1255,98.5,,
1256,888,,
1257,2000,,
1258,2695,,
1259,3250,,
1260,3690,,
1261,4104.5,,
1262,3290,,
1263,2405,,
1264,1005,,
1265,53,,
1266,1.5,,
1267,0,,
1268,0,,
1269,0,,
1270,0,,
1271,0,,
1272,0,,
1273,0,,
1274,0,,
1275,0,,
1276,0,,
1277,0,,
1278,1,,
1279,205.5,,
1280,1435,,
1281,2930,,
1282,4135,,
1283,4420,,
1284,4535,,
1285,4732.5,,
1286,3700,,
1287,2470,,
1288,1012.5,,
1289,58,,
1290,5.5,,
1291,3,,
1292,0,,
1293,0,,
1294,0,,
1295,0,,
1296,0,,
1297,0,,
1298,0,,
1299,0,,
1300,0,,
1301,0,,
1302,1,,
1303,350,,
1304,1880,,
1305,3735,,
1306,5445,,
1307,6670,,
1308,7070,,
1309,6453.5,,
1310,5360,,
1311,3670,,
1312,1600,,
1313,151.5,,
1314,8,,
1315,2,,
1316,0,,
1317,0,,
1318,0,,
1319,0,,
1320,0,,
1321,0,,
1322,0,,
1323,0,,
1324,0,,
1325,0,,
1326,2.5,,
1327,328,,
1328,2015,,
1329,3930,,
1330,5600,,
1331,6855,,
1332,7280,,
1333,6721.5,,
1334,5805,,
1335,4070,,
1336,1940,,
1337,182,,
1338,13,,
1339,9.5,,
1340,0,,
1341,0,,
1342,0,,
1343,0,,
1344,0,,
1345,0,,
1346,0,,
1347,0,,
1348,0,,
1349,0,,
1350,4,,
1351,212,,
1352,1375,,
1353,2700,,
1354,3545,,
1355,3710,,
1356,3600,,
1357,4133.5,,
1358,2805,,
1359,1860,,
1360,834.5,,
1361,81.5,,
1362,2.5,,
1363,0.5,,
1364,0,,
1365,0,,
1366,0,,
1367,0,,
1368,0,,
1369,0,,
1370,0,,
1371,0,,
1372,0,,
1373,0,,
1374,0.5,,
1375,213,,
1376,1181,,
1377,2200,,
1378,2905,,
1379,3525,,
1380,4197.5,,
1381,4390,,
1382,3365,,
1383,2450,,
1384,1176.5,,
1385,122,,
1386,3,,
1387,0.5,,
1388,0,,
1389,0,,
1390,0,,
1391,0,,
1392,0,,
1393,0,,
1394,0,,
1395,0,,
1396,0,,
1397,0,,
1398,2,,
1399,126,,
1400,833,,
1401,1840,,
1402,2890,,
1403,3480,,
1404,3610,,
1405,4448,,
1406,3020,,
1407,2105,,
1408,944,,
1409,99,,
1410,2,,
1411,0,,
1412,0,,
1413,0,,
1414,0,,
1415,0,,
1416,0,,
1417,0,,
1418,0,,
1419,0,,
1420,0,,
1421,0,,
1422,11.5,,
1423,33,,
1424,215,,
1425,464.5,,
1426,787.5,,
1427,804.5,,
1428,820,,
1429,1383,,
1430,730.5,,
1431,446,,
1432,168.5,,
1433,8,,
1434,1.5,,
1435,0,,
1436,0,,
1437,0,,
1438,0,,
1439,0,,
1440,0,,
1441,0,,
1442,0,,
1443,0,,
1444,0,,
1445,0.5,,
1446,0,,
1447,70,,
1448,333.5,,
1449,640.5,,
1450,1050,,
1451,1105,,
1452,1115,,
1453,1343.5,,
1454,771,,
1455,466.5,,
1456,180,,
1457,15,,
1458,4.5,,
1459,0.5,,
1460,0,,
1461,0,,
1462,0,,
1463,0,,
1464,0,,
1465,0,,
1466,0,,
1467,0,,
1468,0,,
1469,0,,
1470,0,,
1471,72.5,,
1472,316.5,,
1473,732,,
1474,1355,,
1475,1622.5,,
1476,1750,,
1477,2177,,
1478,1115,,
1479,723,,
1480,289,,
1481,34.5,,
1482,3,,
1483,0.5,,
1484,2,,
1485,4.5,,
1486,1.5,,
1487,0,,
1488,0,,
1489,0,,
1490,0,,
1491,0,,
1492,0,,
1493,0.5,,
1494,2,,
1495,202,,
1496,822,,
1497,1515,,
1498,1880,,
1499,2205,,
1500,2315,,
1501,2824.5,,
1502,1880,,
1503,1325,,
1504,638.5,,
1505,86.5,,
1506,0,,
1507,0,,
1508,0,,
1509,0,,
1510,0,,
1511,0,,
1512,0,,
1513,0,,
1514,0,,
1515,0,,
1516,0,,
1517,0,,
1518,4.5,,
1519,295.5,,
1520,1144,,
1521,1970,,
1522,2670,,
1523,2915,,
1524,2985,,
1525,2868,,
1526,1690,,
1527,935.5,,
1528,391.5,,
1529,43.5,,
1530,1,,
1531,0.5,,
1532,0,,
1533,0,,
1534,0,,
1535,0,,
1536,0,,
1537,0,,
1538,0,,
1539,0,,
1540,0,,
1541,0,,
1542,3.5,,
1543,227,,
1544,950,,
1545,1800,,
1546,2760,,
1547,3175,,
1548,3035,,
1549,3317.5,,
1550,2565,,
1551,1890,,
1552,939,,
1553,148,,
1554,2,,
1555,0.5,,
1556,0,,
1557,0,,
1558,0,,
1559,0,,
1560,0,,
1561,0,,
1562,0,,
1563,0,,
1564,1.5,,
1565,2,,
1566,3.5,,
1567,260.5,,
1568,1410,,
1569,2755,,
1570,3945,,
1571,4640,,
1572,4395,,
1573,4898,,
1574,4080,,
1575,3070,,
1576,1695,,
1577,303,,
1578,3.5,,
1579,2.5,,
1580,0,,
1581,0.5,,
1582,0.5,,
1583,0,,
1584,0,,
1585,0,,
1586,0,,
1587,0,,
1588,0,,
1589,2.5,,
1590,8.5,,
1591,499,,
1592,1855,,
1593,2860,,
1594,3625,,
1595,4460,,
1596,5110,,
1597,5277.5,,
1598,4620,,
1599,3280,,
1600,1640,,
1601,236,,
1602,3,,
1603,2.5,,
1604,0.5,,
1605,0,,
1606,0,,
1607,0,,
1608,0,,
1609,0,,
1610,0,,
1611,0,,
1612,0,,
1613,2,,
1614,13.5,,
1615,541,,
1616,1288.5,,
1617,2325,,
1618,3150,,
1619,3095,,
1620,2765,,
1621,2304.5,,
1622,1400,,
1623,777,,
1624,323,,
1625,39.5,,
1626,3,,
1627,0.5,,
1628,0,,
1629,0,,
1630,0,,
1631,0,,
1632,0,,
1633,0,,
1634,0,,
1635,0,,
1636,0,,
1637,0,,
1638,3.5,,
1639,213,,
1640,570.5,,
1641,1029,,
1642,1540,,
1643,1730,,
1644,1890,,
1645,2036,,
1646,1760,,
1647,1500,,
1648,969,,
1649,251,,
1650,1,,
1651,0,,
1652,3,,
1653,0,,
1654,0,,
1655,0,,
1656,0,,
1657,0,,
1658,0,,
1659,0,,
1660,0,,
1661,0,,
1662,4.5,,
1663,277.5,,
1664,1099,,
1665,2060,,
1666,3050,,
1667,3290,,
1668,2855,,
1669,2551.5,,
1670,1865,,
1671,1300,,
1672,638,,
1673,105,,
1674,5.5,,
1675,0.5,,
1676,0,,
1677,0,,
1678,0,,
1679,0,,
1680,0,,
1681,0,,
1682,0,,
1683,0,,
1684,0,,
1685,3,,
1686,5,,
1687,135,,
1688,553,,
1689,927,,
1690,1310,,
1691,1570,,
1692,1525,,
1693,1269,,
1694,1155,,
1695,699,,
1696,372.5,,
1697,88,,
1698,6.5,,
1699,2.5,,
1700,0,,
1701,0,,
1702,0,,
1703,0,,
1704,0,,
1705,0,,
1706,0,,
1707,0,,
1708,0,,
1709,0,,
1710,15,,
1711,425,,
1712,1570,,
1713,2740,,
1714,3825,,
1715,4125,,
1716,4205,,
1717,4336.5,,
1718,3930,,
1719,3185,,
1720,1875,,
1721,406.5,,
1722,9,,
1723,6,,
1724,1,,
1725,0.5,,
1726,0.5,,
1727,0,,
1728,0,,
1729,0,,
1730,0,,
1731,0,,
1732,0,,
1733,0,,
1734,120,,
1735,536.5,,
1736,1689.5,,
1737,2761,,
1738,3917,,
1739,4669.5,,
1740,1865,,
1741,3826,,
1742,2330,,
1743,1640,,
1744,731,,
1745,121.5,,
1746,1,,
1747,1,,
1748,0.5,,
1749,0,,
1750,0,,
1751,0,,
1752,0,,
1753,0,,
1754,0,,
1755,0,,
1756,0,,
1757,1.5,,
1758,5.5,,
1759,189,,
1760,661,,
1761,1435,,
1762,2220,,
1763,2905,,
1764,2935,,
1765,2793.5,,
1766,2665,,
1767,1980,,
1768,948.5,,
1769,216,,
1770,11,,
1771,0.5,,
1772,0,,
1773,0,,
1774,0,,
1775,0,,
1776,0,,
1777,0,,
1778,0,,
1779,0,,
1780,0,,
1781,0,,
1782,41,,
1783,507.5,,
1784,1750,,
1785,2805,,
1786,3750,,
1787,4175,,
1788,4180,,
1789,4202,,
1790,3730,,
1791,2865,,
1792,1570,,
1793,368,,
1794,7,,
1795,3,,
1796,0,,
1797,0,,
1798,0,,
1799,0,,
1800,0,,
1801,0,,
1802,0,,
1803,0,,
1804,0,,
1805,2,,
1806,3,,
1807,427.5,,
1808,575,,
1809,1148.5,,
1810,1890,,
1811,2305,,
1812,2485,,
1813,2550,,
1814,2170,,
1815,1505,,
1816,849,,
1817,199,,
1818,3,,
1819,1,,
1820,0,,
1821,0,,
1822,0,,
1823,0,,
1824,0,,
1825,0,,
1826,0,,
1827,0,,
1828,0,,
1829,0,,
1830,6.5,,
1831,173.5,,
1832,449,,
1833,805,,
1834,1195,,
1835,1270,,
1836,1285,,
1837,2042.5,,
1838,929.5,,
1839,679.5,,
1840,413,,
1841,99.5,,
1842,0.5,,
1843,3,,
1844,0,,
1845,0,,
1846,0,,
1847,0,,
1848,0,,
1849,0,,
1850,0,,
1851,0,,
1852,0,,
1853,0,,
1854,51.5,,
1855,538.5,,
1856,1450,,
1857,2934,,
1858,4340,,
1859,5875,,
1860,6579.5,,
1861,6665.5,,
1862,5579,,
1863,4495.5,,
1864,3198.5,,
1865,1500,,
1866,333,,
1867,19.5,,
1868,0,,
1869,0,,
1870,0,,
1871,0,,
1872,0,,
1873,0,,
1874,0,,
1875,0,,
1876,0,,
1877,0,,
1878,83,,
1879,742,,
1880,2195,,
1881,3545,,
1882,4210,,
1883,4705,,
1884,4835,,
1885,5058,,
1886,3955,,
1887,2985,,
1888,1840,,
1889,513,,
1890,16,,
1891,2.5,,
1892,0.5,,
1893,0,,
1894,0,,
1895,0,,
1896,0,,
1897,0,,
1898,0,,
1899,0,,
1900,0.5,,
1901,2,,
1902,239.5,,
1903,1298.5,,
1904,3450,,
1905,5190,,
1906,6195,,
1907,6250,,
1908,6100,,
1909,6083.5,,
1910,4710,,
1911,3200,,
1912,1650,,
1913,445,,
1914,11.5,,
1915,4.5,,
1916,0.5,,
1917,1,,
1918,0.5,,
1919,0,,
1920,0,,
1921,0,,
1922,0,,
1923,0,,
1924,1,,
1925,2.5,,
1926,97,,
1927,744,,
1928,1930,,
1929,2955,,
1930,3445,,
1931,3270,,
1932,2975,,
1933,4137,,
1934,2615,,
1935,1765,,
1936,829,,
1937,184,,
1938,7,,
1939,0.5,,
1940,0.5,,
1941,0,,
1942,0,,
1943,0,,
1944,0,,
1945,0,,
1946,0,,
1947,0,,
1948,0,,
1949,2.5,,
1950,116,,
1951,762,,
1952,1805,,
1953,2810,,
1954,3630,,
1955,4005,,
1956,4430,,
1957,4193.5,,
1958,3345,,
1959,2285,,
1960,1144.5,,
1961,303.5,,
1962,11.5,,
1963,2.5,,
1964,1,,
1965,0,,
1966,0,,
1967,0,,
1968,0,,
1969,0,,
1970,0,,
1971,0,,
1972,0,,
1973,1.5,,
1974,45,,
1975,234,,
1976,1016.5,,
1977,1700,,
1978,2375,,
1979,2800,,
1980,2795,,
1981,2228,,
1982,1940,,
1983,1355,,
1984,821,,
1985,331.5,,
1986,22,,
1987,17.5,,
1988,0,,
1989,0,,
1990,0,,
1991,0,,
1992,0,,
1993,0,,
1994,0,,
1995,0,,
1996,0,,
1997,4,,
1998,236,,
1999,828.5,,
2000,2237,,
2001,3620,,
2002,5080,,
2003,6028.5,,
2004,6286,,
2005,5690,,
2006,5150,,
2007,4111,,
2008,2933.5,,
2009,1583,,
2010,447.5,,
2011,43.5,,
2012,0,,
2013,0,,
2014,0,,
2015,0,,
2016,0,,
2017,0,,
2018,0,,
2019,0,,
2020,0,,
2021,0,,
2022,11.5,,
2023,508,,
2024,1840,,
2025,3575,,
2026,5475,,
2027,6925,,
2028,6505,,
2029,5205,,
2030,5387.5,,
2031,3640,,
2032,2600,,
2033,1525,,
2034,493,,
2035,13.5,,
2036,4,,
2037,1.5,,
2038,0,,
2039,0,,
2040,0,,
2041,0,,
2042,0,,
2043,0,,
2044,0,,
2045,1.5,,
2046,1.5,,
2047,38,,
2048,258.5,,
2049,817,,
2050,1470,,
2051,2185,,
2052,2660,,
2053,3145,,
2054,2787.5,,
2055,2860,,
2056,2045,,
2057,1142.5,,
2058,408,,
2059,21,,
2060,0.5,,
2061,0,,
2062,0,,
2063,0,,
2064,0,,
2065,0,,
2066,0,,
2067,0,,
2068,0,,
2069,1.5,,
2070,1.5,,
2071,62.5,,
2072,388,,
2073,995,,
2074,1745,,
2075,2565,,
2076,3305,,
2077,4235,,
2078,3741,,
2079,4455,,
2080,3555,,
2081,2390,,
2082,912.5,,
2083,57,,
2084,7,,
2085,4.5,,
2086,0,,
2087,0,,
2088,0,,
2089,0,,
2090,0,,
2091,0,,
2092,0,,
2093,0,,
2094,4,,
2095,420.5,,
2096,1242.5,,
2097,2905,,
2098,3755,,
2099,3920,,
2100,3495,,
2101,3110,,
2102,2934,,
2103,2170,,
2104,1620,,
2105,929,,
2106,367,,
2107,24,,
2108,6,,
2109,0,,
2110,0,,
2111,0,,
2112,0,,
2113,0,,
2114,0,,
2115,0,,
2116,0,,
2117,1.5,,
2118,2,,
2119,237,,
2120,780,,
2121,1785,,
2122,2150,,
2123,2255,,
2124,2400,,
2125,2385,,
2126,2021,,
2127,1640,,
2128,1170,,
2129,672.5,,
2130,215.5,,
2131,11,,
2132,4.5,,
2133,1.5,,
2134,0,,
2135,0,,
2136,0,,
2137,0,,
2138,0,,
2139,0,,
2140,0,,
2141,1,,
2142,2,,
2143,110,,
2144,425.5,,
2145,983,,
2146,1400,,
2147,1730,,
2148,1940,,
2149,1945,,
2150,1789,,
2151,1520,,
2152,1019.5,,
2153,645,,
2154,206,,
2155,11,,
2156,0,,
2157,0,,
2158,0,,
2159,0,,
2160,0,,
2161,0,,
2162,0,,
2163,0,,
2164,0,,
2165,2,,
2166,1,,
2167,282,,
2168,1042.5,,
2169,2225,,
2170,2930,,
2171,3220,,
2172,3150,,
2173,2795,,
2174,2718.5,,
2175,2025,,
2176,1435,,
2177,757.5,,
2178,261,,
2179,13,,
2180,0,,
2181,0,,
2182,0,,
2183,0,,
2184,0,,
2185,0,,
2186,0,,
2187,0,,
2188,1.5,,
2189,0.5,,
2190,2,,
2191,60,,
2192,275,,
2193,725,,
2194,1185,,
2195,1550,,
2196,1770,,
2197,1805,,
2198,1702,,
2199,1350,,
2200,1089,,
2201,740,,
2202,316,,
2203,29,,
2204,1,,
2205,0.5,,
2206,0,,
2207,0,,
2208,0,,
2209,0,,
2210,0,,
2211,0,,
2212,0,,
2213,2,,
2214,4,,
2215,223.5,,
2216,818.5,,
2217,1500,,
2218,2295,,
2219,3290,,
2220,4040,,
2221,4335,,
2222,4434,,
2223,3710,,
2224,2880,,
2225,1715,,
2226,810,,
2227,70.5,,
2228,0.5,,
2229,0.5,,
2230,0,,
2231,0,,
2232,0,,
2233,0,,
2234,0,,
2235,0,,
2236,0,,
2237,4,,
2238,12,,
2239,241.5,,
2240,869.5,,
2241,1870,,
2242,2475,,
2243,3100,,
2244,3125,,
2245,3095,,
2246,2661.5,,
2247,2720,,
2248,1950,,
2249,1180.5,,
2250,504.5,,
2251,147.5,,
2252,50.5,,
2253,0.5,,
2254,0,,
2255,0,,
2256,0,,
2257,0,,
2258,0,,
2259,0,,
2260,0,,
2261,0,,
2262,61,,
2263,805.5,,
2264,2462,,
2265,4503.5,,
2266,6442,,
2267,7922,,
2268,8810,,
2269,8870.5,,
2270,8324,,
2271,7159.5,,
2272,5475.5,,
2273,3486.5,,
2274,1747.5,,
2275,573.5,,
2276,80,,
2277,0,,
2278,0,,
2279,0,,
2280,0,,
2281,0,,
2282,0,,
2283,0,,
2284,0,,
2285,0,,
2286,73,,
2287,597,,
2288,1279.5,,
2289,2739.5,,
2290,4155.5,,
2291,5291,,
2292,5945,,
2293,6020,,
2294,5851,,
2295,4415,,
2296,2960,,
2297,1735,,
2298,742,,
2299,101.5,,
2300,0.5,,
2301,1,,
2302,0,,
2303,0,,
2304,0,,
2305,0,,
2306,0,,
2307,0,,
2308,0,,
2309,0,,
2310,12,,
2311,212.5,,
2312,645.5,,
2313,1089,,
2314,1815,,
2315,2635,,
2316,3040,,
2317,2990,,
2318,3045.5,,
2319,2345,,
2320,1675,,
2321,979,,
2322,447,,
2323,62.5,,
2324,0,,
2325,0,,
2326,0,,
2327,0,,
2328,0,,
2329,0,,
2330,0,,
2331,0,,
2332,0,,
2333,0,,
2334,6,,
2335,186.5,,
2336,556.5,,
2337,1225,,
2338,1935,,
2339,2490,,
2340,2845,,
2341,3070,,
2342,2713,,
2343,2455,,
2344,1960,,
2345,1350,,
2346,768,,
2347,143,,
2348,1,,
2349,0,,
2350,0,,
2351,0,,
2352,0,,
2353,0,,
2354,0,,
2355,0,,
2356,0,,
2357,0,,
2358,10.5,,
2359,285.5,,
2360,819,,
2361,1705,,
2362,2470,,
2363,3090,,
2364,3355,,
2365,3070,,
2366,2367,,
2367,1665,,
2368,1180,,
2369,594.5,,
2370,217.5,,
2371,31,,
2372,6.5,,
2373,2.5,,
2374,0,,
2375,0,,
2376,0,,
2377,0,,
2378,0,,
2379,0,,
2380,0,,
2381,0,,
2382,41.5,,
2383,194.5,,
2384,369.5,,
2385,616.5,,
2386,930.5,,
2387,1235,,
2388,1510,,
2389,1760,,
2390,2187.5,,
2391,1705,,
2392,1460,,
2393,989,,
2394,427,,
2395,55.5,,
2396,1,,
2397,0,,
2398,0,,
2399,0,,
2400,0,,
2401,0,,
2402,0,,
2403,0,,
2404,0,,
2405,0.5,,
2406,6,,
2407,143,,
2408,514.5,,
2409,950.5,,
2410,1395,,
2411,1825,,
2412,2120,,
2413,2240,,
2414,3047,,
2415,1995,,
2416,1510,,
2417,925.5,,
2418,354.5,,
2419,37,,
2420,1,,
2421,0.5,,
2422,0,,
2423,0,,
2424,0,,
2425,0,,
2426,0,,
2427,0,,
2428,0,,
2429,1.5,,
2430,9,,
2431,166.5,,
2432,539.5,,
2433,963.5,,
2434,1410,,
2435,1820,,
2436,2070,,
2437,2125,,
2438,2545.5,,
2439,1655,,
2440,1285,,
2441,708,,
2442,275.5,,
2443,39.5,,
2444,0.5,,
2445,0.5,,
2446,0,,
2447,0,,
2448,0,,
2449,0,,
2450,0,,
2451,0,,
2452,0,,
2453,0.5,,
2454,5.5,,
2455,125,,
2456,448,,
2457,812,,
2458,1195,,
2459,1600,,
2460,1805,,
2461,1880,,
2462,1845,,
2463,1520,,
2464,1210,,
2465,838.5,,
2466,410,,
2467,67.5,,
2468,1.5,,
2469,1,,
2470,0,,
2471,0,,
2472,0,,
2473,0,,
2474,0,,
2475,0,,
2476,0,,
2477,0,,
2478,39,,
2479,565.5,,
2480,1584.5,,
2481,3010,,
2482,4510,,
2483,5635,,
2484,6450,,
2485,6990,,
2486,7012,,
2487,5915,,
2488,4625,,
2489,3035,,
2490,1455,,
2491,277,,
2492,8,,
2493,3,,
2494,0,,
2495,0,,
2496,0,,
2497,0,,
2498,0,,
2499,0,,
2500,0.5,,
2501,0.5,,
2502,62.5,,
2503,451.5,,
2504,922,,
2505,1730,,
2506,2230,,
2507,2975,,
2508,3120,,
2509,3075,,
2510,2870,,
2511,2380,,
2512,1750,,
2513,1240,,
2514,672,,
2515,150.5,,
2516,0,,
2517,2,,
2518,0,,
2519,0,,
2520,0,,
2521,0,,
2522,0,,
2523,0,,
2524,0,,
2525,0,,
2526,112,,
2527,1025,,
2528,2009,,
2529,3770,,
2530,4540,,
2531,4900,,
2532,5295,,
2533,5500,,
2534,6217.5,,
2535,4800,,
2536,3600,,
2537,2235,,
2538,917.5,,
2539,143,,
2540,7,,
2541,4,,
2542,0,,
2543,0,,
2544,0,,
2545,0,,
2546,0,,
2547,0,,
2548,0.5,,
2549,0,,
2550,54.5,,
2551,437.5,,
2552,1100,,
2553,1805,,
2554,2610,,
2555,3225,,
2556,3635,,
2557,3725,,
2558,3607,,
2559,2680,,
2560,1845,,
2561,1143.5,,
2562,556,,
2563,93.5,,
2564,4.5,,
2565,4,,
2566,0,,
2567,0,,
2568,0,,
2569,0,,
2570,0,,
2571,0,,
2572,0,,
2573,0,,
2574,128,,
2575,911.5,,
2576,2245,,
2577,3895,,
2578,5540,,
2579,6895,,
2580,7700,,
2581,8150,,
2582,7706.5,,
2583,6890,,
2584,5260,,
2585,3450,,
2586,1775,,
2587,433,,
2588,12.5,,
2589,9,,
2590,0,,
2591,0,,
2592,0,,
2593,0,,
2594,0,,
2595,0,,
2596,0.5,,
2597,1,,
2598,221,,
2599,1370,,
2600,2591,,
2601,4645,,
2602,6165,,
2603,7550,,
2604,8160,,
2605,8240,,
2606,7752,,
2607,6750,,
2608,5275,,
2609,3545,,
2610,1810,,
2611,452,,
2612,12,,
2613,5.5,,
2614,0,,
2615,0,,
2616,0,,
2617,0,,
2618,0,,
2619,0,,
2620,1,,
2621,1.5,,
2622,183.5,,
2623,1037,,
2624,2300,,
2625,3850,,
2626,5540,,
2627,7115,,
2628,8250,,
2629,8480,,
2630,7886.5,,
2631,6840,,
2632,5345,,
2633,3625,,
2634,1880,,
2635,497.5,,
2636,29.5,,
2637,14,,
2638,0,,
2639,0,,
2640,0,,
2641,0,,
2642,0,,
2643,0,,
2644,0.5,,
2645,1,,
2646,217,,
2647,1225,,
2648,2424,,
2649,4285,,
2650,5505,,
2651,6380,,
2652,6590,,
2653,6375,,
2654,6115,,
2655,4940,,
2656,3850,,
2657,2790,,
2658,1375,,
2659,323,,
2660,22,,
2661,16,,
2662,0,,
2663,0,,
2664,0,,
2665,0,,
2666,0,,
2667,0,,
2668,2.5,,
2669,2.5,,
2670,230.5,,
2671,1239.5,,
2672,2106,,
2673,3700,,
2674,4510,,
2675,5330,,
2676,5805,,
2677,5725,,
2678,4891.5,,
2679,4190,,
2680,3610,,
2681,2820,,
2682,1725,,
2683,512,,
2684,16.5,,
2685,22.5,,
2686,0,,
2687,0,,
2688,0,,
2689,0,,
2690,0,,
2691,0,,
2692,1.5,,
2693,1.5,,
2694,276.5,,
2695,1147,,
2696,1805,,
2697,2945,,
2698,3545,,
2699,4615,,
2700,5125,,
2701,4985,,
2702,5601.5,,
2703,4310,,
2704,3085,,
2705,1675,,
2706,736,,
2707,158,,
2708,5,,
2709,3.5,,
2710,0,,
2711,0,,
2712,0,,
2713,0,,
2714,0,,
2715,0,,
2716,1.5,,
2717,1,,
2718,104.5,,
2719,615,,
2720,1147,,
2721,1910,,
2722,2560,,
2723,2855,,
2724,2805,,
2725,2491.5,,
2726,1776.5,,
2727,1385,,
2728,1045,,
2729,705.5,,
2730,337,,
2731,94,,
2732,6.5,,
2733,1,,
2734,0,,
2735,0,,
2736,0,,
2737,0,,
2738,0,,
2739,0,,
2740,0,,
2741,1,,
2742,308.5,,
2743,1400,,
2744,2379,,
2745,3870,,
2746,4685,,
2747,5570,,
2748,5945,,
2749,6065,,
2750,5341,,
2751,5120,,
2752,3835,,
2753,2775,,
2754,1600,,
2755,529,,
2756,30,,
2757,27,,
2758,0,,
2759,0,,
2760,0,,
2761,0,,
2762,0,,
2763,0,,
2764,0.5,,
2765,3,,
2766,337,,
2767,1475,,
2768,2815,,
2769,3935,,
2770,4915,,
2771,5990,,
2772,6620,,
2773,6845,,
2774,6456,,
2775,5495,,
2776,4470,,
2777,2885,,
2778,1525,,
2779,414,,
2780,17,,
2781,11,,
2782,0,,
2783,0,,
2784,0,,
2785,0,,
2786,0,,
2787,0,,
2788,1,,
2789,2.5,,
2790,127.5,,
2791,478.5,,
2792,682,,
2793,1355,,
2794,1705,,
2795,2165,,
2796,2460,,
2797,2285,,
2798,1735.5,,
2799,1955,,
2800,1625,,
2801,1180,,
2802,692,,
2803,198.5,,
2804,15,,
2805,4.5,,
2806,0,,
2807,0,,
2808,0,,
2809,0,,
2810,0,,
2811,0,,
2812,0,,
2813,1.5,,
2814,113.5,,
2815,564,,
2816,1219.5,,
2817,1800,,
2818,2180,,
2819,2460,,
2820,2620,,
2821,2625,,
2822,2542,,
2823,2355,,
2824,2070,,
2825,1440,,
2826,782,,
2827,248.5,,
2828,15.5,,
2829,24.5,,
2830,0,,
2831,0,,
2832,0,,
2833,0,,
2834,0,,
2835,0,,
2836,0.5,,
2837,1,,
2838,120.5,,
2839,618,,
2840,1093,,
2841,1905,,
2842,2405,,
2843,2790,,
2844,2890,,
2845,2595,,
2846,2622,,
2847,1895,,
2848,1555,,
2849,1195,,
2850,753,,
2851,318,,
2852,25,,
2853,37.5,,
2854,0,,
2855,0,,
2856,0,,
2857,0,,
2858,0,,
2859,0,,
2860,0,,
2861,1,,
2862,158.5,,
2863,702,,
2864,1445.5,,
2865,2340,,
2866,3400,,
2867,4555,,
2868,5025,,
2869,4970,,
2870,4364.5,,
2871,4475,,
2872,3725,,
2873,2835,,
2874,1735,,
2875,724.5,,
2876,59,,
2877,6.5,,
2878,0,,
2879,0,,
2880,0,,
2881,0,,
2882,1,,
2883,1,,
2884,1.5,,
2885,8,,
2886,550,,
2887,1840,,
2888,3058.5,,
2889,5000,,
2890,6285,,
2891,6860,,
2892,6870,,
2893,6400,,
2894,5522.5,,
2895,4598.5,,
2896,3635.5,,
2897,2599,,
2898,1557,,
2899,707.5,,
2900,195.5,,
2901,23,,
2902,0,,
2903,0,,
2904,0,,
2905,0,,
2906,0,,
2907,0,,
2908,0,,
2909,15.5,,
2910,97,,
2911,343.5,,
2912,804,,
2913,1575,,
2914,2725,,
2915,4080,,
2916,5065,,
2917,5645,,
2918,5299,,
2919,5575,,
2920,4705,,
2921,3585,,
2922,2160,,
2923,814,,
2924,57,,
2925,5,,
2926,0,,
2927,0,,
2928,0,,
2929,0,,
2930,1,,
2931,2,,
2932,1.5,,
2933,26.5,,
2934,516,,
2935,1515,,
2936,2670,,
2937,4540,,
2938,5940,,
2939,6845,,
2940,6725,,
2941,6605,,
2942,5816.5,,
2943,5020,,
2944,3680,,
2945,2210,,
2946,989,,
2947,292,,
2948,19.5,,
2949,2.5,,
2950,0,,
2951,0,,
2952,0,,
2953,0,,
2954,0.5,,
2955,0.5,,
2956,1,,
2957,7,,
2958,310,,
2959,1155,,
2960,2243.5,,
2961,3625,,
2962,4475,,
2963,4935,,
2964,5060,,
2965,4985,,
2966,4955.5,,
2967,4290,,
2968,3690,,
2969,2640,,
2970,1510,,
2971,519,,
2972,40,,
2973,3,,
2974,0,,
2975,0,,
2976,0,,
2977,0,,
2978,1.5,,
2979,1,,
2980,2,,
2981,25.5,,
2982,568.5,,
2983,1750,,
2984,3097,,
2985,5080,,
2986,6690,,
2987,7990,,
2988,8560,,
2989,8615,,
2990,8151,,
2991,7050,,
2992,5625,,
2993,3970,,
2994,2295,,
2995,859.5,,
2996,78.5,,
2997,88,,
2998,0,,
2999,0,,
3000,0,,
3001,0,,
3002,2,,
3003,1,,
3004,2,,
3005,29.5,,
3006,609,,
3007,1830,,
3008,3142.5,,
3009,5140,,
3010,6800,,
3011,8110,,
3012,8760,,
3013,8770,,
3014,8451,,
3015,7205,,
3016,5705,,
3017,3965,,
3018,2215,,
3019,819.5,,
3020,74.5,,
3021,97,,
3022,0,,
3023,0,,
3024,0,,
3025,0,,
3026,3.5,,
3027,1.5,,
3028,2,,
3029,32,,
3030,608,,
3031,1800,,
3032,3133,,
3033,4985,,
3034,6510,,
3035,7845,,
3036,8510,,
3037,8530,,
3038,8184,,
3039,6930,,
3040,5520,,
3041,3835,,
3042,2190,,
3043,818,,
3044,68,,
3045,13.5,,
3046,0,,
3047,0,,
3048,0,,
3049,0,,
3050,0,,
3051,0,,
3052,0,,
3053,144,,
3054,756,,
3055,1760,,
3056,2697.5,,
3057,4215,,
3058,5785,,
3059,7150,,
3060,7545,,
3061,6820,,
3062,6175.5,,
3063,4735,,
3064,3775,,
3065,2835,,
3066,1855,,
3067,800.5,,
3068,93.5,,
3069,15,,
3070,0,,
3071,0,,
3072,0,,
3073,0,,
3074,2,,
3075,0.5,,
3076,1,,
3077,55,,
3078,658,,
3079,1770,,
3080,2798.5,,
3081,4720,,
3082,5805,,
3083,6160,,
3084,5980,,
3085,5735,,
3086,4990,,
3087,3905,,
3088,2755,,
3089,1690,,
3090,849.5,,
3091,298,,
3092,16.5,,
3093,9.5,,
3094,0,,
3095,0,,
3096,0,,
3097,0,,
3098,2.5,,
3099,1,,
3100,0.5,,
3101,18,,
3102,489,,
3103,1645,,
3104,2743,,
3105,4865,,
3106,6210,,
3107,7200,,
3108,7625,,
3109,7645,,
3110,7496.5,,
3111,6265,,
3112,5135,,
3113,3720,,
3114,2230,,
3115,959.5,,
3116,112.5,,
3117,15,,
3118,0.5,,
3119,0,,
3120,0,,
3121,0,,
3122,2,,
3123,1,,
3124,1,,
3125,70,,
3126,657,,
3127,1715,,
3128,2700,,
3129,4075,,
3130,4920,,
3131,5190,,
3132,4990,,
3133,4570,,
3134,4262.5,,
3135,3095,,
3136,2240,,
3137,1425,,
3138,770,,
3139,277.5,,
3140,35.5,,
3141,7.5,,
3142,0,,
3143,0,,
3144,0,,
3145,0,,
3146,1.5,,
3147,0.5,,
3148,1,,
3149,47.5,,
3150,588.5,,
3151,1650,,
3152,2258,,
3153,3770,,
3154,4460,,
3155,4985,,
3156,4945,,
3157,4620,,
3158,4032.5,,
3159,3270,,
3160,2245,,
3161,1525,,
3162,838.5,,
3163,318.5,,
3164,52,,
3165,47.5,,
3166,0.5,,
3167,0,,
3168,0,,
3169,0,,
3170,2.5,,
3171,0.5,,
3172,1,,
3173,35,,
3174,483.5,,
3175,1485,,
3176,2453,,
3177,4255,,
3178,5380,,
3179,6140,,
3180,6540,,
3181,6975,,
3182,7099,,
3183,6430,,
3184,5365,,
3185,3955,,
3186,2500,,
3187,1114,,
3188,170.5,,
3189,150,,
3190,0.5,,
3191,0,,
3192,0,,
3193,0,,
3194,1,,
3195,0.5,,
3196,2,,
3197,80,,
3198,811,,
3199,2090,,
3200,3472,,
3201,5425,,
3202,7015,,
3203,8165,,
3204,8740,,
3205,8755,,
3206,8284,,
3207,7160,,
3208,5820,,
3209,4095,,
3210,2475,,
3211,1086,,
3212,169.5,,
3213,143.5,,
3214,0.5,,
3215,0,,
3216,0,,
3217,0,,
3218,1.5,,
3219,0,,
3220,1,,
3221,66.5,,
3222,657.5,,
3223,1780,,
3224,3018.5,,
3225,5070,,
3226,6715,,
3227,8120,,
3228,8675,,
3229,8695,,
3230,8163.5,,
3231,6960,,
3232,5470,,
3233,3630,,
3234,1985,,
3235,731.5,,
3236,82,,
3237,122,,
3238,0.5,,
3239,0,,
3240,0,,
3241,0,,
3242,2,,
3243,0.5,,
3244,0.5,,
3245,40,,
3246,369.5,,
3247,946.5,,
3248,1307,,
3249,2185,,
3250,2850,,
3251,3535,,
3252,3910,,
3253,4245,,
3254,4245,,
3255,3785,,
3256,3190,,
3257,2555,,
3258,1765,,
3259,886,,
3260,163,,
3261,9.5,,
3262,1,,
3263,0,,
3264,0,,
3265,0,,
3266,1,,
3267,1,,
3268,1.5,,
3269,103.5,,
3270,850.5,,
3271,2060,,
3272,3443.5,,
3273,5405,,
3274,6990,,
3275,8160,,
3276,8625,,
3277,8475,,
3278,7808,,
3279,6690,,
3280,5400,,
3281,3975,,
3282,2425,,
3283,1078.5,,
3284,195,,
3285,6,,
3286,1.5,,
3287,0,,
3288,0,,
3289,0,,
3290,2,,
3291,2.5,,
3292,4,,
3293,111,,
3294,837.5,,
3295,2010,,
3296,3176,,
3297,5120,,
3298,6565,,
3299,7625,,
3300,7910,,
3301,7605,,
3302,6946.5,,
3303,5940,,
3304,4925,,
3305,3525,,
3306,2180,,
3307,967,,
3308,176,,
3309,9.5,,
3310,1,,
3311,0,,
3312,0,,
3313,0,,
3314,4,,
3315,1.5,,
3316,2,,
3317,112.5,,
3318,851.5,,
3319,2050,,
3320,3315.5,,
3321,5375,,
3322,6970,,
3323,8195,,
3324,8675,,
3325,8740,,
3326,8215.5,,
3327,7225,,
3328,5775,,
3329,4090,,
3330,2460,,
3331,1072,,
3332,165.5,,
3333,161.5,,
3334,1.5,,
3335,0,,
3336,0,,
3337,0,,
3338,2,,
3339,1,,
3340,2,,
3341,101,,
3342,750.5,,
3343,1840,,
3344,3009,,
3345,4905,,
3346,6365,,
3347,7455,,
3348,7990,,
3349,8085,,
3350,7711.5,,
3351,6645,,
3352,5245,,
3353,3565,,
3354,2025,,
3355,793.5,,
3356,106.5,,
3357,141.5,,
3358,1,,
3359,0,,
3360,0,,
3361,0,,
3362,0.5,,
3363,0.5,,
3364,0.5,,
3365,119.5,,
3366,833,,
3367,2005,,
3368,3073.75,,
3369,4965,,
3370,6160,,
3371,7085,,
3372,7430,,
3373,7250,,
3374,6675,,
3375,5675,,
3376,4385,,
3377,3040,,
3378,1775,,
3379,731.5,,
3380,135,,
3381,8.5,,
3382,2.5,,
3383,0,,
3384,0,,
3385,0,,
3386,1.5,,
3387,1,,
3388,1,,
3389,107,,
3390,719,,
3391,1670,,
3392,2676,,
3393,4540,,
3394,6050,,
3395,7500,,
3396,8155,,
3397,8325,,
3398,7930.5,,
3399,6925,,
3400,5570,,
3401,3965,,
3402,2365,,
3403,1054,,
3404,197.5,,
3405,5,,
3406,3.5,,
3407,0,,
3408,0,,
3409,0,,
3410,5,,
3411,2.5,,
3412,3,,
3413,52,,
3414,451,,
3415,1233.5,,
3416,2297.5,,
3417,3945,,
3418,5745,,
3419,7245,,
3420,8135,,
3421,8385,,
3422,7797.5,,
3423,6660,,
3424,5120,,
3425,3490,,
3426,2090,,
3427,930,,
3428,193.5,,
3429,153,,
3430,4.5,,
3431,0,,
3432,0,,
3433,0,,
3434,0,,
3435,0,,
3436,3,,
3437,102,,
3438,457,,
3439,1041,,
3440,1596,,
3441,2908.5,,
3442,3590.5,,
3443,4903.5,,
3444,5527.5,,
3445,5668.5,,
3446,5001.5,,
3447,4275,,
3448,3267.5,,
3449,2439.5,,
3450,1607.5,,
3451,865,,
3452,320,,
3453,57,,
3454,2.5,,
3455,0,,
3456,0,,
3457,0,,
3458,0,,
3459,0,,
3460,2.5,,
3461,86.5,,
3462,331,,
3463,731.5,,
3464,1170,,
3465,1630,,
3466,2100,,
3467,2530,,
3468,2820,,
3469,2715,,
3470,2565,,
3471,2255,,
3472,1930,,
3473,1595,,
3474,1024,,
3475,510.5,,
3476,112,,
3477,6.5,,
3478,2,,
3479,0,,
3480,0,,
3481,0,,
3482,1,,
3483,1,,
3484,1,,
3485,44.5,,
3486,350.5,,
3487,886.5,,
3488,1670,,
3489,2635,,
3490,3860,,
3491,4885,,
3492,5865,,
3493,6460,,
3494,6530,,
3495,5955,,
3496,4920,,
3497,3485,,
3498,2075,,
3499,951,,
3500,213,,
3501,5.5,,
3502,1,,
3503,0,,
3504,0,,
3505,0,,
3506,1,,
3507,2.5,,
3508,2,,
3509,135.5,,
3510,693,,
3511,1480,,
3512,2465,,
3513,3585,,
3514,4545,,
3515,5690,,
3516,6375,,
3517,6850,,
3518,6505,,
3519,5610,,
3520,4690,,
3521,3320,,
3522,1865,,
3523,835.5,,
3524,164,,
3525,9,,
3526,1.5,,
3527,0,,
3528,0,,
3529,0,,
3530,2.5,,
3531,3,,
3532,2,,
3533,82.5,,
3534,541.5,,
3535,1315,,
3536,2330,,
3537,3465,,
3538,4700,,
3539,5885,,
3540,6835,,
3541,7205,,
3542,6885,,
3543,6025,,
3544,4875,,
3545,3550,,
3546,2145,,
3547,1038,,
3548,267.5,,
3549,11,,
3550,0,,
3551,0,,
3552,0,,
3553,0,,
3554,1,,
3555,1.5,,
3556,0.5,,
3557,48,,
3558,326,,
3559,805,,
3560,1445,,
3561,2270,,
3562,3085,,
3563,3870,,
3564,4275,,
3565,4210,,
3566,3910,,
3567,3565,,
3568,2955,,
3569,2120,,
3570,1201,,
3571,513,,
3572,120,,
3573,5,,
3574,1.5,,
3575,0,,
3576,0,,
3577,0,,
3578,1.5,,
3579,1,,
3580,2,,
3581,18.5,,
3582,161.5,,
3583,418,,
3584,843.5,,
3585,1360,,
3586,1690,,
3587,1860,,
3588,1945,,
3589,1920,,
3590,1915,,
3591,1755,,
3592,1595,,
3593,1220,,
3594,718.5,,
3595,345.5,,
3596,71,,
3597,2.5,,
3598,1,,
3599,0,,
3600,0,,
3601,0,,
3602,0.5,,
3603,1,,
3604,1.5,,
3605,48.5,,
3606,366,,
3607,901.5,,
3608,1625,,
3609,2550,,
3610,3455,,
3611,4055,,
3612,4540,,
3613,4500,,
3614,4235,,
3615,3525,,
3616,2845,,
3617,2250,,
3618,1320,,
3619,617.5,,
3620,136,,
3621,8,,
3622,2.5,,
3623,0,,
3624,0,,
3625,0,,
3626,1.5,,
3627,1,,
3628,2,,
3629,71,,
3630,410,,
3631,1026,,
3632,1830,,
3633,2760,,
3634,3775,,
3635,4640,,
3636,4985,,
3637,5325,,
3638,5365,,
3639,4865,,
3640,4060,,
3641,2950,,
3642,1735,,
3643,854,,
3644,240,,
3645,9,,
3646,2,,
3647,0,,
3648,0,,
3649,0,,
3650,1.5,,
3651,1,,
3652,0.5,,
3653,54.5,,
3654,372,,
3655,971.5,,
3656,1770,,
3657,2735,,
3658,3700,,
3659,4785,,
3660,5295,,
3661,5700,,
3662,5610,,
3663,5060,,
3664,4285,,
3665,3290,,
3666,2080,,
3667,1025.5,,
3668,244.5,,
3669,6,,
3670,2,,
3671,0,,
3672,0,,
3673,0,,
3674,2.5,,
3675,1.5,,
3676,1.5,,
3677,140,,
3678,755,,
3679,1745,,
3680,3035,,
3681,4510,,
3682,5682.5,,
3683,6465,,
3684,6775,,
3685,6635,,
3686,6480,,
3687,5815,,
3688,4935,,
3689,3630,,
3690,2250,,
3691,1063.5,,
3692,255.5,,
3693,15,,
3694,4,,
3695,0,,
3696,0,,
3697,0,,
3698,1,,
3699,1,,
3700,0.5,,
3701,89.5,,
3702,486.5,,
3703,1033.5,,
3704,1645,,
3705,2340,,
3706,2945,,
3707,3405,,
3708,3765,,
3709,4175,,
3710,4215,,
3711,3845,,
3712,2880,,
3713,1955,,
3714,1152,,
3715,471.5,,
3716,103,,
3717,6,,
3718,1,,
3719,0,,
3720,0,,
3721,0,,
3722,1.5,,
3723,1.5,,
3724,0.5,,
3725,38.5,,
3726,266.5,,
3727,684,,
3728,1280,,
3729,2040,,
3730,2810,,
3731,3625,,
3732,4295,,
3733,4820,,
3734,5539,,
3735,5265,,
3736,4645,,
3737,3595,,
3738,2375,,
3739,1166,,
3740,314.5,,
3741,15.5,,
3742,1.5,,
3743,0,,
3744,0,,
3745,0,,
3746,0.5,,
3747,0.5,,
3748,1,,
3749,142.5,,
3750,672,,
3751,1600,,
3752,2668,,
3753,4645,,
3754,6015,,
3755,7185,,
3756,7840,,
3757,8045,,
3758,7734.5,,
3759,6990,,
3760,5705,,
3761,4095,,
3762,2560,,
3763,1272.5,,
3764,343,,
3765,15.5,,
3766,7.5,,
3767,0,,
3768,0,,
3769,0,,
3770,1.5,,
3771,1,,
3772,1.5,,
3773,130.5,,
3774,633,,
3775,1370,,
3776,2033,,
3777,3235,,
3778,4365,,
3779,5140,,
3780,5620,,
3781,5625,,
3782,4600.5,,
3783,4475,,
3784,3500,,
3785,2435,,
3786,1495,,
3787,699,,
3788,175.5,,
3789,11,,
3790,3,,
3791,0,,
3792,0,,
3793,0,,
3794,1,,
3795,0,,
3796,1.5,,
3797,63,,
3798,345,,
3799,860.5,,
3800,1304,,
3801,2360,,
3802,3325,,
3803,4325,,
3804,4840,,
3805,5040,,
3806,4398,,
3807,4420,,
3808,3610,,
3809,2615,,
3810,1655,,
3811,792.5,,
3812,206,,
3813,17,,
3814,5.5,,
3815,0,,
3816,0,,
3817,0,,
3818,2,,
3819,0,,
3820,1,,
3821,116,,
3822,618.5,,
3823,1315,,
3824,1900,,
3825,3180,,
3826,4380,,
3827,5650,,
3828,6365,,
3829,6425,,
3830,5746.5,,
3831,5430,,
3832,4375,,
3833,3080,,
3834,1920,,
3835,996.5,,
3836,309.5,,
3837,173,,
3838,3,,
3839,0,,
3840,0,,
3841,0,,
3842,3,,
3843,0.5,,
3844,1.5,,
3845,123,,
3846,568,,
3847,1275,,
3848,1965.5,,
3849,3350,,
3850,4545,,
3851,5800,,
3852,6915,,
3853,7450,,
3854,6485,,
3855,6230,,
3856,4875,,
3857,3495,,
3858,2250,,
3859,1125,,
3860,293.5,,
3861,221.5,,
3862,1.5,,
3863,0,,
3864,0,,
3865,0,,
3866,2.5,,
3867,0.5,,
3868,2,,
3869,179,,
3870,845,,
3871,1855,,
3872,2733.5,,
3873,4765,,
3874,6185,,
3875,7390,,
3876,7980,,
3877,8160,,
3878,7629,,
3879,6910,,
3880,5580,,
3881,4115,,
3882,2505,,
3883,1238.5,,
3884,316.5,,
3885,236,,
3886,3,,
3887,0,,
3888,0,,
3889,0,,
3890,0,,
3891,0,,
3892,11,,
3893,209,,
3894,275,,
3895,1350,,
3896,1855,,
3897,3060,,
3898,3870,,
3899,4465,,
3900,4575,,
3901,4485,,
3902,4319,,
3903,3885,,
3904,3380,,
3905,2585,,
3906,1760,,
3907,997.5,,
3908,297.5,,
3909,13.5,,
3910,3,,
3911,0,,
3912,0,,
3913,0,,
3914,1.5,,
3915,1,,
3916,2,,
3917,184.5,,
3918,890,,
3919,2045,,
3920,2899,,
3921,4605,,
3922,5425,,
3923,5985,,
3924,5855,,
3925,5655,,
3926,5386,,
3927,4585,,
3928,3640,,
3929,2435,,
3930,1485,,
3931,696.5,,
3932,173.5,,
3933,8,,
3934,4,,
3935,0,,
3936,0,,
3937,0,,
3938,1,,
3939,1,,
3940,1,,
3941,64,,
3942,351.5,,
3943,811,,
3944,1200.5,,
3945,2180,,
3946,3165,,
3947,4490,,
3948,5950,,
3949,7105,,
3950,6421,,
3951,6780,,
3952,5640,,
3953,4200,,
3954,2620,,
3955,1345,,
3956,430.5,,
3957,26.5,,
3958,1.5,,
3959,0,,
3960,0,,
3961,0,,
3962,2,,
3963,0.5,,
3964,3.5,,
3965,213,,
3966,903.5,,
3967,1980,,
3968,2925,,
3969,4415,,
3970,5175,,
3971,5680,,
3972,5750,,
3973,5575,,
3974,5356.5,,
3975,4630,,
3976,4105,,
3977,3175,,
3978,2105,,
3979,1039,,
3980,297.5,,
3981,187,,
3982,1,,
3983,0,,
3984,0,,
3985,0,,
3986,2,,
3987,0.5,,
3988,2.5,,
3989,67,,
3990,417.5,,
3991,1038.5,,
3992,1411,,
3993,2780,,
3994,3390,,
3995,3685,,
3996,3945,,
3997,4025,,
3998,3227.5,,
3999,3765,,
4000,3550,,
4001,2955,,
4002,1950,,
4003,997,,
4004,319,,
4005,204,,
4006,1.5,,
4007,0,,
4008,0,,
4009,0,,
4010,1,,
4011,0.5,,
4012,4.5,,
4013,89,,
4014,432,,
4015,1123.5,,
4016,2005,,
4017,2970,,
4018,3700,,
4019,3890,,
4020,3665,,
4021,3275,,
4022,2406.5,,
4023,2190,,
4024,1665,,
4025,1160,,
4026,730.5,,
4027,366,,
4028,107.5,,
4029,122.75,,
4030,2.5,,
4031,0,,
4032,0,,
4033,0,,
4034,0.5,,
4035,0.5,,
4036,1.5,,
4037,88,,
4038,501.5,,
4039,1212,,
4040,2105,,
4041,3625,,
4042,5160,,
4043,6630,,
4044,7035,,
4045,6905,,
4046,6137,,
4047,4790,,
4048,3615,,
4049,2340,,
4050,1310,,
4051,557,,
4052,136.5,,
4053,11,,
4054,3,,
4055,0,,
4056,0,,
4057,0,,
4058,1,,
4059,0.5,,
4060,2,,
4061,110.5,,
4062,611,,
4063,1330,,
4064,1945.5,,
4065,3265,,
4066,1919,,
4067,4375,,
4068,4355,,
4069,4180,,
4070,3898,,
4071,3620,,
4072,3155,,
4073,2515,,
4074,1570,,
4075,820,,
4076,220.5,,
4077,233,,
4078,2,,
4079,0,,
4080,0,,
4081,0,,
4082,1,,
4083,0.5,,
4084,1.5,,
4085,77,,
4086,385,,
4087,941.5,,
4088,1958.5,,
4089,2660,,
4090,3315,,
4091,4190,,
4092,4490,,
4093,4775,,
4094,4613,,
4095,4340,,
4096,3925,,
4097,3150,,
4098,1930,,
4099,947,,
4100,282.5,,
4101,175.5,,
4102,2,,
4103,0,,
4104,0,,
4105,0,,
4106,1,,
4107,0.5,,
4108,3.5,,
4109,272.5,,
4110,1000.5,,
4111,2155,,
4112,3288.5,,
4113,5155,,
4114,6585,,
4115,7740,,
4116,8240,,
4117,8085,,
4118,7818,,
4119,7005,,
4120,5915,,
4121,4510,,
4122,3000,,
4123,1595,,
4124,534.5,,
4125,31,,
4126,3.5,,
4127,0,,
4128,0,,
4129,0,,
4130,1,,
4131,0.5,,
4132,4.5,,
4133,228.5,,
4134,992.5,,
4135,2190,,
4136,3597.5,,
4137,5445,,
4138,6875,,
4139,8105,,
4140,8795,,
4141,8985,,
4142,8575,,
4143,7685,,
4144,6300,,
4145,4645,,
4146,2970,,
4147,1535,,
4148,485.5,,
4149,329,,
4150,1,,
4151,0,,
4152,0,,
4153,0,,
4154,1.5,,
4155,0.5,,
4156,3,,
4157,209,,
4158,928.5,,
4159,2055,,
4160,3207,,
4161,4790,,
4162,6180,,
4163,7390,,
4164,7955,,
4165,7840,,
4166,7386.5,,
4167,6235,,
4168,4915,,
4169,3590,,
4170,2345,,
4171,1226.5,,
4172,353.5,,
4173,274,,
4174,1.5,,
4175,0,,
4176,0,,
4177,0,,
4178,1,,
4179,2,,
4180,3,,
4181,212,,
4182,934.5,,
4183,2060,,
4184,3197.5,,
4185,5110,,
4186,6620,,
4187,7890,,
4188,8610,,
4189,8755,,
4190,8219,,
4191,7465,,
4192,6120,,
4193,4535,,
4194,2885,,
4195,1495,,
4196,514,,
4197,326.5,,
4198,3.5,,
4199,0,,
4200,0,,
4201,0,,
4202,2,,
4203,1,,
4204,4,,
4205,227.5,,
4206,962,,
4207,2120,,
4208,3523,,
4209,5280,,
4210,6670,,
4211,7972.5,,
4212,8755,,
4213,8860,,
4214,8476,,
4215,7465,,
4216,6065,,
4217,4425,,
4218,2785,,
4219,1410,,
4220,406.5,,
4221,328.5,,
4222,4.5,,
4223,0,,
4224,0,,
4225,0,,
4226,3,,
4227,1,,
4228,2.5,,
4229,200.5,,
4230,917,,
4231,2055,,
4232,3429,,
4233,5210,,
4234,6755,,
4235,8035,,
4236,8655,,
4237,8750,,
4238,8383.5,,
4239,7370,,
4240,6005,,
4241,4410,,
4242,2790,,
4243,1390,,
4244,423.5,,
4245,23.5,,
4246,4,,
4247,0,,
4248,0,,
4249,0,,
4250,3.5,,
4251,1.5,,
4252,2.5,,
4253,132,,
4254,713,,
4255,1680,,
4256,3007,,
4257,4730,,
4258,6715,,
4259,8225,,
4260,8910,,
4261,8990,,
4262,8531,,
4263,7580,,
4264,6210,,
4265,4575,,
4266,2915,,
4267,1495,,
4268,486.5,,
4269,332,,
4270,3.5,,
4271,0,,
4272,0,,
4273,0,,
4274,1.5,,
4275,0.5,,
4276,2,,
4277,133,,
4278,659.5,,
4279,1570,,
4280,2802.5,,
4281,4460,,
4282,6440,,
4283,8000,,
4284,8685,,
4285,8730,,
4286,8228,,
4287,7050,,
4288,5780,,
4289,4250,,
4290,2735,,
4291,1380,,
4292,471,,
4293,317.5,,
4294,4,,
4295,0,,
4296,0,,
4297,0,,
4298,4,,
4299,1,,
4300,2,,
4301,158,,
4302,791.5,,
4303,1895,,
4304,3361.5,,
4305,5205,,
4306,6740,,
4307,8025,,
4308,8695,,
4309,8760,,
4310,8387,,
4311,7390,,
4312,5970,,
4313,4385,,
4314,2825,,
4315,1470,,
4316,459.5,,
4317,327.5,,
4318,3.5,,
4319,0,,
4320,0,,
4321,0,,
4322,2,,
4323,1,,
4324,2.5,,
4325,110,,
4326,624.5,,
4327,1610,,
4328,3190,,
4329,5125,,
4330,6800,,
4331,8190,,
4332,8870,,
4333,9010,,
4334,8499.5,,
4335,7630,,
4336,6205,,
4337,4525,,
4338,2875,,
4339,1470,,
4340,464,,
4341,397.5,,
4342,3.5,,
4343,0,,
4344,0,,
4345,0,,
4346,3,,
4347,3,,
4348,2.5,,
4349,185,,
4350,845,,
4351,1885,,
4352,3215,,
4353,4615,,
4354,5840,,
4355,6740,,
4356,7010,,
4357,6760,,
4358,6365,,
4359,5575,,
4360,4475,,
4361,3365,,
4362,2205,,
4363,1083,,
4364,342.5,,
4365,29,,
4366,4.5,,
4367,0,,
4368,0,,
4369,0,,
4370,4,,
4371,1.5,,
4372,2,,
4373,179.5,,
4374,845.5,,
4375,1940,,
4376,3169.5,,
4377,5040,,
4378,6550,,
4379,7795,,
4380,8560,,
4381,8695,,
4382,7966,,
4383,7280,,
4384,6015,,
4385,4470,,
4386,2975,,
4387,1470,,
4388,469.5,,
4389,326,,
4390,8.5,,
4391,0,,
4392,0,,
4393,0,,
4394,1,,
4395,0.5,,
4396,1.5,,
4397,172,,
4398,834.5,,
4399,1970,,
4400,3590,,
4401,5090,,
4402,6535,,
4403,7715,,
4404,8140,,
4405,8055,,
4406,7579,,
4407,6820,,
4408,5620,,
4409,4120,,
4410,2510,,
4411,1370,,
4412,446.5,,
4413,280,,
4414,5.5,,
4415,0,,
4416,0,,
4417,0,,
4418,2,,
4419,0,,
4420,2.5,,
4421,130,,
4422,710.5,,
4423,1645,,
4424,2397,,
4425,4185,,
4426,5400,,
4427,6325,,
4428,6710,,
4429,6550,,
4430,5719.5,,
4431,5165,,
4432,4205,,
4433,3375,,
4434,2245,,
4435,1153.5,,
4436,344.5,,
4437,22,,
4438,4.5,,
4439,0,,
4440,0,,
4441,0,,
4442,1,,
4443,1,,
4444,1.5,,
4445,122.5,,
4446,714.5,,
4447,1740,,
4448,2588,,
4449,4505,,
4450,5965,,
4451,6845,,
4452,7190,,
4453,7395,,
4454,6927,,
4455,6310,,
4456,5180,,
4457,3820,,
4458,2475,,
4459,1310,,
4460,388,,
4461,20,,
4462,1.5,,
4463,0,,
4464,0,,
4465,0,,
4466,1.5,,
4467,0.5,,
4468,1,,
4469,122.5,,
4470,699.5,,
4471,1685,,
4472,2836.5,,
4473,4745,,
4474,6345,,
4475,7595,,
4476,8265,,
4477,8215,,
4478,7684,,
4479,6510,,
4480,5345,,
4481,3885,,
4482,2505,,
4483,1295,,
4484,397.5,,
4485,24,,
4486,5,,
4487,0,,
4488,0,,
4489,0,,
4490,2,,
4491,0.5,,
4492,2.5,,
4493,126,,
4494,754,,
4495,1835,,
4496,3511.5,,
4497,4890,,
4498,6395,,
4499,7515,,
4500,7975,,
4501,7860,,
4502,7427.5,,
4503,6680,,
4504,5500,,
4505,4060,,
4506,2595,,
4507,1350,,
4508,417,,
4509,296,,
4510,6.5,,
4511,0,,
4512,0,,
4513,0,,
4514,1.5,,
4515,0.5,,
4516,1.5,,
4517,140,,
4518,789,,
4519,1875,,
4520,3181.5,,
4521,4815,,
4522,6235,,
4523,7100,,
4524,7375,,
4525,7490,,
4526,7290,,
4527,6620,,
4528,5555,,
4529,4070,,
4530,2535,,
4531,1265,,
4532,399.5,,
4533,292.5,,
4534,4.5,,
4535,0,,
4536,0,,
4537,0,,
4538,1.5,,
4539,1,,
4540,1,,
4541,94.5,,
4542,657.5,,
4543,1610,,
4544,2724.5,,
4545,4195,,
4546,5215,,
4547,5900,,
4548,6145,,
4549,5945,,
4550,6874,,
4551,5255,,
4552,4555,,
4553,3450,,
4554,2270,,
4555,1185.5,,
4556,352,,
4557,17.5,,
4558,2,,
4559,0,,
4560,0,,
4561,0,,
4562,0.5,,
4563,0.5,,
4564,0.5,,
4565,86.5,,
4566,562.5,,
4567,1475,,
4568,2266,,
4569,3735,,
4570,4875,,
4571,5990,,
4572,6785,,
4573,7150,,
4574,6658.5,,
4575,6515,,
4576,5365,,
4577,3950,,
4578,2430,,
4579,1192.5,,
4580,313.5,,
4581,231.5,,
4582,3,,
4583,0,,
4584,0,,
4585,0,,
4586,1,,
4587,1.5,,
4588,0.5,,
4589,72,,
4590,495,,
4591,1199.5,,
4592,1924.5,,
4593,3475,,
4594,4790,,
4595,5800,,
4596,6155,,
4597,6030,,
4598,5796.5,,
4599,4920,,
4600,4065,,
4601,2975,,
4602,1840,,
4603,906,,
4604,220,,
4605,9.5,,
4606,1,,
4607,0,,
4608,0,,
4609,0,,
4610,0.5,,
4611,0.5,,
4612,1,,
4613,39.5,,
4614,342.5,,
4615,883.5,,
4616,1503,,
4617,2390,,
4618,3445,,
4619,4840,,
4620,5580,,
4621,6035,,
4622,6057,,
4623,5105,,
4624,4155,,
4625,3070,,
4626,1965,,
4627,919,,
4628,251.5,,
4629,10,,
4630,3.5,,
4631,0,,
4632,0,,
4633,0,,
4634,1.5,,
4635,1,,
4636,1,,
4637,52,,
4638,399,,
4639,1025,,
4640,1681,,
4641,2950,,
4642,4240,,
4643,5460,,
4644,6005,,
4645,6185,,
4646,6235,,
4647,5115,,
4648,3980,,
4649,2915,,
4650,1875,,
4651,952,,
4652,287,,
4653,14,,
4654,2,,
4655,0,,
4656,0,,
4657,0,,
4658,3,,
4659,0,,
4660,1,,
4661,97.5,,
4662,733,,
4663,1850,,
4664,2572.75,,
4665,4840,,
4666,6180,,
4667,6975,,
4668,7400,,
4669,7545,,
4670,7316,,
4671,6395,,
4672,5325,,
4673,4020,,
4674,2570,,
4675,1315,,
4676,381,,
4677,254,,
4678,3.5,,
4679,0,,
4680,0,,
4681,0,,
4682,1,,
4683,0.5,,
4684,1,,
4685,103.5,,
4686,753.5,,
4687,1870,,
4688,3111,,
4689,4745,,
4690,6210,,
4691,7345,,
4692,8010,,
4693,8135,,
4694,7781.5,,
4695,6795,,
4696,5555,,
4697,4055,,
4698,2570,,
4699,1254.5,,
4700,316.5,,
4701,246,,
4702,3.5,,
4703,0,,
4704,0,,
4705,0,,
4706,0.5,,
4707,1,,
4708,0.5,,
4709,78,,
4710,566,,
4711,1395,,
4712,2338.5,,
4713,3495,,
4714,4410,,
4715,4990,,
4716,5530,,
4717,5620,,
4718,5353.5,,
4719,4445,,
4720,3755,,
4721,3040,,
4722,1935,,
4723,946,,
4724,257,,
4725,10.5,,
4726,4.5,,
4727,0,,
4728,0,,
4729,0,,
4730,1,,
4731,0,,
4732,1,,
4733,66,,
4734,611,,
4735,1480,,
4736,2427,,
4737,3870,,
4738,4505,,
4739,4510,,
4740,4300,,
4741,4305,,
4742,4730.5,,
4743,3940,,
4744,3375,,
4745,2675,,
4746,1840,,
4747,915.5,,
4748,241,,
4749,7,,
4750,2,,
4751,0,,
4752,0,,
4753,0,,
4754,1,,
4755,0.5,,
4756,1,,
4757,52.5,,
4758,476,,
4759,1360,,
4760,2415.5,,
4761,3625,,
4762,4515,,
4763,4680,,
4764,4660,,
4765,4680,,
4766,4941.5,,
4767,4195,,
4768,3300,,
4769,2455,,
4770,1635,,
4771,814,,
4772,216.5,,
4773,6.5,,
4774,0.5,,
4775,0,,
4776,0,,
4777,0,,
4778,1,,
4779,0,,
4780,1,,
4781,69,,
4782,596,,
4783,1450,,
4784,2531,,
4785,4180,,
4786,5600,,
4787,6505,,
4788,6950,,
4789,6880,,
4790,6404,,
4791,6287.5,,
4792,4885,,
4793,3575,,
4794,2260,,
4795,1139,,
4796,285.5,,
4797,8,,
4798,1.5,,
4799,0,,
4800,0,,
4801,0,,
4802,1.5,,
4803,0.5,,
4804,1.5,,
4805,56.5,,
4806,521,,
4807,1380,,
4808,2200.5,,
4809,3490,,
4810,4235,,
4811,5075,,
4812,5155,,
4813,4935,,
4814,4223.5,,
4815,3465,,
4816,2760,,
4817,1795,,
4818,1068,,
4819,527.5,,
4820,119.5,,
4821,4,,
4822,1.5,,
4823,0,,
4824,0,,
4825,0,,
4826,0.5,,
4827,0.5,,
4828,0,,
4829,27,,
4830,380.5,,
4831,1223.5,,
4832,2118,,
4833,3580,,
4834,4435,,
4835,5030,,
4836,5470,,
4837,5450,,
4838,5516.5,,
4839,4295,,
4840,3605,,
4841,2705,,
4842,1730,,
4843,875.5,,
4844,180,,
4845,175.5,,
4846,5.5,,
4847,0,,
4848,0,,
4849,0,,
4850,1,,
4851,0.5,,
4852,1,,
4853,34,,
4854,406,,
4855,1158,,
4856,2070,,
4857,3300,,
4858,4530,,
4859,5845,,
4860,6500,,
4861,6695,,
4862,6304.5,,
4863,5715,,
4864,4695,,
4865,3510,,
4866,2160,,
4867,1016.5,,
4868,231.5,,
4869,197.5,,
4870,2,,
4871,0,,
4872,0,,
4873,0,,
4874,0,,
4875,0.5,,
4876,0,,
4877,36.5,,
4878,455,,
4879,1245,,
4880,2417.5,,
4881,3535,,
4882,4785,,
4883,5810,,
4884,6125,,
4885,6130,,
4886,5543,,
4887,5220,,
4888,4350,,
4889,3310,,
4890,2225,,
4891,1042,,
4892,205,,
4893,4,,
4894,0.5,,
4895,0,,
4896,0,,
4897,0,,
4898,1,,
4899,0.5,,
4900,1,,
4901,42.5,,
4902,520.5,,
4903,1460,,
4904,2294,,
4905,3870,,
4906,4950,,
4907,5820,,
4908,6215,,
4909,6100,,
4910,5530,,
4911,5120,,
4912,4270,,
4913,3110,,
4914,2070,,
4915,1028,,
4916,245.5,,
4917,9,,
4918,4,,
4919,0,,
4920,0,,
4921,0,,
4922,0.5,,
4923,0,,
4924,0,,
4925,50,,
4926,591,,
4927,1585,,
4928,2722,,
4929,4350,,
4930,5474.5,,
4931,6630,,
4932,7515,,
4933,7835,,
4934,7244.5,,
4935,6800,,
4936,5635,,
4937,4115,,
4938,2530,,
4939,1194.5,,
4940,277.5,,
4941,8,,
4942,2.5,,
4943,0,,
4944,0,,
4945,0,,
4946,1,,
4947,0.5,,
4948,0.5,,
4949,30.5,,
4950,557,,
4951,1310,,
4952,2358,,
4953,4095,,
4954,4759.5,,
4955,6295,,
4956,6560,,
4957,6535,,
4958,6242.5,,
4959,5610,,
4960,4845,,
4961,3585,,
4962,2135,,
4963,950.5,,
4964,194.5,,
4965,6,,
4966,3,,
4967,0,,
4968,0,,
4969,0,,
4970,1,,
4971,0.5,,
4972,1.5,,
4973,20,,
4974,486.5,,
4975,1320,,
4976,2163.5,,
4977,3635,,
4978,4596,,
4979,6020,,
4980,6340,,
4981,6150,,
4982,5790.5,,
4983,4210,,
4984,2780,,
4985,2010,,
4986,1195,,
4987,473,,
4988,61.5,,
4989,5,,
4990,1.5,,
4991,0,,
4992,0,,
4993,0,,
4994,1.5,,
4995,0.5,,
4996,1.5,,
4997,4,,
4998,283,,
4999,1044.5,,
5000,1970.5,,
5001,3675,,
5002,4180,,
5003,5575,,
5004,6470,,
5005,6420,,
5006,4998,,
5007,4690,,
5008,3580,,
5009,2540,,
5010,1660,,
5011,728,,
5012,145.5,,
5013,100.5,,
5014,2.5,,
5015,0,,
5016,0,,
5017,0,,
5018,2,,
5019,1.5,,
5020,1.5,,
5021,6,,
5022,105,,
5023,295,,
5024,389.5,,
5025,675.5,,
5026,916.5,,
5027,1580,,
5028,2095,,
5029,2125,,
5030,1717.5,,
5031,2190,,
5032,1875,,
5033,1400,,
5034,1075,,
5035,573.5,,
5036,102.5,,
5037,56.5,,
5038,0.5,,
5039,0,,
5040,0,,
5041,0,,
5042,0,,
5043,0,,
5044,0,,
5045,13,,
5046,266,,
5047,756.5,,
5048,1281,,
5049,2330,,
5050,2816,,
5051,3780,,
5052,4255,,
5053,4430,,
5054,3855,,
5055,3535,,
5056,3025,,
5057,2255,,
5058,1535,,
5059,707.5,,
5060,136,,
5061,3,,
5062,1,,
5063,0,,
5064,0,,
5065,0,,
5066,1.5,,
5067,0,,
5068,0.5,,
5069,7,,
5070,291,,
5071,1246.5,,
5072,2347,,
5073,4410,,
5074,5077.5,,
5075,6330,,
5076,6655,,
5077,6735,,
5078,6207.5,,
5079,5526.5,,
5080,4644.5,,
5081,3597.5,,
5082,2521.5,,
5083,1493.5,,
5084,630.5,,
5085,136.5,,
5086,1,,
5087,0,,
5088,0,,
5089,0,,
5090,0,,
5091,0,,
5092,0,,
5093,64,,
5094,425,,
5095,1360,,
5096,2507.5,,
5097,4045,,
5098,4753.5,,
5099,5500,,
5100,5945,,
5101,5935,,
5102,5792,,
5103,4890,,
5104,4060,,
5105,3060,,
5106,1855,,
5107,799.5,,
5108,105,,
5109,4.5,,
5110,3.5,,
5111,0,,
5112,0,,
5113,0,,
5114,0.5,,
5115,1,,
5116,1,,
5117,13,,
5118,401.5,,
5119,1160,,
5120,1962,,
5121,3380,,
5122,4287.5,,
5123,5575,,
5124,6180,,
5125,6130,,
5126,5951,,
5127,5385,,
5128,4490,,
5129,3430,,
5130,2100,,
5131,863,,
5132,104,,
5133,131.5,,
5134,2.5,,
5135,0,,
5136,0,,
5137,0,,
5138,0,,
5139,0.5,,
5140,1,,
5141,12,,
5142,304,,
5143,1133.5,,
5144,2038,,
5145,3195,,
5146,4231,,
5147,5350,,
5148,5485,,
5149,5495,,
5150,5301.5,,
5151,4520,,
5152,3495,,
5153,2345,,
5154,1470,,
5155,691,,
5156,130,,
5157,4.5,,
5158,3,,
5159,0,,
5160,0,,
5161,0,,
5162,1,,
5163,0.5,,
5164,1,,
5165,14.5,,
5166,315.5,,
5167,1168.5,,
5168,2082,,
5169,3565,,
5170,4811.5,,
5171,6410,,
5172,7060,,
5173,7095,,
5174,7091.5,,
5175,6380,,
5176,5295,,
5177,3875,,
5178,2390,,
5179,1031.5,,
5180,139.5,,
5181,137.5,,
5182,2,,
5183,0,,
5184,0,,
5185,0,,
5186,2.5,,
5187,1,,
5188,1.5,,
5189,10,,
5190,350,,
5191,1410,,
5192,2561,,
5193,4480,,
5194,5706,,
5195,7380,,
5196,8020,,
5197,7955,,
5198,7538.5,,
5199,6685,,
5200,5370,,
5201,3845,,
5202,2320,,
5203,934,,
5204,105.5,,
5205,126.5,,
5206,2,,
5207,0,,
5208,0,,
5209,0,,
5210,1,,
5211,1,,
5212,1,,
5213,8,,
5214,290,,
5215,1104,,
5216,2365.5,,
5217,3390,,
5218,4607.5,,
5219,6070,,
5220,6970,,
5221,7325,,
5222,7181.5,,
5223,6220,,
5224,4935,,
5225,3525,,
5226,2198.5,,
5227,766,,
5228,93,,
5229,7.5,,
5230,1,,
5231,0,,
5232,0,,
5233,0,,
5234,0,,
5235,0.5,,
5236,1,,
5237,3.5,,
5238,78,,
5239,1217,,
5240,2189.5,,
5241,3710,,
5242,4455,,
5243,5775,,
5244,6230,,
5245,6020,,
5246,5605,,
5247,4815,,
5248,4025,,
5249,2700,,
5250,1590,,
5251,571,,
5252,67.5,,
5253,3.5,,
5254,1.5,,
5255,0,,
5256,0,,
5257,0,,
5258,0,,
5259,0,,
5260,0,,
5261,3,,
5262,347,,
5263,1175.5,,
5264,2349,,
5265,3680,,
5266,4780,,
5267,5310,,
5268,4833,,
5269,5080,,
5270,4984,,
5271,4660,,
5272,3900,,
5273,2940,,
5274,1730.75,,
5275,640.5,,
5276,78.5,,
5277,76,,
5278,2,,
5279,0,,
5280,0,,
5281,0,,
5282,1,,
5283,0,,
5284,0,,
5285,1,,
5286,158.5,,
5287,609,,
5288,1340.5,,
5289,2224.25,,
5290,2758.5,,
5291,3785,,
5292,4100,,
5293,4255,,
5294,3902,,
5295,4030,,
5296,3345,,
5297,2620,,
5298,1620,,
5299,736,,
5300,95.5,,
5301,76.5,,
5302,0.5,,
5303,0,,
5304,0,,
5305,0,,
5306,1,,
5307,0.5,,
5308,1,,
5309,4,,
5310,318.5,,
5311,1207.5,,
5312,1856,,
5313,3030,,
5314,2963,,
5315,3400,,
5316,3835,,
5317,4420,,
5318,3916,,
5319,4755,,
5320,4240,,
5321,3245,,
5322,2020,,
5323,839,,
5324,82,,
5325,87.5,,
5326,2,,
5327,0,,
5328,0,,
5329,0,,
5330,1,,
5331,0,,
5332,0.5,,
5333,5,,
5334,339.5,,
5335,1455,,
5336,2840,,
5337,4155,,
5338,4710,,
5339,5725,,
5340,5730,,
5341,5155,,
5342,4235,,
5343,3140,,
5344,2045,,
5345,1205,,
5346,584.5,,
5347,175.5,,
5348,10.5,,
5349,1.5,,
5350,0.5,,
5351,0,,
5352,0,,
5353,0,,
5354,1,,
5355,0.5,,
5356,1,,
5357,1.5,,
5358,56,,
5359,385.5,,
5360,940,,
5361,1490,,
5362,2025,,
5363,2295,,
5364,2570,,
5365,2480,,
5366,2485,,
5367,2335,,
5368,1970,,
5369,1390,,
5370,739,,
5371,287,,
5372,23,,
5373,0.5,,
5374,0,,
5375,0,,
5376,0,,
5377,0,,
5378,0,,
5379,0,,
5380,0.5,,
5381,0.5,,
5382,90.5,,
5383,623.5,,
5384,1136.5,,
5385,2360,,
5386,2622,,
5387,3810,,
5388,4250,,
5389,4325,,
5390,4363,,
5391,4035,,
5392,3295,,
5393,2405,,
5394,1360,,
5395,508.5,,
5396,32,,
5397,57.5,,
5398,0.5,,
5399,0,,
5400,0,,
5401,0,,
5402,0,,
5403,0.5,,
5404,0.5,,
5405,1.5,,
5406,152,,
5407,720.5,,
5408,1608.5,,
5409,2575,,
5410,3369.5,,
5411,3805,,
5412,3685,,
5413,3665,,
5414,3569,,
5415,3235,,
5416,2800,,
5417,2065,,
5418,1150,,
5419,354.5,,
5420,14.5,,
5421,42.5,,
5422,1.5,,
5423,0,,
5424,0,,
5425,0,,
5426,1,,
5427,0,,
5428,0,,
5429,0,,
5430,87.5,,
5431,544,,
5432,1340,,
5433,2193.25,,
5434,2676.5,,
5435,3380,,
5436,3535,,
5437,3745,,
5438,3760,,
5439,3500,,
5440,2645,,
5441,1680,,
5442,796,,
5443,204,,
5444,7.5,,
5445,29.5,,
5446,1,,
5447,0,,
5448,0,,
5449,0,,
5450,0.5,,
5451,0,,
5452,0,,
5453,0.5,,
5454,47,,
5455,289.5,,
5456,719,,
5457,1360,,
5458,1941,,
5459,3650,,
5460,4550,,
5461,5210,,
5462,5095,,
5463,4805,,
5464,4080,,
5465,2950,,
5466,1820,,
5467,725.5,,
5468,32,,
5469,50,,
5470,1.5,,
5471,0,,
5472,0,,
5473,0,,
5474,1.5,,
5475,0.5,,
5476,1,,
5477,1.5,,
5478,321.5,,
5479,1285,,
5480,2350,,
5481,3585,,
5482,4115.5,,
5483,4800,,
5484,4870,,
5485,4565,,
5486,4070,,
5487,3225,,
5488,2645,,
5489,1755,,
5490,817,,
5491,242.5,,
5492,9,,
5493,22,,
5494,0,,
5495,0,,
5496,0,,
5497,0,,
5498,0.5,,
5499,0,,
5500,0.5,,
5501,1,,
5502,64,,
5503,384,,
5504,895.5,,
5505,1515,,
5506,2110,,
5507,2615,,
5508,3020,,
5509,3305,,
5510,3325,,
5511,3190,,
5512,2560,,
5513,1605,,
5514,778,,
5515,210.5,,
5516,7.5,,
5517,0,,
5518,0,,
5519,0,,
5520,0,,
5521,0,,
5522,0,,
5523,0,,
5524,0.5,,
5525,0.5,,
5526,40,,
5527,323,,
5528,821.5,,
5529,1380,,
5530,1760.5,,
5531,2750,,
5532,3360,,
5533,3785,,
5534,3980,,
5535,3650,,
5536,2895,,
5537,2025,,
5538,1097,,
5539,284,,
5540,5.5,,
5541,22,,
5542,0.5,,
5543,0,,
5544,0,,
5545,0,,
5546,0,,
5547,0,,
5548,0,,
5549,0,,
5550,54,,
5551,448,,
5552,1179,,
5553,2335,,
5554,2840.5,,
5555,3640,,
5556,3665,,
5557,3575,,
5558,3182.5,,
5559,2825,,
5560,2170,,
5561,1395,,
5562,717,,
5563,176,,
5564,5,,
5565,2,,
5566,0.5,,
5567,0,,
5568,0,,
5569,0,,
5570,0,,
5571,0.5,,
5572,0,,
5573,0.5,,
5574,139.5,,
5575,493.5,,
5576,1261,,
5577,2245,,
5578,3055,,
5579,3855,,
5580,4655,,
5581,5195,,
5582,5103.5,,
5583,5120,,
5584,4300,,
5585,3090,,
5586,1650,,
5587,419,,
5588,7,,
5589,2,,
5590,0.5,,
5591,0,,
5592,0,,
5593,0,,
5594,1,,
5595,0,,
5596,1,,
5597,0.5,,
5598,73,,
5599,499,,
5600,1200,,
5601,1925,,
5602,2762,,
5603,3180,,
5604,3210,,
5605,3335,,
5606,3832.5,,
5607,2885,,
5608,2150,,
5609,1490,,
5610,736.5,,
5611,171,,
5612,2.5,,
5613,2,,
5614,0.5,,
5615,0,,
5616,0,,
5617,0,,
5618,0,,
5619,0,,
5620,0,,
5621,0,,
5622,42,,
5623,471,,
5624,1125,,
5625,2195,,
5626,2779,,
5627,3890,,
5628,4470,,
5629,4475,,
5630,4011.5,,
5631,3430,,
5632,2690,,
5633,1860,,
5634,1149,,
5635,361,,
5636,8,,
5637,16.5,,
5638,0.5,,
5639,0,,
5640,0,,
5641,0,,
5642,1,,
5643,0,,
5644,1,,
5645,0.5,,
5646,167.5,,
5647,1090.5,,
5648,2073,,
5649,3890,,
5650,4276.5,,
5651,5345,,
5652,5440,,
5653,5110,,
5654,4094.5,,
5655,3445,,
5656,2140,,
5657,1245,,
5658,711.5,,
5659,192,,
5660,6.5,,
5661,9.5,,
5662,2,,
5663,0,,
5664,0,,
5665,0,,
5666,0,,
5667,0,,
5668,0,,
5669,0,,
5670,145.5,,
5671,1135.5,,
5672,2690,,
5673,4245,,
5674,4806.5,,
5675,6000,,
5676,6185,,
5677,6300,,
5678,5905,,
5679,5400,,
5680,4400,,
5681,2975,,
5682,1515,,
5683,382,,
5684,5,,
5685,12.5,,
5686,1.5,,
5687,0,,
5688,0,,
5689,0,,
5690,0.5,,
5691,0.5,,
5692,1,,
5693,1,,
5694,41,,
5695,395,,
5696,832.5,,
5697,1045,,
5698,932.5,,
5699,1130,,
5700,1130,,
5701,1270,,
5702,1330,,
5703,1170,,
5704,969.5,,
5705,668.75,,
5706,348.5,,
5707,55.5,,
5708,2,,
5709,3.5,,
5710,0,,
5711,0,,
5712,0,,
5713,0,,
5714,0,,
5715,0,,
5716,0,,
5717,0.5,,
5718,50,,
5719,490.5,,
5720,1395,,
5721,2380,,
5722,3130,,
5723,3350,,
5724,3400,,
5725,3250,,
5726,2930,,
5727,2560,,
5728,2020,,
5729,1235,,
5730,532.5,,
5731,88,,
5732,3,,
5733,5,,
5734,1,,
5735,0,,
5736,0,,
5737,0,,
5738,0.5,,
5739,0,,
5740,0,,
5741,0.5,,
5742,30.5,,
5743,382,,
5744,1029.5,,
5745,1860,,
5746,2622.5,,
5747,2835,,
5748,3170,,
5749,3500,,
5750,3961,,
5751,3320,,
5752,2660,,
5753,1645,,
5754,654,,
5755,105,,
5756,4,,
5757,4,,
5758,0.5,,
5759,0,,
5760,0,,
5761,0,,
5762,0,,
5763,0,,
5764,0,,
5765,0,,
5766,7.5,,
5767,227.5,,
5768,865,,
5769,1740,,
5770,2397,,
5771,3945,,
5772,4635,,
5773,4805,,
5774,4127,,
5775,4395,,
5776,3570,,
5777,2640,,
5778,1307.5,,
5779,228.5,,
5780,4,,
5781,4,,
5782,0.5,,
5783,0,,
5784,0,,
5785,0,,
5786,0,,
5787,0,,
5788,0,,
5789,0,,
5790,79.5,,
5791,836.5,,
5792,1677.5,,
5793,3295,,
5794,4374,,
5795,5710,,
5796,6030,,
5797,5915,,
5798,5223,,
5799,4480,,
5800,3360,,
5801,2075,,
5802,1043.5,,
5803,222,,
5804,9.5,,
5805,4,,
5806,2,,
5807,0,,
5808,0,,
5809,0,,
5810,0.5,,
5811,0,,
5812,0.5,,
5813,0,,
5814,67,,
5815,896,,
5816,1995.5,,
5817,4080,,
5818,5015,,
5819,6595,,
5820,6900,,
5821,6775,,
5822,6188.75,,
5823,5280,,
5824,4085,,
5825,2590,,
5826,1209,,
5827,199,,
5828,5.5,,
5829,3.5,,
5830,1.5,,
5831,0,,
5832,0,,
5833,0,,
5834,0,,
5835,0,,
5836,0.5,,
5837,0.5,,
5838,65,,
5839,779,,
5840,1925,,
5841,3195,,
5842,3971,,
5843,5605,,
5844,6175,,
5845,6300,,
5846,5487,,
5847,4925,,
5848,3715,,
5849,2285,,
5850,938.5,,
5851,118,,
5852,1,,
5853,1.5,,
5854,0,,
5855,0,,
5856,0,,
5857,0,,
5858,0,,
5859,0,,
5860,0,,
5861,0,,
5862,49,,
5863,659.5,,
5864,1805,,
5865,3165,,
5866,4445,,
5867,5580,,
5868,6245,,
5869,6575,,
5870,6090,,
5871,4950,,
5872,3610,,
5873,2085,,
5874,782.5,,
5875,81,,
5876,1,,
5877,1,,
5878,0,,
5879,0,,
5880,0,,
5881,0,,
5882,0,,
5883,0,,
5884,0,,
5885,0,,
5886,52,,
5887,591,,
5888,1455,,
5889,2540,,
5890,2991,,
5891,4470,,
5892,4775,,
5893,4615,,
5894,3937.5,,
5895,3655,,
5896,2670,,
5897,1590,,
5898,616,,
5899,75,,
5900,3,,
5901,0,,
5902,0,,
5903,0,,
5904,0,,
5905,0,,
5906,0,,
5907,0,,
5908,0,,
5909,0,,
5910,9,,
5911,266.5,,
5912,765,,
5913,1840,,
5914,2665,,
5915,3155,,
5916,3470,,
5917,3700,,
5918,3585,,
5919,3100,,
5920,2295,,
5921,1415,,
5922,627,,
5923,86,,
5924,2,,
5925,0.5,,
5926,0,,
5927,0,,
5928,0,,
5929,0,,
5930,0,,
5931,0,,
5932,0.5,,
5933,1,,
5934,17,,
5935,497,,
5936,1610,,
5937,3015,,
5938,4310,,
5939,4880,,
5940,5110,,
5941,4930,,
5942,4685,,
5943,4160,,
5944,3220,,
5945,2155,,
5946,972.5,,
5947,117.5,,
5948,2,,
5949,0.5,,
5950,0,,
5951,0,,
5952,0,,
5953,0,,
5954,0,,
5955,0,,
5956,0,,
5957,0,,
5958,28,,
5959,730.5,,
5960,1970,,
5961,3085,,
5962,3524,,
5963,4350,,
5964,4195,,
5965,3685,,
5966,3162,,
5967,2600,,
5968,1835,,
5969,1195,,
5970,512.5,,
5971,56.5,,
5972,3,,
5973,1,,
5974,0,,
5975,0,,
5976,0,,
5977,0,,
5978,0,,
5979,0,,
5980,0,,
5981,0,,
5982,37.5,,
5983,836.5,,
5984,2305,,
5985,3750,,
5986,4195,,
5987,5350,,
5988,5410,,
5989,5330,,
5990,4771.5,,
5991,4240,,
5992,3435,,
5993,2235,,
5994,856,,
5995,68,,
5996,4,,
5997,1,,
5998,0,,
5999,0,,
6000,0,,
6001,0,,
6002,0,,
6003,0,,
6004,0.5,,
6005,0.5,,
6006,11,,
6007,248,,
6008,840.5,,
6009,1495,,
6010,1681.5,,
6011,2395,,
6012,2635,,
6013,2800,,
6014,2740,,
6015,2275,,
6016,1620,,
6017,976,,
6018,348.5,,
6019,32,,
6020,2.5,,
6021,0,,
6022,0,,
6023,0,,
6024,0,,
6025,0,,
6026,0,,
6027,0,,
6028,0.5,,
6029,0,,
6030,7,,
6031,1614.5525,,
6032,1295,,
6033,2365,,
6034,2881,,
6035,4500,,
6036,5195,,
6037,5200,,
6038,4930,,
6039,4230,,
6040,3115,,
6041,1770,,
6042,608,,
6043,38,,
6044,1.5,,
6045,1,,
6046,0,,
6047,0,,
6048,0,,
6049,0,,
6050,0,,
6051,0,,
6052,0,,
6053,1,,
6054,5,,
6055,357,,
6056,1266.5,,
6057,2555,,
6058,2963.5,,
6059,4000,,
6060,4760,,
6061,4795,,
6062,3547,,
6063,3520,,
6064,2615,,
6065,1450,,
6066,456,,
6067,17,,
6068,2.5,,
6069,0,,
6070,0,,
6071,0,,
6072,0,,
6073,0,,
6074,0,,
6075,0,,
6076,0,,
6077,0,,
6078,6.5,,
6079,264.5,,
6080,956.5,,
6081,1785,,
6082,1867,,
6083,2790,,
6084,3025,,
6085,3005,,
6086,2368,,
6087,2615,,
6088,1890,,
6089,1040,,
6090,292.5,,
6091,8,,
6092,1,,
6093,1,,
6094,0,,
6095,0,,
6096,0,,
6097,0,,
6098,0,,
6099,0,,
6100,0,,
6101,0,,
6102,1.5,,
6103,233,,
6104,859,,
6105,1690,,
6106,2080.5,,
6107,3390,,
6108,3925,,
6109,4120,,
6110,3260,,
6111,3112.5,,
6112,2625,,
6113,1898.5,,
6114,1086,,
6115,396,,
6116,62,,
6117,0,,
6118,0,,
6119,0,,
6120,0,,
6121,0,,
6122,0,,
6123,0,,
6124,0,,
6125,0,,
6126,54.5,,
6127,618,,
6128,1664.5,,
6129,3760,,
6130,4497,,
6131,6090,,
6132,6235,,
6133,6080,,
6134,5256.5,,
6135,4305,,
6136,2950,,
6137,1590,,
6138,491.5,,
6139,17.5,,
6140,3.5,,
6141,1.5,,
6142,0,,
6143,0,,
6144,0,,
6145,0,,
6146,0,,
6147,0,,
6148,0,,
6149,0,,
6150,4,,
6151,286,,
6152,1060.5,,
6153,2085,,
6154,2553,,
6155,3685,,
6156,3690,,
6157,3445,,
6158,3308,,
6159,3350,,
6160,2475,,
6161,1580,,
6162,540,,
6163,17,,
6164,3,,
6165,0.5,,
6166,0,,
6167,0,,
6168,0,,
6169,0,,
6170,0,,
6171,0,,
6172,0,,
6173,0,,
6174,8,,
6175,498.5,,
6176,1705,,
6177,3090,,
6178,4300,,
6179,4850,,
6180,5155,,
6181,4755,,
6182,3952.5,,
6183,3210,,
6184,2240,,
6185,1166.5,,
6186,305,,
6187,7.5,,
6188,3.5,,
6189,0.5,,
6190,0,,
6191,0,,
6192,0,,
6193,0,,
6194,0,,
6195,0,,
6196,0,,
6197,0,,
6198,1,,
6199,188.5,,
6200,814,,
6201,1525,,
6202,2192.5,,
6203,3360,,
6204,4100,,
6205,3339,,
6206,3186,,
6207,2699,,
6208,1959,,
6209,1232,,
6210,616.5,,
6211,184,,
6212,17,,
6213,0,,
6214,0,,
6215,0,,
6216,0,,
6217,0,,
6218,0,,
6219,0,,
6220,0,,
6221,0,,
6222,17.5,,
6223,154.5,,
6224,747,,
6225,1673.75,,
6226,2730,,
6227,3845,,
6228,4405,,
6229,4440,,
6230,3912,,
6231,4135,,
6232,3370,,
6233,2080,,
6234,616.5,,
6235,9.5,,
6236,0.5,,
6237,0.5,,
6238,0,,
6239,0,,
6240,0,,
6241,0,,
6242,0,,
6243,0,,
6244,0.5,,
6245,0.5,,
6246,1,,
6247,79.5,,
6248,450,,
6249,1285,,
6250,2036.5,,
6251,3625,,
6252,4415,,
6253,3915,,
6254,3355,,
6255,2800,,
6256,2240,,
6257,1242.5,,
6258,272.5,,
6259,3.5,,
6260,1.5,,
6261,0.5,,
6262,0,,
6263,0,,
6264,0,,
6265,0,,
6266,0,,
6267,0,,
6268,0,,
6269,0,,
6270,1.5,,
6271,287.5,,
6272,980,,
6273,2240,,
6274,2649,,
6275,3625,,
6276,3775,,
6277,3795,,
6278,3695,,
6279,2840,,
6280,1930,,
6281,943.5,,
6282,212,,
6283,2.5,,
6284,1.5,,
6285,0.5,,
6286,0,,
6287,0,,
6288,0,,
6289,0,,
6290,0,,
6291,0,,
6292,0,,
6293,0,,
6294,0,,
6295,110,,
6296,487.5,,
6297,1185,,
6298,1184.5,,
6299,1845,,
6300,1605,,
6301,1530,,
6302,1444.5,,
6303,1340,,
6304,755.5,,
6305,328.5,,
6306,76.25,,
6307,0.5,,
6308,0,,
6309,0,,
6310,0,,
6311,0,,
6312,0,,
6313,0,,
6314,0,,
6315,0,,
6316,0,,
6317,0,,
6318,0,,
6319,374.5,,
6320,1770,,
6321,3335,,
6322,3696,,
6323,5000,,
6324,5050,,
6325,4770,,
6326,4198,,
6327,4030,,
6328,2985,,
6329,1675,,
6330,412.5,,
6331,5.5,,
6332,3,,
6333,1.5,,
6334,0,,
6335,0,,
6336,0,,
6337,0,,
6338,0,,
6339,0,,
6340,0,,
6341,0,,
6342,0,,
6343,96.5,,
6344,585.5,,
6345,857.5,,
6346,1300,,
6347,1460,,
6348,1760,,
6349,1800,,
6350,1442,,
6351,1395,,
6352,967.5,,
6353,478,,
6354,96.5,,
6355,2,,
6356,0.5,,
6357,0,,
6358,0,,
6359,0,,
6360,0,,
6361,0,,
6362,0,,
6363,0,,
6364,0,,
6365,0,,
6366,0,,
6367,39.5,,
6368,301.5,,
6369,891.5,,
6370,1426,,
6371,3445,,
6372,4670,,
6373,5155,,
6374,4704.5,,
6375,4660,,
6376,3415,,
6377,1930,,
6378,446,,
6379,7,,
6380,6,,
6381,2,,
6382,0,,
6383,0,,
6384,0,,
6385,0,,
6386,0,,
6387,0,,
6388,0,,
6389,0,,
6390,1,,
6391,474.5,,
6392,1561.5,,
6393,3880,,
6394,4556,,
6395,6455,,
6396,6685,,
6397,6190.5,,
6398,5659.5,,
6399,4815,,
6400,3535,,
6401,1985,,
6402,289.5,,
6403,5,,
6404,3.5,,
6405,1.5,,
6406,0,,
6407,0,,
6408,0,,
6409,0,,
6410,0,,
6411,0,,
6412,0.5,,
6413,0.5,,
6414,0.5,,
6415,413,,
6416,1980,,
6417,3790,,
6418,5300,,
6419,6375,,
6420,6820,,
6421,6795,,
6422,6295,,
6423,5085,,
6424,3530,,
6425,1750,,
6426,316.5,,
6427,6,,
6428,4.5,,
6429,3.5,,
6430,0,,
6431,0,,
6432,0,,
6433,0,,
6434,0,,
6435,0,,
6436,0,,
6437,0,,
6438,0,,
6439,361.5,,
6440,1568.5,,
6441,3095,,
6442,4665,,
6443,5715,,
6444,6275,,
6445,6275,,
6446,5730,,
6447,4665,,
6448,3215,,
6449,1680,,
6450,295.5,,
6451,12,,
6452,4.5,,
6453,2.5,,
6454,0,,
6455,0,,
6456,0,,
6457,0,,
6458,0,,
6459,0,,
6460,0,,
6461,0.5,,
6462,1,,
6463,281.5,,
6464,1560,,
6465,3170,,
6466,4980,,
6467,6385,,
6468,7020,,
6469,7050,,
6470,6460,,
6471,5240,,
6472,3515,,
6473,1690,,
6474,275.5,,
6475,6.5,,
6476,5,,
6477,3.5,,
6478,0,,
6479,0,,
6480,0,,
6481,0,,
6482,0,,
6483,0,,
6484,0,,
6485,1,,
6486,0.5,,
6487,176.5,,
6488,1224.5,,
6489,2740,,
6490,4455,,
6491,5690,,
6492,6075,,
6493,6100,,
6494,5740,,
6495,4875,,
6496,3475,,
6497,1760,,
6498,261.5,,
6499,5,,
6500,10,,
6501,4.5,,
6502,0,,
6503,0,,
6504,0,,
6505,0,,
6506,0,,
6507,0,,
6508,0,,
6509,0.5,,
6510,0,,
6511,272,,
6512,1655,,
6513,3360,,
6514,4950,,
6515,6180,,
6516,6675,,
6517,6645,,
6518,6190,,
6519,5105,,
6520,3525,,
6521,1615,,
6522,220,,
6523,5,,
6524,5,,
6525,4.5,,
6526,0,,
6527,0,,
6528,0,,
6529,0,,
6530,0,,
6531,0,,
6532,0,,
6533,0.5,,
6534,1,,
6535,180,,
6536,1040,,
6537,2020,,
6538,2965,,
6539,3270,,
6540,3300,,
6541,2825,,
6542,2420,,
6543,2000,,
6544,1595,,
6545,744.5,,
6546,88,,
6547,2,,
6548,1.5,,
6549,1.5,,
6550,0,,
6551,0,,
6552,0,,
6553,0,,
6554,0,,
6555,0,,
6556,0,,
6557,0,,
6558,0,,
6559,260.5,,
6560,1715,,
6561,3495,,
6562,4730,,
6563,5445,,
6564,5525,,
6565,4940,,
6566,4250,,
6567,3255,,
6568,2005,,
6569,877.5,,
6570,111,,
6571,4.5,,
6572,1.5,,
6573,1,,
6574,0,,
6575,0,,
6576,0,,
6577,0,,
6578,0,,
6579,0,,
6580,0,,
6581,0,,
6582,0,,
6583,53,,
6584,515.5,,
6585,1355,,
6586,2190,,
6587,2870,,
6588,3035,,
6589,3110,,
6590,3035,,
6591,2475,,
6592,1485,,
6593,600.5,,
6594,67,,
6595,3,,
6596,2,,
6597,1.5,,
6598,0,,
6599,0,,
6600,0,,
6601,0,,
6602,0,,
6603,0,,
6604,0,,
6605,0,,
6606,0,,
6607,97.5,,
6608,728,,
6609,1680,,
6610,2500,,
6611,2960,,
6612,3300,,
6613,3510,,
6614,3610,,
6615,3170,,
6616,2195,,
6617,973.5,,
6618,81,,
6619,3.5,,
6620,2,,
6621,2.5,,
6622,0,,
6623,0,,
6624,0,,
6625,0,,
6626,0,,
6627,0,,
6628,0,,
6629,0,,
6630,0,,
6631,35,,
6632,410.5,,
6633,1039.5,,
6634,1770,,
6635,2520,,
6636,3425,,
6637,4025,,
6638,3870,,
6639,3190,,
6640,2120,,
6641,848,,
6642,43.5,,
6643,4.5,,
6644,4.5,,
6645,2,,
6646,0,,
6647,0,,
6648,0,,
6649,0,,
6650,0,,
6651,0,,
6652,0,,
6653,0,,
6654,0,,
6655,57,,
6656,517,,
6657,1325,,
6658,2155,,
6659,3235,,
6660,4010,,
6661,4085,,
6662,3440,,
6663,2530,,
6664,1440,,
6665,452,,
6666,26.5,,
6667,2.5,,
6668,1,,
6669,1,,
6670,0,,
6671,0,,
6672,0,,
6673,0,,
6674,0,,
6675,0,,
6676,0.5,,
6677,0,,
6678,0,,
6679,12,,
6680,159.5,,
6681,459,,
6682,848,,
6683,1420,,
6684,1990,,
6685,2165,,
6686,2130,,
6687,1865,,
6688,1310,,
6689,643,,
6690,53.5,,
6691,1,,
6692,1,,
6693,0.5,,
6694,0,,
6695,0,,
6696,0,,
6697,0,,
6698,0,,
6699,0,,
6700,0,,
6701,0,,
6702,0,,
6703,164.5,,
6704,1235.5,,
6705,2555,,
6706,3795,,
6707,4640,,
6708,5145,,
6709,4780,,
6710,3830,,
6711,2665,,
6712,1480,,
6713,467,,
6714,19,,
6715,3,,
6716,2.5,,
6717,2.5,,
6718,0,,
6719,0,,
6720,0,,
6721,0,,
6722,0,,
6723,0,,
6724,0,,
6725,0,,
6726,0,,
6727,50,,
6728,522,,
6729,1400,,
6730,2335,,
6731,2810,,
6732,3040,,
6733,2580,,
6734,2155,,
6735,1715,,
6736,892,,
6737,233,,
6738,4,,
6739,1,,
6740,0.5,,
6741,0,,
6742,0,,
6743,0,,
6744,0,,
6745,0,,
6746,0,,
6747,0,,
6748,0,,
6749,0,,
6750,0,,
6751,92,,
6752,1154,,
6753,2890,,
6754,4580,,
6755,5905,,
6756,6580,,
6757,6490,,
6758,5860,,
6759,4595,,
6760,2920,,
6761,1125.5,,
6762,42,,
6763,3,,
6764,2.5,,
6765,3.5,,
6766,0,,
6767,0,,
6768,0,,
6769,0,,
6770,0,,
6771,0,,
6772,0,,
6773,0.5,,
6774,1,,
6775,67,,
6776,1112,,
6777,2870,,
6778,4520,,
6779,5875,,
6780,6540,,
6781,6500,,
6782,5820,,
6783,4490,,
6784,2680,,
6785,891.5,,
6786,25.5,,
6787,5.5,,
6788,3,,
6789,3,,
6790,0,,
6791,0,,
6792,0,,
6793,0,,
6794,0,,
6795,0,,
6796,0,,
6797,0,,
6798,1,,
6799,17,,
6800,503.5,,
6801,1435,,
6802,2410,,
6803,2775,,
6804,2635,,
6805,2485,,
6806,1920,,
6807,1360,,
6808,783,,
6809,273,,
6810,19,,
6811,0,,
6812,0,,
6813,0,,
6814,0,,
6815,0,,
6816,0,,
6817,0,,
6818,0,,
6819,0,,
6820,0,,
6821,0,,
6822,0,,
6823,8,,
6824,259.5,,
6825,714.5,,
6826,1028.5,,
6827,1335,,
6828,1550,,
6829,1725,,
6830,1720,,
6831,1185,,
6832,541,,
6833,95.5,,
6834,3.5,,
6835,1,,
6836,0,,
6837,0,,
6838,0,,
6839,0,,
6840,0,,
6841,0,,
6842,0,,
6843,0,,
6844,0,,
6845,0,,
6846,0,,
6847,13.5,,
6848,228,,
6849,626,,
6850,1285,,
6851,2350,,
6852,3255,,
6853,3425,,
6854,2890,,
6855,1945,,
6856,841,,
6857,178.5,,
6858,2.5,,
6859,1.5,,
6860,0.5,,
6861,0.5,,
6862,0,,
6863,0,,
6864,0,,
6865,0,,
6866,0,,
6867,0,,
6868,0,,
6869,0,,
6870,0,,
6871,3.5,,
6872,49.5,,
6873,175,,
6874,342.5,,
6875,651.5,,
6876,1023,,
6877,1240,,
6878,1570,,
6879,1630,,
6880,1113.5,,
6881,332,,
6882,4.5,,
6883,0.5,,
6884,0.5,,
6885,0,,
6886,0,,
6887,0,,
6888,0,,
6889,0,,
6890,0,,
6891,0,,
6892,0,,
6893,0,,
6894,0,,
6895,1,,
6896,106.5,,
6897,367,,
6898,765,,
6899,1470,,
6900,1815,,
6901,1740,,
6902,1495,,
6903,1150,,
6904,609,,
6905,170.5,,
6906,2.5,,
6907,0,,
6908,0.5,,
6909,0,,
6910,0,,
6911,0,,
6912,0,,
6913,0,,
6914,0,,
6915,0,,
6916,0,,
6917,0,,
6918,0,,
6919,2.5,,
6920,201,,
6921,887.5,,
6922,1684.5,,
6923,2835,,
6924,3010,,
6925,2510,,
6926,2035,,
6927,1645,,
6928,914,,
6929,269,,
6930,4.5,,
6931,2,,
6932,0.5,,
6933,1.5,,
6934,0,,
6935,0,,
6936,0,,
6937,0,,
6938,0,,
6939,0,,
6940,0,,
6941,0,,
6942,0,,
6943,10,,
6944,273.5,,
6945,936,,
6946,1890,,
6947,2475,,
6948,2680,,
6949,2575,,
6950,2262.5,,
6951,1640,,
6952,982.5,,
6953,225.5,,
6954,5,,
6955,1,,
6956,1,,
6957,0.5,,
6958,0,,
6959,0,,
6960,0,,
6961,0,,
6962,0,,
6963,0,,
6964,0,,
6965,0,,
6966,0,,
6967,17,,
6968,721.5,,
6969,2035,,
6970,3480,,
6971,4740,,
6972,5350,,
6973,5190,,
6974,4275,,
6975,3165,,
6976,1890,,
6977,492.5,,
6978,6,,
6979,3,,
6980,3,,
6981,1.5,,
6982,0,,
6983,0,,
6984,0,,
6985,0,,
6986,0,,
6987,0,,
6988,0,,
6989,0,,
6990,1,,
6991,14,,
6992,619.5,,
6993,2015,,
6994,3470,,
6995,4600,,
6996,5500,,
6997,5395,,
6998,4420,,
6999,3355,,
7000,1870,,
7001,361,,
7002,8.5,,
7003,4.5,,
7004,3,,
7005,1.5,,
7006,0,,
7007,0,,
7008,0,,
7009,0,,
7010,0,,
7011,0,,
7012,0,,
7013,0,,
7014,0.5,,
7015,59.5,,
7016,825.5,,
7017,2345.5,,
7018,1720,,
7019,4235,,
7020,5060,,
7021,5295,,
7022,4545,,
7023,3295,,
7024,1775,,
7025,394,,
7026,6.5,,
7027,4,,
7028,2.5,,
7029,1,,
7030,0,,
7031,0,,
7032,0,,
7033,0,,
7034,0,,
7035,0,,
7036,0,,
7037,0.5,,
7038,0.5,,
7039,7.5,,
7040,577,,
7041,1995,,
7042,3340,,
7043,4480,,
7044,4950,,
7045,4765,,
7046,4155,,
7047,2900,,
7048,1435,,
7049,235,,
7050,8,,
7051,2.5,,
7052,2.5,,
7053,1,,
7054,0,,
7055,0,,
7056,0,,
7057,0,,
7058,0,,
7059,0,,
7060,0,,
7061,0,,
7062,0.5,,
7063,95,,
7064,970.5,,
7065,2517,,
7066,4203.5,,
7067,5557,,
7068,6008.5,,
7069,5694,,
7070,4659,,
7071,3065.5,,
7072,1536,,
7073,448,,
7074,33,,
7075,1.5,,
7076,2,,
7077,1,,
7078,0,,
7079,0,,
7080,0,,
7081,0,,
7082,0,,
7083,0,,
7084,0,,
7085,0,,
7086,0.5,,
7087,34,,
7088,553,,
7089,1136,,
7090,2300,,
7091,3335,,
7092,3865,,
7093,3710,,
7094,2995,,
7095,2090,,
7096,933.5,,
7097,120,,
7098,7.5,,
7099,2,,
7100,1,,
7101,0.5,,
7102,0,,
7103,0,,
7104,0,,
7105,0,,
7106,0,,
7107,0,,
7108,0,,
7109,0,,
7110,0,,
7111,3,,
7112,346,,
7113,1405,,
7114,2820,,
7115,4190,,
7116,4675,,
7117,4490,,
7118,3800,,
7119,2765,,
7120,1560,,
7121,282,,
7122,5.5,,
7123,3.5,,
7124,1.5,,
7125,0.5,,
7126,0,,
7127,0,,
7128,0,,
7129,0,,
7130,0,,
7131,0,,
7132,0,,
7133,0,,
7134,0,,
7135,3,,
7136,394.5,,
7137,1580,,
7138,2760,,
7139,3540,,
7140,3805,,
7141,3420,,
7142,2455,,
7143,1490,,
7144,531.5,,
7145,58,,
7146,2.5,,
7147,1.5,,
7148,2,,
7149,0.5,,
7150,0,,
7151,0,,
7152,0,,
7153,0,,
7154,0,,
7155,0,,
7156,0,,
7157,0,,
7158,0,,
7159,0,,
7160,198.5,,
7161,1230.5,,
7162,2515,,
7163,3270,,
7164,3910,,
7165,3930,,
7166,3695,,
7167,2655,,
7168,1410,,
7169,199,,
7170,5.5,,
7171,1,,
7172,1.5,,
7173,0,,
7174,0,,
7175,0,,
7176,0,,
7177,0,,
7178,0,,
7179,0,,
7180,0,,
7181,0,,
7182,0,,
7183,1,,
7184,454,,
7185,1840,,
7186,3120,,
7187,3755,,
7188,3455,,
7189,2985,,
7190,2385,,
7191,1730,,
7192,841.5,,
7193,105.5,,
7194,5,,
7195,2,,
7196,0.5,,
7197,1,,
7198,0,,
7199,0,,
7200,0,,
7201,0,,
7202,0,,
7203,0,,
7204,0,,
7205,0,,
7206,0,,
7207,0,,
7208,243.5,,
7209,1400,,
7210,2875,,
7211,3995,,
7212,4515,,
7213,4475,,
7214,3755,,
7215,2860,,
7216,1470,,
7217,207.5,,
7218,2.5,,
7219,2,,
7220,1,,
7221,0,,
7222,0,,
7223,0,,
7224,0,,
7225,0,,
7226,0,,
7227,0,,
7228,0,,
7229,0,,
7230,0,,
7231,384,,
7232,2000,,
7233,3695,,
7234,4960,,
7235,5550,,
7236,5300,,
7237,4435,,
7238,3170,,
7239,1570,,
7240,198,,
7241,4.5,,
7242,3,,
7243,2,,
7244,1.5,,
7245,0.5,,
7246,0,,
7247,0,,
7248,0,,
7249,0,,
7250,0,,
7251,0,,
7252,0,,
7253,0,,
7254,0.5,,
7255,74,,
7256,600.5,,
7257,1271,,
7258,1868.5,,
7259,2373,,
7260,2607.5,,
7261,2416.5,,
7262,1775,,
7263,961,,
7264,130.5,,
7265,1.5,,
7266,2,,
7267,0.5,,
7268,0,,
7269,0,,
7270,0,,
7271,0,,
7272,0,,
7273,0,,
7274,0,,
7275,0,,
7276,0,,
7277,0,,
7278,0.5,,
7279,301,,
7280,1570,,
7281,2766.5,,
7282,3915,,
7283,4150,,
7284,3405,,
7285,2690,,
7286,1785,,
7287,699.5,,
7288,44.5,,
7289,0.5,,
7290,0,,
7291,0,,
7292,0,,
7293,0,,
7294,0,,
7295,0,,
7296,0,,
7297,0,,
7298,0,,
7299,0,,
7300,0,,
7301,0,,
7302,0,,
7303,24.5,,
7304,334.5,,
7305,1177,,
7306,2105,,
7307,2535,,
7308,2715,,
7309,2395,,
7310,1880,,
7311,990.5,,
7312,88,,
7313,1.5,,
7314,1,,
7315,0.5,,
7316,0,,
7317,0,,
7318,0,,
7319,0,,
7320,0,,
7321,0,,
7322,0,,
7323,0,,
7324,0,,
7325,9,,
7326,0.5,,
7327,374.5,,
7328,2095,,
7329,3815,,
7330,4980,,
7331,5555,,
7332,5445,,
7333,4580,,
7334,3060,,
7335,1071,,
7336,56.5,,
7337,4.5,,
7338,4,,
7339,2,,
7340,0,,
7341,0,,
7342,0,,
7343,0,,
7344,0,,
7345,0,,
7346,0,,
7347,0,,
7348,0,,
7349,0,,
7350,0,,
7351,105.5,,
7352,731.5,,
7353,1535,,
7354,2070,,
7355,2265,,
7356,2180,,
7357,1810,,
7358,1161.5,,
7359,445,,
7360,16.5,,
7361,4.5,,
7362,1.5,,
7363,0,,
7364,0,,
7365,0,,
7366,0,,
7367,0,,
7368,0,,
7369,0,,
7370,0,,
7371,0,,
7372,0,,
7373,0,,
7374,0,,
7375,61,,
7376,477,,
7377,949.5,,
7378,1430,,
7379,1495,,
7380,1380,,
7381,1160,,
7382,741,,
7383,283,,
7384,8,,
7385,0.5,,
7386,1,,
7387,0,,
7388,0,,
7389,0,,
7390,0,,
7391,0,,
7392,0,,
7393,0,,
7394,0,,
7395,0,,
7396,0,,
7397,0,,
7398,0,,
7399,73,,
7400,515,,
7401,1066,,
7402,1640,,
7403,2075,,
7404,2085,,
7405,1730,,
7406,1130,,
7407,306,,
7408,13,,
7409,0.5,,
7410,0.5,,
7411,0,,
7412,0,,
7413,0,,
7414,0,,
7415,0,,
7416,0,,
7417,0,,
7418,0,,
7419,0,,
7420,0,,
7421,0,,
7422,0,,
7423,52,,
7424,436,,
7425,865,,
7426,1230,,
7427,1565,,
7428,1595,,
7429,1490,,
7430,978,,
7431,336.5,,
7432,8.5,,
7433,0.5,,
7434,0,,
7435,0,,
7436,0,,
7437,0,,
7438,0,,
7439,0,,
7440,0,,
7441,0,,
7442,0,,
7443,0,,
7444,0,,
7445,0,,
7446,0,,
7447,10.5,,
7448,221.5,,
7449,754.5,,
7450,1155,,
7451,1505,,
7452,1645,,
7453,1245,,
7454,796,,
7455,316.5,,
7456,15.5,,
7457,1,,
7458,1,,
7459,0.5,,
7460,0,,
7461,0,,
7462,0,,
7463,0,,
7464,0,,
7465,0,,
7466,0,,
7467,0,,
7468,0,,
7469,0,,
7470,0,,
7471,116.5,,
7472,897.5,,
7473,1880,,
7474,2555,,
7475,2745,,
7476,2580,,
7477,1980,,
7478,1245,,
7479,409.5,,
7480,7.5,,
7481,2.5,,
7482,1,,
7483,0.5,,
7484,0,,
7485,0,,
7486,0,,
7487,0,,
7488,0,,
7489,0,,
7490,0,,
7491,0,,
7492,0,,
7493,0,,
7494,0,,
7495,39,,
7496,393,,
7497,863.5,,
7498,1185,,
7499,1315,,
7500,1520,,
7501,1270,,
7502,604,,
7503,118,,
7504,1,,
7505,0,,
7506,0,,
7507,0,,
7508,0,,
7509,0,,
7510,0,,
7511,0,,
7512,0,,
7513,0,,
7514,0,,
7515,0,,
7516,0,,
7517,0,,
7518,0,,
7519,85,,
7520,904.5,,
7521,1880,,
7522,2410,,
7523,2505,,
7524,2225,,
7525,1885,,
7526,1079.5,,
7527,306,,
7528,12.5,,
7529,2,,
7530,1,,
7531,0.5,,
7532,0,,
7533,0,,
7534,0,,
7535,0,,
7536,0,,
7537,0,,
7538,0,,
7539,0,,
7540,0,,
7541,0,,
7542,0,,
7543,33,,
7544,608.5,,
7545,1710,,
7546,2790,,
7547,3710,,
7548,3725,,
7549,3065,,
7550,2145,,
7551,743,,
7552,14.5,,
7553,1.5,,
7554,0.5,,
7555,0,,
7556,0,,
7557,0,,
7558,0,,
7559,0,,
7560,0,,
7561,0,,
7562,0,,
7563,0,,
7564,0,,
7565,0,,
7566,0,,
7567,23.5,,
7568,756,,
7569,2005,,
7570,3155,,
7571,3685,,
7572,3220,,
7573,2585,,
7574,1595,,
7575,470,,
7576,7.5,,
7577,1,,
7578,0.5,,
7579,0.5,,
7580,0,,
7581,0,,
7582,0,,
7583,0,,
7584,0,,
7585,0,,
7586,0,,
7587,0,,
7588,0,,
7589,0,,
7590,0,,
7591,72.5,,
7592,1138.5,,
7593,2665,,
7594,3815,,
7595,4255,,
7596,3820,,
7597,3030,,
7598,1860,,
7599,455,,
7600,8.5,,
7601,4,,
7602,1,,
7603,0,,
7604,0,,
7605,0,,
7606,0,,
7607,0,,
7608,0,,
7609,0,,
7610,0,,
7611,0,,
7612,0,,
7613,0,,
7614,0,,
7615,24,,
7616,477,,
7617,1415,,
7618,2225,,
7619,2825,,
7620,3055,,
7621,2600,,
7622,1650,,
7623,574.5,,
7624,13.5,,
7625,1.5,,
7626,1,,
7627,0,,
7628,0,,
7629,0,,
7630,0,,
7631,0,,
7632,0,,
7633,0,,
7634,0,,
7635,0,,
7636,0,,
7637,0,,
7638,0,,
7639,17,,
7640,572,,
7641,1495,,
7642,2125,,
7643,2255,,
7644,2090,,
7645,1575,,
7646,911,,
7647,250.25,,
7648,1.5,,
7649,0,,
7650,0,,
7651,0,,
7652,0,,
7653,0,,
7654,0,,
7655,0,,
7656,0,,
7657,0,,
7658,0,,
7659,0,,
7660,0,,
7661,0,,
7662,0,,
7663,1,,
7664,78.5,,
7665,307.5,,
7666,523.5,,
7667,636.5,,
7668,592.5,,
7669,430.5,,
7670,200.5,,
7671,28,,
7672,0,,
7673,0,,
7674,0,,
7675,0,,
7676,0,,
7677,0,,
7678,0,,
7679,0,,
7680,0,,
7681,0,,
7682,0,,
7683,0,,
7684,0,,
7685,0,,
7686,0,,
7687,9,,
7688,318.5,,
7689,1239.5,,
7690,2570,,
7691,3705,,
7692,3970,,
7693,3395,,
7694,2175,,
7695,620,,
7696,7.5,,
7697,4,,
7698,3.5,,
7699,1,,
7700,0,,
7701,0,,
7702,0,,
7703,0,,
7704,0,,
7705,0,,
7706,0,,
7707,0,,
7708,0,,
7709,0,,
7710,0,,
7711,31.5,,
7712,769.5,,
7713,2250,,
7714,3600,,
7715,4365,,
7716,4465,,
7717,3770,,
7718,2415,,
7719,697,,
7720,9,,
7721,3,,
7722,1.5,,
7723,0,,
7724,0,,
7725,0,,
7726,0,,
7727,0,,
7728,0,,
7729,0,,
7730,0,,
7731,0,,
7732,0,,
7733,0,,
7734,0,,
7735,1.5,,
7736,151,,
7737,699.5,,
7738,1485,,
7739,1830,,
7740,1730,,
7741,1660,,
7742,1060.5,,
7743,249.5,,
7744,3.5,,
7745,0,,
7746,0,,
7747,0,,
7748,0,,
7749,0,,
7750,0,,
7751,0,,
7752,0,,
7753,0,,
7754,0,,
7755,0,,
7756,0,,
7757,0,,
7758,0,,
7759,1,,
7760,117.5,,
7761,523,,
7762,986.5,,
7763,1355,,
7764,957,,
7765,636.5,,
7766,299,,
7767,48.5,,
7768,1,,
7769,0,,
7770,0,,
7771,0,,
7772,0,,
7773,0,,
7774,0,,
7775,0,,
7776,0,,
7777,0,,
7778,0,,
7779,0,,
7780,0,,
7781,0,,
7782,0,,
7783,3.5,,
7784,169,,
7785,725,,
7786,1505,,
7787,1920,,
7788,1955,,
7789,1575,,
7790,989.5,,
7791,235.5,,
7792,1,,
7793,0,,
7794,0,,
7795,0,,
7796,0,,
7797,0,,
7798,0,,
7799,0,,
7800,0,,
7801,0,,
7802,0,,
7803,0,,
7804,0,,
7805,0,,
7806,0,,
7807,4.5,,
7808,360.5,,
7809,1193.5,,
7810,1760,,
7811,1805,,
7812,1595,,
7813,1215,,
7814,641,,
7815,138.5,,
7816,0.5,,
7817,0,,
7818,0,,
7819,0,,
7820,0,,
7821,0,,
7822,0,,
7823,0,,
7824,0,,
7825,0,,
7826,0,,
7827,0,,
7828,0,,
7829,0,,
7830,0,,
7831,0,,
7832,71,,
7833,313,,
7834,575.5,,
7835,811,,
7836,921,,
7837,714.5,,
7838,323,,
7839,58,,
7840,0.5,,
7841,1,,
7842,0.5,,
7843,0,,
7844,0,,
7845,0,,
7846,0,,
7847,0,,
7848,0,,
7849,0,,
7850,0,,
7851,0,,
7852,0,,
7853,0,,
7854,0,,
7855,0,,
7856,54,,
7857,262.5,,
7858,558.5,,
7859,807.5,,
7860,893.5,,
7861,658,,
7862,336,,
7863,45,,
7864,0.5,,
7865,0,,
7866,0,,
7867,0,,
7868,0,,
7869,0,,
7870,0,,
7871,0,,
7872,0,,
7873,0,,
7874,0,,
7875,0,,
7876,0,,
7877,0,,
7878,0,,
7879,0.5,,
7880,127,,
7881,652,,
7882,1215,,
7883,1460,,
7884,1325,,
7885,922,,
7886,489.5,,
7887,105.5,,
7888,1,,
7889,0.5,,
7890,0,,
7891,0,,
7892,0,,
7893,0,,
7894,0,,
7895,0,,
7896,0,,
7897,0,,
7898,0,,
7899,0,,
7900,0,,
7901,0,,
7902,0,,
7903,0.5,,
7904,221.5,,
7905,1037,,
7906,1835,,
7907,2185,,
7908,2015,,
7909,1535,,
7910,861.5,,
7911,200.5,,
7912,1,,
7913,0,,
7914,0,,
7915,0,,
7916,0,,
7917,0,,
7918,0,,
7919,0,,
7920,0,,
7921,0,,
7922,0,,
7923,0,,
7924,0,,
7925,0,,
7926,0,,
7927,1,,
7928,93.5,,
7929,380,,
7930,603,,
7931,642,,
7932,508.5,,
7933,324.5,,
7934,138,,
7935,32.5,,
7936,0.5,,
7937,0,,
7938,0.5,,
7939,0,,
7940,0,,
7941,0,,
7942,0,,
7943,0,,
7944,0,,
7945,0,,
7946,0,,
7947,0,,
7948,0,,
7949,0,,
7950,0,,
7951,0,,
7952,12.5,,
7953,101,,
7954,256.5,,
7955,414.5,,
7956,447,,
7957,350,,
7958,193.5,,
7959,52.5,,
7960,0,,
7961,0,,
7962,0,,
7963,0,,
7964,0,,
7965,0,,
7966,0,,
7967,0,,
7968,0,,
7969,0,,
7970,0,,
7971,0,,
7972,0,,
7973,0,,
7974,0,,
7975,0,,
7976,24.5,,
7977,189.5,,
7978,658.5,,
7979,1008,,
7980,1435,,
7981,1330,,
7982,735,,
7983,132.5,,
7984,0.5,,
7985,0.5,,
7986,0.5,,
7987,0,,
7988,0,,
7989,0,,
7990,0,,
7991,0,,
7992,0,,
7993,0,,
7994,0,,
7995,0,,
7996,0,,
7997,0,,
7998,0,,
7999,0.5,,
8000,409.5,,
8001,1750,,
8002,2990,,
8003,3500,,
8004,3230,,
8005,2290,,
8006,1161,,
8007,205,,
8008,1,,
8009,3,,
8010,0.5,,
8011,0,,
8012,0,,
8013,0,,
8014,0,,
8015,0,,
8016,0,,
8017,0,,
8018,0,,
8019,0,,
8020,0,,
8021,0,,
8022,0,,
8023,0,,
8024,0,,
8025,52,,
8026,294,,
8027,526.5,,
8028,676,,
8029,592.5,,
8030,304,,
8031,47,,
8032,0,,
8033,0,,
8034,0,,
8035,0,,
8036,0,,
8037,0,,
8038,0,,
8039,0,,
8040,0,,
8041,0,,
8042,0,,
8043,0,,
8044,0,,
8045,0,,
8046,0,,
8047,0,,
8048,81.5,,
8049,504,,
8050,935,,
8051,1001.5,,
8052,1043.5,,
8053,719.5,,
8054,304.5,,
8055,31.5,,
8056,0,,
8057,0,,
8058,0,,
8059,0,,
8060,0,,
8061,0,,
8062,0,,
8063,0,,
8064,0,,
8065,0,,
8066,0,,
8067,0,,
8068,0,,
8069,0,,
8070,0,,
8071,0.5,,
8072,134,,
8073,546.5,,
8074,1051.5,,
8075,1640,,
8076,1945,,
8077,1750,,
8078,1016.5,,
8079,181.5,,
8080,1,,
8081,0.5,,
8082,1,,
8083,0.5,,
8084,0,,
8085,0,,
8086,0,,
8087,0,,
8088,0,,
8089,0,,
8090,0,,
8091,0,,
8092,0,,
8093,0,,
8094,0,,
8095,1,,
8096,458.5,,
8097,1825,,
8098,2710,,
8099,2480,,
8100,1620,,
8101,904,,
8102,300.5,,
8103,20,,
8104,1,,
8105,0.5,,
8106,0.5,,
8107,0.5,,
8108,0,,
8109,0,,
8110,0,,
8111,0,,
8112,0,,
8113,0,,
8114,0,,
8115,0,,
8116,0,,
8117,0,,
8118,0,,
8119,0,,
8120,4,,
8121,85.5,,
8122,239.5,,
8123,308.5,,
8124,288,,
8125,199.5,,
8126,96,,
8127,38.5,,
8128,0.5,,
8129,0,,
8130,0,,
8131,0,,
8132,0,,
8133,0,,
8134,0,,
8135,0,,
8136,0,,
8137,0,,
8138,0,,
8139,0,,
8140,0,,
8141,0,,
8142,0,,
8143,0,,
8144,10.5,,
8145,132,,
8146,299.5,,
8147,596,,
8148,633.5,,
8149,436.5,,
8150,179,,
8151,13,,
8152,0,,
8153,0,,
8154,0,,
8155,0,,
8156,0,,
8157,0,,
8158,0,,
8159,0,,
8160,0,,
8161,0,,
8162,0,,
8163,0,,
8164,0,,
8165,0,,
8166,0,,
8167,0,,
8168,33,,
8169,255,,
8170,695,,
8171,2005,,
8172,2180,,
8173,1905,,
8174,1062,,
8175,149.5,,
8176,0.5,,
8177,1,,
8178,0,,
8179,0,,
8180,0,,
8181,0,,
8182,0,,
8183,0,,
8184,0,,
8185,0,,
8186,0,,
8187,0,,
8188,0,,
8189,0,,
8190,0,,
8191,0,,
8192,180,,
8193,1038,,
8194,1780,,
8195,1735,,
8196,1200,,
8197,721,,
8198,381.5,,
8199,70.5,,
8200,2,,
8201,0.5,,
8202,0.5,,
8203,0,,
8204,0,,
8205,0,,
8206,0,,
8207,0,,
8208,0,,
8209,0,,
8210,0,,
8211,0,,
8212,0,,
8213,0,,
8214,0,,
8215,0,,
8216,112,,
8217,905,,
8218,1865,,
8219,2615,,
8220,2775,,
8221,2040,,
8222,989.5,,
8223,134.5,,
8224,0.5,,
8225,0,,
8226,0,,
8227,0,,
8228,0,,
8229,0,,
8230,0,,
8231,0,,
8232,0,,
8233,0,,
8234,0,,
8235,0,,
8236,0,,
8237,0,,
8238,0,,
8239,0,,
8240,154,,
8241,959.5,,
8242,1590,,
8243,1635,,
8244,1520,,
8245,1125,,
8246,501,,
8247,83.5,,
8248,0.5,,
8249,0,,
8250,0,,
8251,0,,
8252,0,,
8253,0,,
8254,0,,
8255,0,,
8256,0,,
8257,0,,
8258,0,,
8259,0,,
8260,0,,
8261,0,,
8262,0,,
8263,0,,
8264,122.5,,
8265,679.5,,
8266,1550,,
8267,1955,,
8268,1940,,
8269,1525,,
8270,643,,
8271,61,,
8272,2,,
8273,1.5,,
8274,0.5,,
8275,0,,
8276,0,,
8277,0,,
8278,0,,
8279,0,,
8280,0,,
8281,0,,
8282,0,,
8283,0,,
8284,0,,
8285,0,,
8286,0,,
8287,0,,
8288,86.5,,
8289,426.5,,
8290,1122.5,,
8291,1505,,
8292,1465,,
8293,1170,,
8294,633.5,,
8295,74,,
8296,0,,
8297,0,,
8298,0.5,,
8299,0,,
8300,0,,
8301,0,,
8302,0,,
8303,0,,
8304,0,,
8305,0,,
8306,0,,
8307,0,,
8308,0,,
8309,0,,
8310,0,,
8311,0,,
8312,144.5,,
8313,790.5,,
8314,1760,,
8315,2230,,
8316,2345,,
8317,1915,,
8318,1000.5,,
8319,129.5,,
8320,0,,
8321,6,,
8322,0,,
8323,0,,
8324,0,,
8325,0,,
8326,0,,
8327,0,,
8328,0,,
8329,0,,
8330,0,,
8331,0,,
8332,0,,
8333,0,,
8334,0,,
8335,0,,
8336,124,,
8337,907.5,,
8338,1575,,
8339,2020,,
8340,1985,,
8341,1560,,
8342,828,,
8343,104,,
8344,0,,
8345,0,,
8346,0,,
8347,0,,
8348,0,,
8349,0,,
8350,0,,
8351,0,,
8352,0,,
8353,0,,
8354,0,,
8355,0,,
8356,0,,
8357,0,,
8358,0,,
8359,0,,
8360,10,,
8361,117.5,,
8362,289,,
8363,355,,
8364,286,,
8365,147,,
8366,37.5,,
8367,9.5,,
8368,0,,
8369,0,,
8370,0,,
8371,0,,
8372,0,,
8373,0,,
8374,0,,
8375,0,,
8376,0,,
8377,0,,
8378,0,,
8379,0,,
8380,0,,
8381,0,,
8382,0,,
8383,0,,
8384,185,,
8385,1097,,
8386,1705,,
8387,1730,,
8388,1280,,
8389,709,,
8390,242.5,,
8391,22.5,,
8392,0.5,,
8393,0,,
8394,0,,
8395,0,,
8396,0,,
8397,0,,
8398,0,,
8399,0,,
8400,0,,
8401,0,,
8402,0,,
8403,0,,
8404,0,,
8405,0,,
8406,0,,
8407,0,,
8408,196,,
8409,1290,,
8410,2600,,
8411,3110,,
8412,2685,,
8413,1715,,
8414,655,,
8415,61.5,,
8416,0.5,,
8417,0,,
8418,1,,
8419,0,,
8420,0,,
8421,0,,
8422,0,,
8423,0,,
8424,0,,
8425,0,,
8426,0,,
8427,0,,
8428,0,,
8429,0,,
8430,0,,
8431,0,,
8432,7.5,,
8433,87.5,,
8434,293,,
8435,365,,
8436,351,,
8437,256,,
8438,93.5,,
8439,6,,
8440,0,,
8441,0,,
8442,0,,
8443,0,,
8444,0,,
8445,0,,
8446,0,,
8447,0,,
8448,0,,
8449,0,,
8450,0,,
8451,0,,
8452,0,,
8453,0,,
8454,0,,
8455,0,,
8456,42,,
8457,629,,
8458,1865,,
8459,2595,,
8460,2430,,
8461,1695,,
8462,748.5,,
8463,85.5,,
8464,1,,
8465,0.5,,
8466,0,,
8467,0,,
8468,0,,
8469,0,,
8470,0,,
8471,0,,
8472,0,,
8473,0,,
8474,0,,
8475,0,,
8476,0,,
8477,0,,
8478,0,,
8479,0,,
8480,122,,
8481,774,,
8482,1580,,
8483,2255,,
8484,2020,,
8485,1265,,
8486,429.5,,
8487,57,,
8488,0,,
8489,0.5,,
8490,0.5,,
8491,0,,
8492,0,,
8493,0,,
8494,0,,
8495,0,,
8496,0,,
8497,0,,
8498,0,,
8499,0,,
8500,0,,
8501,0,,
8502,0,,
8503,0,,
8504,13.5,,
8505,145,,
8506,554,,
8507,1071,,
8508,1330,,
8509,1140,,
8510,564,,
8511,84.5,,
8512,2,,
8513,0.5,,
8514,0,,
8515,0,,
8516,0,,
8517,0,,
8518,0,,
8519,0,,
8520,0,,
8521,0,,
8522,0,,
8523,0,,
8524,0,,
8525,0,,
8526,0,,
8527,0,,
8528,83.5,,
8529,751,,
8530,1550,,
8531,2140,,
8532,2240,,
8533,1660,,
8534,765,,
8535,109,,
8536,0.5,,
8537,0,,
8538,0.5,,
8539,0.5,,
8540,0,,
8541,0,,
8542,0,,
8543,0,,
8544,0,,
8545,0,,
8546,0,,
8547,0,,
8548,0,,
8549,0,,
8550,0,,
8551,0,,
8552,2.5,,
8553,102,,
8554,332.5,,
8555,480,,
8556,473,,
8557,354,,
8558,155.5,,
8559,14,,
8560,0,,
8561,0.5,,
8562,0.5,,
8563,0,,
8564,0,,
8565,0,,
8566,0,,
8567,0,,
8568,0,,
8569,0,,
8570,0,,
8571,0,,
8572,0,,
8573,0,,
8574,0,,
8575,0,,
8576,54,,
8577,472.5,,
8578,1430,,
8579,2095,,
8580,2465,,
8581,2080,,
8582,1116.5,,
8583,130,,
8584,0,,
8585,0,,
8586,0.5,,
8587,0,,
8588,0,,
8589,0,,
8590,0,,
8591,0,,
8592,0,,
8593,0,,
8594,0,,
8595,0,,
8596,0,,
8597,0,,
8598,0,,
8599,0,,
8600,45.5,,
8601,284,,
8602,726,,
8603,1015,,
8604,955.5,,
8605,639.5,,
8606,255.5,,
8607,30.5,,
8608,0.5,,
8609,0,,
8610,0.5,,
8611,0,,
8612,0,,
8613,0,,
8614,0,,
8615,0,,
8616,0,,
8617,0,,
8618,0,,
8619,0,,
8620,0,,
8621,0,,
8622,0,,
8623,0,,
8624,13,,
8625,225.5,,
8626,638,,
8627,895.5,,
8628,870.5,,
8629,721.5,,
8630,368,,
8631,50.5,,
8632,0,,
8633,0,,
8634,0.5,,
8635,0,,
8636,0,,
8637,0,,
8638,0,,
8639,0,,
8640,0,,
8641,0,,
8642,0,,
8643,0,,
8644,0,,
8645,0,,
8646,0,,
8647,0,,
8648,32,,
8649,393,,
8650,947,,
8651,1490,,
8652,1705,,
8653,1545,,
8654,924.5,,
8655,199.5,,
8656,2.5,,
8657,0.5,,
8658,0.5,,
8659,0,,
8660,0,,
8661,0,,
8662,0,,
8663,0,,
8664,0,,
8665,0,,
8666,0,,
8667,0,,
8668,0,,
8669,0,,
8670,0,,
8671,0,,
8672,29,,
8673,285,,
8674,768.5,,
8675,1025,,
8676,1195,,
8677,1052.5,,
8678,488.5,,
8679,96,,
8680,0.5,,
8681,0.5,,
8682,0,,
8683,0,,
8684,0,,
8685,0,,
8686,0,,
8687,0,,
8688,0,,
8689,0,,
8690,0,,
8691,0,,
8692,0,,
8693,0,,
8694,0,,
8695,0,,
8696,12.5,,
8697,223,,
8698,717,,
8699,1125,,
8700,1265,,
8701,1073,,
8702,616.5,,
8703,106,,
8704,0,,
8705,1,,
8706,0,,
8707,0,,
8708,0,,
8709,0,,
8710,0,,
8711,0,,
8712,0,,
8713,0,,
8714,0,,
8715,0,,
8716,0,,
8717,0,,
8718,0,,
8719,0,,
8720,20.5,,
8721,237.5,,
8722,657,,
8723,795.5,,
8724,761.5,,
8725,615,,
8726,309,,
8727,46.5,,
8728,0,,
8729,0,,
8730,0,,
8731,0,,
8732,0,,
8733,0,,
8734,0,,
8735,0,,
8736,0,,
8737,0,,
8738,0,,
8739,0,,
8740,0,,
8741,0,,
8742,0,,
8743,0,,
8744,8,,
8745,114.5,,
8746,411.5,,
8747,571.5,,
8748,561,,
8749,372,,
8750,178.5,,
8751,27.5,,
8752,0,,
8753,0,,
8754,0,,
8755,0,,
8756,0,,
8757,0,,
8758,0,,
8759,0,,
,,,Expected
SUM Mwh,11196346.0525,,113880000
,,,
,,,cap factor
,,,9.8317053499
