Actual Or Estimated Wind And Solar Power Generation (B1630)
Time Series ID,Business Type,PSR Type,Settlement  Date,Settlement Period,Quantity (MW)
NGET-EMFIP-AGWS-TS-00231007,Wind generation,"Wind Onshore",2018-09-21,48,4873.291
NGET-EMFIP-AGWS-TS-00231006,Wind generation,"Wind Offshore",2018-09-21,48,4044.124
NGET-EMFIP-AGWS-TS-00231005,Solar generation,"Solar",2018-09-21,48,0
NGET-EMFIP-AGWS-TS-00231004,Wind generation,"Wind Onshore",2018-09-21,47,5166.852
NGET-EMFIP-AGWS-TS-00231003,Wind generation,"Wind Offshore",2018-09-21,47,4056.052
NGET-EMFIP-AGWS-TS-00231002,Solar generation,"Solar",2018-09-21,47,0
NGET-EMFIP-AGWS-TS-00231001,Wind generation,"Wind Onshore",2018-09-21,46,5470.969
NGET-EMFIP-AGWS-TS-00231000,Wind generation,"Wind Offshore",2018-09-21,46,4137.79
NGET-EMFIP-AGWS-TS-00230999,Solar generation,"Solar",2018-09-21,46,0
NGET-EMFIP-AGWS-TS-00230998,Wind generation,"Wind Onshore",2018-09-21,45,5869.649
NGET-EMFIP-AGWS-TS-00230997,Wind generation,"Wind Offshore",2018-09-21,45,4102.56
NGET-EMFIP-AGWS-TS-00230996,Solar generation,"Solar",2018-09-21,45,0
NGET-EMFIP-AGWS-TS-00230995,Wind generation,"Wind Onshore",2018-09-21,44,6145.8
NGET-EMFIP-AGWS-TS-00230994,Wind generation,"Wind Offshore",2018-09-21,44,4112.919
NGET-EMFIP-AGWS-TS-00230993,Solar generation,"Solar",2018-09-21,44,3
NGET-EMFIP-AGWS-TS-00230992,Wind generation,"Wind Onshore",2018-09-21,43,6002.954
NGET-EMFIP-AGWS-TS-00230991,Wind generation,"Wind Offshore",2018-09-21,43,4092.132
NGET-EMFIP-AGWS-TS-00230990,Solar generation,"Solar",2018-09-21,43,0
NGET-EMFIP-AGWS-TS-00230989,Wind generation,"Wind Onshore",2018-09-21,42,6127.596
NGET-EMFIP-AGWS-TS-00230988,Wind generation,"Wind Offshore",2018-09-21,42,4157.221
NGET-EMFIP-AGWS-TS-00230987,Solar generation,"Solar",2018-09-21,42,4
NGET-EMFIP-AGWS-TS-00230986,Wind generation,"Wind Onshore",2018-09-21,41,5923.887
NGET-EMFIP-AGWS-TS-00230985,Wind generation,"Wind Offshore",2018-09-21,41,4218.33
NGET-EMFIP-AGWS-TS-00230984,Solar generation,"Solar",2018-09-21,41,2
NGET-EMFIP-AGWS-TS-00230983,Wind generation,"Wind Onshore",2018-09-21,40,5894.296
NGET-EMFIP-AGWS-TS-00230982,Wind generation,"Wind Offshore",2018-09-21,40,4160.068
NGET-EMFIP-AGWS-TS-00230981,Solar generation,"Solar",2018-09-21,40,5
NGET-EMFIP-AGWS-TS-00230980,Wind generation,"Wind Onshore",2018-09-21,39,5780.603
NGET-EMFIP-AGWS-TS-00230979,Wind generation,"Wind Offshore",2018-09-21,39,4135.103
NGET-EMFIP-AGWS-TS-00230978,Solar generation,"Solar",2018-09-21,39,6
NGET-EMFIP-AGWS-TS-00230977,Wind generation,"Wind Onshore",2018-09-21,38,6198.701
NGET-EMFIP-AGWS-TS-00230976,Wind generation,"Wind Offshore",2018-09-21,38,4151.287
NGET-EMFIP-AGWS-TS-00230975,Solar generation,"Solar",2018-09-21,38,150
NGET-EMFIP-AGWS-TS-00230974,Wind generation,"Wind Onshore",2018-09-21,37,6301.079
NGET-EMFIP-AGWS-TS-00230973,Wind generation,"Wind Offshore",2018-09-21,37,4237.188
NGET-EMFIP-AGWS-TS-00230972,Solar generation,"Solar",2018-09-21,37,675
NGET-EMFIP-AGWS-TS-00230971,Wind generation,"Wind Onshore",2018-09-21,36,6834.076
NGET-EMFIP-AGWS-TS-00230970,Wind generation,"Wind Offshore",2018-09-21,36,4306.742
NGET-EMFIP-AGWS-TS-00230969,Solar generation,"Solar",2018-09-21,36,1330
NGET-EMFIP-AGWS-TS-00230968,Wind generation,"Wind Onshore",2018-09-21,35,6845.208
NGET-EMFIP-AGWS-TS-00230967,Wind generation,"Wind Offshore",2018-09-21,35,4248.542
NGET-EMFIP-AGWS-TS-00230966,Solar generation,"Solar",2018-09-21,35,2020
NGET-EMFIP-AGWS-TS-00230965,Wind generation,"Wind Onshore",2018-09-21,34,7089.543
NGET-EMFIP-AGWS-TS-00230964,Wind generation,"Wind Offshore",2018-09-21,34,4245.977
NGET-EMFIP-AGWS-TS-00230963,Solar generation,"Solar",2018-09-21,34,2690
NGET-EMFIP-AGWS-TS-00230962,Wind generation,"Wind Onshore",2018-09-21,33,7188.394
NGET-EMFIP-AGWS-TS-00230961,Wind generation,"Wind Offshore",2018-09-21,33,4223.51
NGET-EMFIP-AGWS-TS-00230960,Solar generation,"Solar",2018-09-21,33,3280
NGET-EMFIP-AGWS-TS-00230959,Wind generation,"Wind Onshore",2018-09-21,32,7002.491
NGET-EMFIP-AGWS-TS-00230958,Wind generation,"Wind Offshore",2018-09-21,32,4183.594
NGET-EMFIP-AGWS-TS-00230957,Solar generation,"Solar",2018-09-21,32,3820
NGET-EMFIP-AGWS-TS-00230956,Wind generation,"Wind Onshore",2018-09-21,31,7133.487
NGET-EMFIP-AGWS-TS-00230955,Wind generation,"Wind Offshore",2018-09-21,31,4198.472
NGET-EMFIP-AGWS-TS-00230954,Solar generation,"Solar",2018-09-21,31,4240
NGET-EMFIP-AGWS-TS-00230953,Wind generation,"Wind Onshore",2018-09-21,30,6959.1
NGET-EMFIP-AGWS-TS-00230952,Wind generation,"Wind Offshore",2018-09-21,30,4244.543
NGET-EMFIP-AGWS-TS-00230951,Solar generation,"Solar",2018-09-21,30,4370
NGET-EMFIP-AGWS-TS-00230950,Wind generation,"Wind Onshore",2018-09-21,29,6864.718
NGET-EMFIP-AGWS-TS-00230949,Wind generation,"Wind Offshore",2018-09-21,29,4204.714
NGET-EMFIP-AGWS-TS-00230948,Solar generation,"Solar",2018-09-21,29,4026
NGET-EMFIP-AGWS-TS-00230947,Wind generation,"Wind Onshore",2018-09-21,28,6760.428
NGET-EMFIP-AGWS-TS-00230946,Wind generation,"Wind Offshore",2018-09-21,28,4183.026
NGET-EMFIP-AGWS-TS-00230945,Solar generation,"Solar",2018-09-21,28,4720
NGET-EMFIP-AGWS-TS-00230944,Wind generation,"Wind Onshore",2018-09-21,27,6574.18
NGET-EMFIP-AGWS-TS-00230943,Wind generation,"Wind Offshore",2018-09-21,27,4235.457
NGET-EMFIP-AGWS-TS-00230942,Solar generation,"Solar",2018-09-21,27,4820
NGET-EMFIP-AGWS-TS-00230941,Wind generation,"Wind Onshore",2018-09-21,26,6724.472
NGET-EMFIP-AGWS-TS-00230940,Wind generation,"Wind Offshore",2018-09-21,26,4234.418
NGET-EMFIP-AGWS-TS-00230939,Solar generation,"Solar",2018-09-21,26,5020
NGET-EMFIP-AGWS-TS-00230930,Wind generation,"Wind Onshore",2018-09-21,25,6583.986
NGET-EMFIP-AGWS-TS-00230929,Wind generation,"Wind Offshore",2018-09-21,25,4260.4
NGET-EMFIP-AGWS-TS-00230928,Solar generation,"Solar",2018-09-21,25,5080
NGET-EMFIP-AGWS-TS-00230927,Wind generation,"Wind Onshore",2018-09-21,24,6418.934
NGET-EMFIP-AGWS-TS-00230926,Wind generation,"Wind Offshore",2018-09-21,24,4277.105
NGET-EMFIP-AGWS-TS-00230925,Solar generation,"Solar",2018-09-21,24,5160
NGET-EMFIP-AGWS-TS-00230924,Wind generation,"Wind Onshore",2018-09-21,23,6553.055
NGET-EMFIP-AGWS-TS-00230923,Wind generation,"Wind Offshore",2018-09-21,23,4284.653
NGET-EMFIP-AGWS-TS-00230922,Solar generation,"Solar",2018-09-21,23,4840
NGET-EMFIP-AGWS-TS-00230921,Wind generation,"Wind Onshore",2018-09-21,22,6540.94
NGET-EMFIP-AGWS-TS-00230920,Wind generation,"Wind Offshore",2018-09-21,22,4278.706
NGET-EMFIP-AGWS-TS-00230919,Solar generation,"Solar",2018-09-21,22,4600
NGET-EMFIP-AGWS-TS-00230918,Wind generation,"Wind Onshore",2018-09-21,21,6607.649
NGET-EMFIP-AGWS-TS-00230917,Wind generation,"Wind Offshore",2018-09-21,21,4287.175
NGET-EMFIP-AGWS-TS-00230916,Solar generation,"Solar",2018-09-21,21,2792
NGET-EMFIP-AGWS-TS-00230915,Wind generation,"Wind Onshore",2018-09-21,20,6399.302
NGET-EMFIP-AGWS-TS-00230914,Wind generation,"Wind Offshore",2018-09-21,20,4263.418
NGET-EMFIP-AGWS-TS-00230913,Solar generation,"Solar",2018-09-21,20,3700
NGET-EMFIP-AGWS-TS-00230912,Wind generation,"Wind Onshore",2018-09-21,19,6295.818
NGET-EMFIP-AGWS-TS-00230911,Wind generation,"Wind Offshore",2018-09-21,19,4285.783
NGET-EMFIP-AGWS-TS-00230910,Solar generation,"Solar",2018-09-21,19,2970
NGET-EMFIP-AGWS-TS-00230909,Wind generation,"Wind Onshore",2018-09-21,18,6164.936
NGET-EMFIP-AGWS-TS-00230908,Wind generation,"Wind Offshore",2018-09-21,18,4280.394
NGET-EMFIP-AGWS-TS-00230907,Solar generation,"Solar",2018-09-21,18,2180
NGET-EMFIP-AGWS-TS-00230906,Wind generation,"Wind Onshore",2018-09-21,17,6278.875
NGET-EMFIP-AGWS-TS-00230905,Wind generation,"Wind Offshore",2018-09-21,17,4269.877
NGET-EMFIP-AGWS-TS-00230904,Solar generation,"Solar",2018-09-21,17,1360
NGET-EMFIP-AGWS-TS-00230903,Wind generation,"Wind Onshore",2018-09-21,16,6192.463
NGET-EMFIP-AGWS-TS-00230902,Wind generation,"Wind Offshore",2018-09-21,16,4237.946
NGET-EMFIP-AGWS-TS-00230901,Solar generation,"Solar",2018-09-21,16,634
NGET-EMFIP-AGWS-TS-00230900,Wind generation,"Wind Onshore",2018-09-21,15,6085.575
NGET-EMFIP-AGWS-TS-00230899,Wind generation,"Wind Offshore",2018-09-21,15,3946.894
NGET-EMFIP-AGWS-TS-00230898,Solar generation,"Solar",2018-09-21,15,115
NGET-EMFIP-AGWS-TS-00230897,Wind generation,"Wind Onshore",2018-09-21,14,5575.915
NGET-EMFIP-AGWS-TS-00230896,Wind generation,"Wind Offshore",2018-09-21,14,3901.554
NGET-EMFIP-AGWS-TS-00230895,Solar generation,"Solar",2018-09-21,14,0
NGET-EMFIP-AGWS-TS-00230894,Wind generation,"Wind Onshore",2018-09-21,13,5097.221
NGET-EMFIP-AGWS-TS-00230893,Wind generation,"Wind Offshore",2018-09-21,13,3792.827
NGET-EMFIP-AGWS-TS-00230892,Solar generation,"Solar",2018-09-21,13,0
NGET-EMFIP-AGWS-TS-00230891,Wind generation,"Wind Onshore",2018-09-21,12,5150.311
NGET-EMFIP-AGWS-TS-00230890,Wind generation,"Wind Offshore",2018-09-21,12,3673.42
NGET-EMFIP-AGWS-TS-00230889,Solar generation,"Solar",2018-09-21,12,0
NGET-EMFIP-AGWS-TS-00230888,Wind generation,"Wind Onshore",2018-09-21,11,5069.725
NGET-EMFIP-AGWS-TS-00230887,Wind generation,"Wind Offshore",2018-09-21,11,3744.145
NGET-EMFIP-AGWS-TS-00230886,Solar generation,"Solar",2018-09-21,11,0
NGET-EMFIP-AGWS-TS-00230885,Wind generation,"Wind Onshore",2018-09-21,10,5125.878
NGET-EMFIP-AGWS-TS-00230884,Wind generation,"Wind Offshore",2018-09-21,10,3964.03
NGET-EMFIP-AGWS-TS-00230883,Solar generation,"Solar",2018-09-21,10,0
NGET-EMFIP-AGWS-TS-00230882,Wind generation,"Wind Onshore",2018-09-21,9,5100.304
NGET-EMFIP-AGWS-TS-00230881,Wind generation,"Wind Offshore",2018-09-21,9,4017.997
NGET-EMFIP-AGWS-TS-00230880,Solar generation,"Solar",2018-09-21,9,0
NGET-EMFIP-AGWS-TS-00230879,Wind generation,"Wind Onshore",2018-09-21,8,4878.305
NGET-EMFIP-AGWS-TS-00230878,Wind generation,"Wind Offshore",2018-09-21,8,4022.61
NGET-EMFIP-AGWS-TS-00230877,Solar generation,"Solar",2018-09-21,8,0
NGET-EMFIP-AGWS-TS-00230876,Wind generation,"Wind Onshore",2018-09-21,7,4360.323
NGET-EMFIP-AGWS-TS-00230875,Wind generation,"Wind Offshore",2018-09-21,7,4050.436
NGET-EMFIP-AGWS-TS-00230874,Solar generation,"Solar",2018-09-21,7,0
NGET-EMFIP-AGWS-TS-00230873,Wind generation,"Wind Onshore",2018-09-21,6,4242.691
NGET-EMFIP-AGWS-TS-00230872,Wind generation,"Wind Offshore",2018-09-21,6,4030.908
NGET-EMFIP-AGWS-TS-00230871,Solar generation,"Solar",2018-09-21,6,0
NGET-EMFIP-AGWS-TS-00230870,Wind generation,"Wind Onshore",2018-09-21,5,4481.688
NGET-EMFIP-AGWS-TS-00230869,Wind generation,"Wind Offshore",2018-09-21,5,3932.601
NGET-EMFIP-AGWS-TS-00230868,Solar generation,"Solar",2018-09-21,5,0
NGET-EMFIP-AGWS-TS-00230867,Wind generation,"Wind Onshore",2018-09-21,4,4097.979
NGET-EMFIP-AGWS-TS-00230866,Wind generation,"Wind Offshore",2018-09-21,4,3678.961
NGET-EMFIP-AGWS-TS-00230865,Solar generation,"Solar",2018-09-21,4,0
NGET-EMFIP-AGWS-TS-00230864,Wind generation,"Wind Onshore",2018-09-21,3,3968.449
NGET-EMFIP-AGWS-TS-00230863,Wind generation,"Wind Offshore",2018-09-21,3,3650.747
NGET-EMFIP-AGWS-TS-00230862,Solar generation,"Solar",2018-09-21,3,0
NGET-EMFIP-AGWS-TS-00230861,Wind generation,"Wind Onshore",2018-09-21,2,3967.011
NGET-EMFIP-AGWS-TS-00230860,Wind generation,"Wind Offshore",2018-09-21,2,4036.155
NGET-EMFIP-AGWS-TS-00230859,Solar generation,"Solar",2018-09-21,2,0
NGET-EMFIP-AGWS-TS-00230858,Wind generation,"Wind Onshore",2018-09-21,1,4045.074
NGET-EMFIP-AGWS-TS-00230857,Wind generation,"Wind Offshore",2018-09-21,1,3937.769
NGET-EMFIP-AGWS-TS-00230856,Solar generation,"Solar",2018-09-21,1,0