Actual Or Estimated Wind And Solar Power Generation (B1630),,,,,
Time Series ID,Business Type,PSR Type,Settlement  Date,Settlement Period,Quantity (MW)
NGET-EMFIP-AGWS-TS-00229510,Wind generation,Wind Onshore,12/09/2018,48,3269.631
NGET-EMFIP-AGWS-TS-00229509,Wind generation,Wind Offshore,12/09/2018,48,1702.265
NGET-EMFIP-AGWS-TS-00229508,Solar generation,Solar,12/09/2018,48,0
NGET-EMFIP-AGWS-TS-00229507,Wind generation,Wind Onshore,12/09/2018,47,3298.739
NGET-EMFIP-AGWS-TS-00229506,Wind generation,Wind Offshore,12/09/2018,47,1741.657
NGET-EMFIP-AGWS-TS-00229505,Solar generation,Solar,12/09/2018,47,0
NGET-EMFIP-AGWS-TS-00229504,Wind generation,Wind Onshore,12/09/2018,46,3063.258
NGET-EMFIP-AGWS-TS-00229503,Wind generation,Wind Offshore,12/09/2018,46,1750.354
NGET-EMFIP-AGWS-TS-00229502,Solar generation,Solar,12/09/2018,46,0
NGET-EMFIP-AGWS-TS-00229501,Wind generation,Wind Onshore,12/09/2018,45,2946.164
NGET-EMFIP-AGWS-TS-00229500,Wind generation,Wind Offshore,12/09/2018,45,1683.205
NGET-EMFIP-AGWS-TS-00229499,Solar generation,Solar,12/09/2018,45,0
NGET-EMFIP-AGWS-TS-00229496,Wind generation,Wind Onshore,12/09/2018,44,2743.2
NGET-EMFIP-AGWS-TS-00229495,Wind generation,Wind Offshore,12/09/2018,44,1420
NGET-EMFIP-AGWS-TS-00229494,Solar generation,Solar,12/09/2018,44,0
NGET-EMFIP-AGWS-TS-00229493,Wind generation,Wind Onshore,12/09/2018,43,2572.987
NGET-EMFIP-AGWS-TS-00229492,Wind generation,Wind Offshore,12/09/2018,43,1349.006
NGET-EMFIP-AGWS-TS-00229491,Solar generation,Solar,12/09/2018,43,0
NGET-EMFIP-AGWS-TS-00229490,Wind generation,Wind Onshore,12/09/2018,42,2618.258
NGET-EMFIP-AGWS-TS-00229489,Wind generation,Wind Offshore,12/09/2018,42,1306.52
NGET-EMFIP-AGWS-TS-00229488,Solar generation,Solar,12/09/2018,42,0
NGET-EMFIP-AGWS-TS-00229487,Wind generation,Wind Onshore,12/09/2018,41,2525.115
NGET-EMFIP-AGWS-TS-00229486,Wind generation,Wind Offshore,12/09/2018,41,1171.113
NGET-EMFIP-AGWS-TS-00229485,Solar generation,Solar,12/09/2018,41,124
NGET-EMFIP-AGWS-TS-00229484,Wind generation,Wind Onshore,12/09/2018,40,2573.164
NGET-EMFIP-AGWS-TS-00229483,Wind generation,Wind Offshore,12/09/2018,40,926.05
NGET-EMFIP-AGWS-TS-00229482,Solar generation,Solar,12/09/2018,40,124
NGET-EMFIP-AGWS-TS-00229481,Wind generation,Wind Onshore,12/09/2018,39,2436.558
NGET-EMFIP-AGWS-TS-00229480,Wind generation,Wind Offshore,12/09/2018,39,833.419
NGET-EMFIP-AGWS-TS-00229479,Solar generation,Solar,12/09/2018,39,668
NGET-EMFIP-AGWS-TS-00229478,Wind generation,Wind Onshore,12/09/2018,38,2706.891
NGET-EMFIP-AGWS-TS-00229477,Wind generation,Wind Offshore,12/09/2018,38,780.666
NGET-EMFIP-AGWS-TS-00229476,Solar generation,Solar,12/09/2018,38,668
NGET-EMFIP-AGWS-TS-00229475,Wind generation,Wind Onshore,12/09/2018,37,2961.405
NGET-EMFIP-AGWS-TS-00229474,Wind generation,Wind Offshore,12/09/2018,37,774.142
NGET-EMFIP-AGWS-TS-00229473,Solar generation,Solar,12/09/2018,37,1504
NGET-EMFIP-AGWS-TS-00229472,Wind generation,Wind Onshore,12/09/2018,36,3413.983
NGET-EMFIP-AGWS-TS-00229471,Wind generation,Wind Offshore,12/09/2018,36,877.725
NGET-EMFIP-AGWS-TS-00229470,Solar generation,Solar,12/09/2018,36,1504
NGET-EMFIP-AGWS-TS-00229469,Wind generation,Wind Onshore,12/09/2018,35,3715.491
NGET-EMFIP-AGWS-TS-00229468,Wind generation,Wind Offshore,12/09/2018,35,900.524
NGET-EMFIP-AGWS-TS-00229467,Solar generation,Solar,12/09/2018,35,2293
NGET-EMFIP-AGWS-TS-00229466,Wind generation,Wind Onshore,12/09/2018,34,3862.822
NGET-EMFIP-AGWS-TS-00229465,Wind generation,Wind Offshore,12/09/2018,34,967.575
NGET-EMFIP-AGWS-TS-00229464,Solar generation,Solar,12/09/2018,34,2293
NGET-EMFIP-AGWS-TS-00229463,Wind generation,Wind Onshore,12/09/2018,33,3999.728
NGET-EMFIP-AGWS-TS-00229462,Wind generation,Wind Offshore,12/09/2018,33,1032.119
NGET-EMFIP-AGWS-TS-00229461,Solar generation,Solar,12/09/2018,33,2957
NGET-EMFIP-AGWS-TS-00229460,Wind generation,Wind Onshore,12/09/2018,32,4111.783
NGET-EMFIP-AGWS-TS-00229459,Wind generation,Wind Offshore,12/09/2018,32,1073.771
NGET-EMFIP-AGWS-TS-00229458,Solar generation,Solar,12/09/2018,32,2957
NGET-EMFIP-AGWS-TS-00229457,Wind generation,Wind Onshore,12/09/2018,31,4040.834
NGET-EMFIP-AGWS-TS-00229456,Wind generation,Wind Offshore,12/09/2018,31,1097.756
NGET-EMFIP-AGWS-TS-00229455,Solar generation,Solar,12/09/2018,31,3268
NGET-EMFIP-AGWS-TS-00229454,Wind generation,Wind Onshore,12/09/2018,30,4337.74
NGET-EMFIP-AGWS-TS-00229453,Wind generation,Wind Offshore,12/09/2018,30,1139.548
NGET-EMFIP-AGWS-TS-00229452,Solar generation,Solar,12/09/2018,30,3268
NGET-EMFIP-AGWS-TS-00229451,Wind generation,Wind Onshore,12/09/2018,29,4134.466
NGET-EMFIP-AGWS-TS-00229450,Wind generation,Wind Offshore,12/09/2018,29,1176.044
NGET-EMFIP-AGWS-TS-00229449,Solar generation,Solar,12/09/2018,29,3252
NGET-EMFIP-AGWS-TS-00229448,Wind generation,Wind Onshore,12/09/2018,28,4490.495
NGET-EMFIP-AGWS-TS-00229447,Wind generation,Wind Offshore,12/09/2018,28,1241.622
NGET-EMFIP-AGWS-TS-00229446,Solar generation,Solar,12/09/2018,28,4160
NGET-EMFIP-AGWS-TS-00229445,Wind generation,Wind Onshore,12/09/2018,27,4696.266
NGET-EMFIP-AGWS-TS-00229444,Wind generation,Wind Offshore,12/09/2018,27,1310.35
NGET-EMFIP-AGWS-TS-00229443,Solar generation,Solar,12/09/2018,27,4080
NGET-EMFIP-AGWS-TS-00229442,Wind generation,Wind Onshore,12/09/2018,26,4619.72
NGET-EMFIP-AGWS-TS-00229441,Wind generation,Wind Offshore,12/09/2018,26,1340.499
NGET-EMFIP-AGWS-TS-00229440,Solar generation,Solar,12/09/2018,26,4000
NGET-EMFIP-AGWS-TS-00229439,Wind generation,Wind Onshore,12/09/2018,25,4868.605
NGET-EMFIP-AGWS-TS-00229438,Wind generation,Wind Offshore,12/09/2018,25,1280.69
NGET-EMFIP-AGWS-TS-00229437,Solar generation,Solar,12/09/2018,25,3850
NGET-EMFIP-AGWS-TS-00229436,Wind generation,Wind Onshore,12/09/2018,24,4610.537
NGET-EMFIP-AGWS-TS-00229435,Wind generation,Wind Offshore,12/09/2018,24,1320.987
NGET-EMFIP-AGWS-TS-00229434,Solar generation,Solar,12/09/2018,24,3620
NGET-EMFIP-AGWS-TS-00229433,Wind generation,Wind Onshore,12/09/2018,23,4655.419
NGET-EMFIP-AGWS-TS-00229432,Wind generation,Wind Offshore,12/09/2018,23,1294.929
NGET-EMFIP-AGWS-TS-00229431,Solar generation,Solar,12/09/2018,23,3160
NGET-EMFIP-AGWS-TS-00229430,Wind generation,Wind Onshore,12/09/2018,22,4587.314
NGET-EMFIP-AGWS-TS-00229429,Wind generation,Wind Offshore,12/09/2018,22,1383.055
NGET-EMFIP-AGWS-TS-00229428,Solar generation,Solar,12/09/2018,22,2740
NGET-EMFIP-AGWS-TS-00229427,Wind generation,Wind Onshore,12/09/2018,21,4643.428
NGET-EMFIP-AGWS-TS-00229426,Wind generation,Wind Offshore,12/09/2018,21,1425.281
NGET-EMFIP-AGWS-TS-00229425,Solar generation,Solar,12/09/2018,21,1421
NGET-EMFIP-AGWS-TS-00229424,Wind generation,Wind Onshore,12/09/2018,20,4600.456
NGET-EMFIP-AGWS-TS-00229423,Wind generation,Wind Offshore,12/09/2018,20,1470.749
NGET-EMFIP-AGWS-TS-00229422,Solar generation,Solar,12/09/2018,20,1940
NGET-EMFIP-AGWS-TS-00229421,Wind generation,Wind Onshore,12/09/2018,19,4492.443
NGET-EMFIP-AGWS-TS-00229420,Wind generation,Wind Offshore,12/09/2018,19,1493.145
NGET-EMFIP-AGWS-TS-00229419,Solar generation,Solar,12/09/2018,19,1440
NGET-EMFIP-AGWS-TS-00229409,Wind generation,Wind Onshore,12/09/2018,18,4482.593
NGET-EMFIP-AGWS-TS-00229408,Wind generation,Wind Offshore,12/09/2018,18,1586.171
NGET-EMFIP-AGWS-TS-00229407,Solar generation,Solar,12/09/2018,18,1060
NGET-EMFIP-AGWS-TS-00229406,Wind generation,Wind Onshore,12/09/2018,17,4562.605
NGET-EMFIP-AGWS-TS-00229405,Wind generation,Wind Offshore,12/09/2018,17,1810.47
NGET-EMFIP-AGWS-TS-00229404,Solar generation,Solar,12/09/2018,17,658
NGET-EMFIP-AGWS-TS-00229403,Wind generation,Wind Onshore,12/09/2018,16,4561.088
NGET-EMFIP-AGWS-TS-00229402,Wind generation,Wind Offshore,12/09/2018,16,1877.829
NGET-EMFIP-AGWS-TS-00229401,Solar generation,Solar,12/09/2018,16,359
NGET-EMFIP-AGWS-TS-00229400,Wind generation,Wind Onshore,12/09/2018,15,4561.174
NGET-EMFIP-AGWS-TS-00229399,Wind generation,Wind Offshore,12/09/2018,15,1830.966
NGET-EMFIP-AGWS-TS-00229398,Solar generation,Solar,12/09/2018,15,107
NGET-EMFIP-AGWS-TS-00229397,Wind generation,Wind Onshore,12/09/2018,14,4570.624
NGET-EMFIP-AGWS-TS-00229396,Wind generation,Wind Offshore,12/09/2018,14,2007.688
NGET-EMFIP-AGWS-TS-00229395,Solar generation,Solar,12/09/2018,14,3
NGET-EMFIP-AGWS-TS-00229394,Wind generation,Wind Onshore,12/09/2018,13,4539.115
NGET-EMFIP-AGWS-TS-00229393,Wind generation,Wind Offshore,12/09/2018,13,2083.987
NGET-EMFIP-AGWS-TS-00229392,Solar generation,Solar,12/09/2018,13,0
NGET-EMFIP-AGWS-TS-00229391,Wind generation,Wind Onshore,12/09/2018,12,4573.214
NGET-EMFIP-AGWS-TS-00229390,Wind generation,Wind Offshore,12/09/2018,12,2105.387
NGET-EMFIP-AGWS-TS-00229389,Solar generation,Solar,12/09/2018,12,0
NGET-EMFIP-AGWS-TS-00229388,Wind generation,Wind Onshore,12/09/2018,11,4105.642
NGET-EMFIP-AGWS-TS-00229387,Wind generation,Wind Offshore,12/09/2018,11,2668.846
NGET-EMFIP-AGWS-TS-00229386,Solar generation,Solar,12/09/2018,11,0
NGET-EMFIP-AGWS-TS-00229385,Wind generation,Wind Onshore,12/09/2018,10,4088.206
NGET-EMFIP-AGWS-TS-00229384,Wind generation,Wind Offshore,12/09/2018,10,2803.623
NGET-EMFIP-AGWS-TS-00229383,Solar generation,Solar,12/09/2018,10,0
NGET-EMFIP-AGWS-TS-00229382,Wind generation,Wind Onshore,12/09/2018,9,3961.241
NGET-EMFIP-AGWS-TS-00229381,Wind generation,Wind Offshore,12/09/2018,9,2605.685
NGET-EMFIP-AGWS-TS-00229380,Solar generation,Solar,12/09/2018,9,0
NGET-EMFIP-AGWS-TS-00229379,Wind generation,Wind Onshore,12/09/2018,8,4043.017
NGET-EMFIP-AGWS-TS-00229378,Wind generation,Wind Offshore,12/09/2018,8,2616.114
NGET-EMFIP-AGWS-TS-00229377,Solar generation,Solar,12/09/2018,8,0
NGET-EMFIP-AGWS-TS-00229376,Wind generation,Wind Onshore,12/09/2018,7,3980.421
NGET-EMFIP-AGWS-TS-00229375,Wind generation,Wind Offshore,12/09/2018,7,2483.212
NGET-EMFIP-AGWS-TS-00229374,Solar generation,Solar,12/09/2018,7,0
NGET-EMFIP-AGWS-TS-00229376,Wind generation,Wind Onshore,12/09/2018,,4118.143
NGET-EMFIP-AGWS-TS-00229375,Wind generation,Wind Offshore,12/09/2018,,2448.7715
NGET-EMFIP-AGWS-TS-00229374,Solar generation,Solar,12/09/2018,,0
NGET-EMFIP-AGWS-TS-00229370,Wind generation,Wind Onshore,12/09/2018,5,4255.865
NGET-EMFIP-AGWS-TS-00229369,Wind generation,Wind Offshore,12/09/2018,5,2414.331
NGET-EMFIP-AGWS-TS-00229368,Solar generation,Solar,12/09/2018,5,0
NGET-EMFIP-AGWS-TS-00229367,Wind generation,Wind Onshore,12/09/2018,4,4598.325
NGET-EMFIP-AGWS-TS-00229366,Wind generation,Wind Offshore,12/09/2018,4,2107.5
NGET-EMFIP-AGWS-TS-00229365,Solar generation,Solar,12/09/2018,4,0
NGET-EMFIP-AGWS-TS-00229364,Wind generation,Wind Onshore,12/09/2018,3,4639.799
NGET-EMFIP-AGWS-TS-00229363,Wind generation,Wind Offshore,12/09/2018,3,2201.033
NGET-EMFIP-AGWS-TS-00229362,Solar generation,Solar,12/09/2018,3,0
NGET-EMFIP-AGWS-TS-00229361,Wind generation,Wind Onshore,12/09/2018,2,4640.387
NGET-EMFIP-AGWS-TS-00229360,Wind generation,Wind Offshore,12/09/2018,2,2397.185
NGET-EMFIP-AGWS-TS-00229359,Solar generation,Solar,12/09/2018,2,0
NGET-EMFIP-AGWS-TS-00229347,Wind generation,Wind Onshore,12/09/2018,1,4887.787
NGET-EMFIP-AGWS-TS-00229346,Wind generation,Wind Offshore,12/09/2018,1,2464.778
NGET-EMFIP-AGWS-TS-00229345,Solar generation,Solar,12/09/2018,1,0
