Actual Or Estimated Wind And Solar Power Generation (B1630)
Time Series ID,Business Type,PSR Type,Settlement  Date,Settlement Period,Quantity (MW)
NGET-EMFIP-AGWS-TS-00230496,Wind generation,"Wind Onshore",2018-09-18,48,4521.428
NGET-EMFIP-AGWS-TS-00230495,Wind generation,"Wind Offshore",2018-09-18,48,3679.368
NGET-EMFIP-AGWS-TS-00230494,Solar generation,"Solar",2018-09-18,48,0
NGET-EMFIP-AGWS-TS-00230493,Wind generation,"Wind Onshore",2018-09-18,47,4896.562
NGET-EMFIP-AGWS-TS-00230492,Wind generation,"Wind Offshore",2018-09-18,47,3678.357
NGET-EMFIP-AGWS-TS-00230491,Solar generation,"Solar",2018-09-18,47,0
NGET-EMFIP-AGWS-TS-00230490,Wind generation,"Wind Onshore",2018-09-18,46,5330.005
NGET-EMFIP-AGWS-TS-00230489,Wind generation,"Wind Offshore",2018-09-18,46,3714.849
NGET-EMFIP-AGWS-TS-00230488,Solar generation,"Solar",2018-09-18,46,0
NGET-EMFIP-AGWS-TS-00230487,Wind generation,"Wind Onshore",2018-09-18,45,5820.393
NGET-EMFIP-AGWS-TS-00230486,Wind generation,"Wind Offshore",2018-09-18,45,3865.199
NGET-EMFIP-AGWS-TS-00230485,Solar generation,"Solar",2018-09-18,45,0
NGET-EMFIP-AGWS-TS-00230484,Wind generation,"Wind Onshore",2018-09-18,44,6081.102
NGET-EMFIP-AGWS-TS-00230483,Wind generation,"Wind Offshore",2018-09-18,44,3981.682
NGET-EMFIP-AGWS-TS-00230482,Solar generation,"Solar",2018-09-18,44,1
NGET-EMFIP-AGWS-TS-00230481,Wind generation,"Wind Onshore",2018-09-18,43,6062.508
NGET-EMFIP-AGWS-TS-00230480,Wind generation,"Wind Offshore",2018-09-18,43,3947.221
NGET-EMFIP-AGWS-TS-00230479,Solar generation,"Solar",2018-09-18,43,0
NGET-EMFIP-AGWS-TS-00230474,Wind generation,"Wind Onshore",2018-09-18,42,5855.622
NGET-EMFIP-AGWS-TS-00230473,Wind generation,"Wind Offshore",2018-09-18,42,4151.585
NGET-EMFIP-AGWS-TS-00230472,Solar generation,"Solar",2018-09-18,42,1
NGET-EMFIP-AGWS-TS-00230471,Wind generation,"Wind Onshore",2018-09-18,41,6018.157
NGET-EMFIP-AGWS-TS-00230470,Wind generation,"Wind Offshore",2018-09-18,41,4147.676
NGET-EMFIP-AGWS-TS-00230469,Solar generation,"Solar",2018-09-18,41,2
NGET-EMFIP-AGWS-TS-00230468,Wind generation,"Wind Onshore",2018-09-18,40,6032.972
NGET-EMFIP-AGWS-TS-00230467,Wind generation,"Wind Offshore",2018-09-18,40,4203.594
NGET-EMFIP-AGWS-TS-00230466,Solar generation,"Solar",2018-09-18,40,3
NGET-EMFIP-AGWS-TS-00230465,Wind generation,"Wind Onshore",2018-09-18,39,5863.844
NGET-EMFIP-AGWS-TS-00230464,Wind generation,"Wind Offshore",2018-09-18,39,4068.441
NGET-EMFIP-AGWS-TS-00230463,Solar generation,"Solar",2018-09-18,39,4
NGET-EMFIP-AGWS-TS-00230462,Wind generation,"Wind Onshore",2018-09-18,38,6301.807
NGET-EMFIP-AGWS-TS-00230461,Wind generation,"Wind Offshore",2018-09-18,38,3952.032
NGET-EMFIP-AGWS-TS-00230460,Solar generation,"Solar",2018-09-18,38,104
NGET-EMFIP-AGWS-TS-00230459,Wind generation,"Wind Onshore",2018-09-18,37,6360.307
NGET-EMFIP-AGWS-TS-00230458,Wind generation,"Wind Offshore",2018-09-18,37,4055.643
NGET-EMFIP-AGWS-TS-00230457,Solar generation,"Solar",2018-09-18,37,441
NGET-EMFIP-AGWS-TS-00230456,Wind generation,"Wind Onshore",2018-09-18,36,6582.035
NGET-EMFIP-AGWS-TS-00230455,Wind generation,"Wind Offshore",2018-09-18,36,4200.866
NGET-EMFIP-AGWS-TS-00230454,Solar generation,"Solar",2018-09-18,36,925
NGET-EMFIP-AGWS-TS-00230453,Wind generation,"Wind Onshore",2018-09-18,35,6265.328
NGET-EMFIP-AGWS-TS-00230452,Wind generation,"Wind Offshore",2018-09-18,35,4305.887
NGET-EMFIP-AGWS-TS-00230451,Solar generation,"Solar",2018-09-18,35,1560
NGET-EMFIP-AGWS-TS-00230450,Wind generation,"Wind Onshore",2018-09-18,34,6186.729
NGET-EMFIP-AGWS-TS-00230449,Wind generation,"Wind Offshore",2018-09-18,34,4292.688
NGET-EMFIP-AGWS-TS-00230448,Solar generation,"Solar",2018-09-18,34,2070
NGET-EMFIP-AGWS-TS-00230447,Wind generation,"Wind Onshore",2018-09-18,33,2614.259
NGET-EMFIP-AGWS-TS-00230446,Wind generation,"Wind Offshore",2018-09-18,33,160.947
NGET-EMFIP-AGWS-TS-00230445,Solar generation,"Solar",2018-09-18,33,2410
NGET-EMFIP-AGWS-TS-00230444,Wind generation,"Wind Onshore",2018-09-18,32,6264.173
NGET-EMFIP-AGWS-TS-00230443,Wind generation,"Wind Offshore",2018-09-18,32,4301.939
NGET-EMFIP-AGWS-TS-00230442,Solar generation,"Solar",2018-09-18,32,2740
NGET-EMFIP-AGWS-TS-00230441,Wind generation,"Wind Onshore",2018-09-18,31,6291.1
NGET-EMFIP-AGWS-TS-00230440,Wind generation,"Wind Offshore",2018-09-18,31,4321.359
NGET-EMFIP-AGWS-TS-00230439,Solar generation,"Solar",2018-09-18,31,2860
NGET-EMFIP-AGWS-TS-00230422,Wind generation,"Wind Onshore",2018-09-18,30,6468.552
NGET-EMFIP-AGWS-TS-00230421,Wind generation,"Wind Offshore",2018-09-18,30,4261.982
NGET-EMFIP-AGWS-TS-00230420,Solar generation,"Solar",2018-09-18,30,2900
NGET-EMFIP-AGWS-TS-00230419,Wind generation,"Wind Onshore",2018-09-18,29,6413.126
NGET-EMFIP-AGWS-TS-00230418,Wind generation,"Wind Offshore",2018-09-18,29,4320.147
NGET-EMFIP-AGWS-TS-00230417,Solar generation,"Solar",2018-09-18,29,3810
NGET-EMFIP-AGWS-TS-00230416,Wind generation,"Wind Onshore",2018-09-18,28,6143.847
NGET-EMFIP-AGWS-TS-00230415,Wind generation,"Wind Offshore",2018-09-18,28,4344.25
NGET-EMFIP-AGWS-TS-00230414,Solar generation,"Solar",2018-09-18,28,3590
NGET-EMFIP-AGWS-TS-00230413,Wind generation,"Wind Onshore",2018-09-18,27,5769.751
NGET-EMFIP-AGWS-TS-00230412,Wind generation,"Wind Offshore",2018-09-18,27,4344.273
NGET-EMFIP-AGWS-TS-00230411,Solar generation,"Solar",2018-09-18,27,4240
NGET-EMFIP-AGWS-TS-00230410,Wind generation,"Wind Onshore",2018-09-18,26,5306.159
NGET-EMFIP-AGWS-TS-00230409,Wind generation,"Wind Offshore",2018-09-18,26,4341.932
NGET-EMFIP-AGWS-TS-00230408,Solar generation,"Solar",2018-09-18,26,4500
NGET-EMFIP-AGWS-TS-00230407,Wind generation,"Wind Onshore",2018-09-18,25,4791.333
NGET-EMFIP-AGWS-TS-00230406,Wind generation,"Wind Offshore",2018-09-18,25,4316.732
NGET-EMFIP-AGWS-TS-00230405,Solar generation,"Solar",2018-09-18,25,4330
NGET-EMFIP-AGWS-TS-00230404,Wind generation,"Wind Onshore",2018-09-18,24,4644.967
NGET-EMFIP-AGWS-TS-00230403,Wind generation,"Wind Offshore",2018-09-18,24,4312.477
NGET-EMFIP-AGWS-TS-00230402,Solar generation,"Solar",2018-09-18,24,3900
NGET-EMFIP-AGWS-TS-00230401,Wind generation,"Wind Onshore",2018-09-18,23,4317.083
NGET-EMFIP-AGWS-TS-00230400,Wind generation,"Wind Offshore",2018-09-18,23,4319.147
NGET-EMFIP-AGWS-TS-00230399,Solar generation,"Solar",2018-09-18,23,3350
NGET-EMFIP-AGWS-TS-00230398,Wind generation,"Wind Onshore",2018-09-18,22,3832.685
NGET-EMFIP-AGWS-TS-00230397,Wind generation,"Wind Offshore",2018-09-18,22,4303.738
NGET-EMFIP-AGWS-TS-00230396,Solar generation,"Solar",2018-09-18,22,2680
NGET-EMFIP-AGWS-TS-00230395,Wind generation,"Wind Onshore",2018-09-18,21,3701.679
NGET-EMFIP-AGWS-TS-00230394,Wind generation,"Wind Offshore",2018-09-18,21,4256.256
NGET-EMFIP-AGWS-TS-00230393,Solar generation,"Solar",2018-09-18,21,1393
NGET-EMFIP-AGWS-TS-00230392,Wind generation,"Wind Onshore",2018-09-18,20,3629.942
NGET-EMFIP-AGWS-TS-00230391,Wind generation,"Wind Offshore",2018-09-18,20,4218.951
NGET-EMFIP-AGWS-TS-00230390,Solar generation,"Solar",2018-09-18,20,1520
NGET-EMFIP-AGWS-TS-00230389,Wind generation,"Wind Onshore",2018-09-18,19,3687.742
NGET-EMFIP-AGWS-TS-00230388,Wind generation,"Wind Offshore",2018-09-18,19,4179.315
NGET-EMFIP-AGWS-TS-00230387,Solar generation,"Solar",2018-09-18,19,1050
NGET-EMFIP-AGWS-TS-00230386,Wind generation,"Wind Onshore",2018-09-18,18,3672.555
NGET-EMFIP-AGWS-TS-00230385,Wind generation,"Wind Offshore",2018-09-18,18,4243.319
NGET-EMFIP-AGWS-TS-00230384,Solar generation,"Solar",2018-09-18,18,693
NGET-EMFIP-AGWS-TS-00230383,Wind generation,"Wind Onshore",2018-09-18,17,3821.957
NGET-EMFIP-AGWS-TS-00230382,Wind generation,"Wind Offshore",2018-09-18,17,4255.934
NGET-EMFIP-AGWS-TS-00230381,Solar generation,"Solar",2018-09-18,17,207
NGET-EMFIP-AGWS-TS-00230377,Wind generation,"Wind Onshore",2018-09-18,15,4079.04
NGET-EMFIP-AGWS-TS-00230376,Wind generation,"Wind Offshore",2018-09-18,15,4098.802
NGET-EMFIP-AGWS-TS-00230375,Solar generation,"Solar",2018-09-18,15,37
NGET-EMFIP-AGWS-TS-00230374,Wind generation,"Wind Onshore",2018-09-18,14,4157.385
NGET-EMFIP-AGWS-TS-00230373,Wind generation,"Wind Offshore",2018-09-18,14,4026.184
NGET-EMFIP-AGWS-TS-00230372,Solar generation,"Solar",2018-09-18,14,2
NGET-EMFIP-AGWS-TS-00230371,Wind generation,"Wind Onshore",2018-09-18,13,3825.9
NGET-EMFIP-AGWS-TS-00230370,Wind generation,"Wind Offshore",2018-09-18,13,3848.494
NGET-EMFIP-AGWS-TS-00230369,Solar generation,"Solar",2018-09-18,13,0
NGET-EMFIP-AGWS-TS-00230368,Wind generation,"Wind Onshore",2018-09-18,12,3594.786
NGET-EMFIP-AGWS-TS-00230367,Wind generation,"Wind Offshore",2018-09-18,12,3905.563
NGET-EMFIP-AGWS-TS-00230366,Solar generation,"Solar",2018-09-18,12,1
NGET-EMFIP-AGWS-TS-00230365,Wind generation,"Wind Onshore",2018-09-18,11,3794.952
NGET-EMFIP-AGWS-TS-00230364,Wind generation,"Wind Offshore",2018-09-18,11,3744
NGET-EMFIP-AGWS-TS-00230363,Solar generation,"Solar",2018-09-18,11,0
NGET-EMFIP-AGWS-TS-00230362,Wind generation,"Wind Onshore",2018-09-18,10,3925.59
NGET-EMFIP-AGWS-TS-00230361,Wind generation,"Wind Offshore",2018-09-18,10,3792.276
NGET-EMFIP-AGWS-TS-00230360,Solar generation,"Solar",2018-09-18,10,1
NGET-EMFIP-AGWS-TS-00230359,Wind generation,"Wind Onshore",2018-09-18,9,4017.907
NGET-EMFIP-AGWS-TS-00230358,Wind generation,"Wind Offshore",2018-09-18,9,3798.292
NGET-EMFIP-AGWS-TS-00230357,Solar generation,"Solar",2018-09-18,9,0
NGET-EMFIP-AGWS-TS-00230356,Wind generation,"Wind Onshore",2018-09-18,8,4152.205
NGET-EMFIP-AGWS-TS-00230355,Wind generation,"Wind Offshore",2018-09-18,8,3740.539
NGET-EMFIP-AGWS-TS-00230354,Solar generation,"Solar",2018-09-18,8,0
NGET-EMFIP-AGWS-TS-00230353,Wind generation,"Wind Onshore",2018-09-18,7,4388.071
NGET-EMFIP-AGWS-TS-00230352,Wind generation,"Wind Offshore",2018-09-18,7,3960.474
NGET-EMFIP-AGWS-TS-00230351,Solar generation,"Solar",2018-09-18,7,0
NGET-EMFIP-AGWS-TS-00230350,Wind generation,"Wind Onshore",2018-09-18,6,4445.657
NGET-EMFIP-AGWS-TS-00230349,Wind generation,"Wind Offshore",2018-09-18,6,4010.431
NGET-EMFIP-AGWS-TS-00230348,Solar generation,"Solar",2018-09-18,6,0
NGET-EMFIP-AGWS-TS-00230347,Wind generation,"Wind Onshore",2018-09-18,5,4437.001
NGET-EMFIP-AGWS-TS-00230346,Wind generation,"Wind Offshore",2018-09-18,5,3953.062
NGET-EMFIP-AGWS-TS-00230345,Solar generation,"Solar",2018-09-18,5,0
NGET-EMFIP-AGWS-TS-00230344,Wind generation,"Wind Onshore",2018-09-18,4,4460.365
NGET-EMFIP-AGWS-TS-00230343,Wind generation,"Wind Offshore",2018-09-18,4,4058.176
NGET-EMFIP-AGWS-TS-00230342,Solar generation,"Solar",2018-09-18,4,0
NGET-EMFIP-AGWS-TS-00230341,Wind generation,"Wind Onshore",2018-09-18,3,4600.554
NGET-EMFIP-AGWS-TS-00230340,Wind generation,"Wind Offshore",2018-09-18,3,3877.849
NGET-EMFIP-AGWS-TS-00230339,Solar generation,"Solar",2018-09-18,3,0
NGET-EMFIP-AGWS-TS-00230338,Wind generation,"Wind Onshore",2018-09-18,2,4804.782
NGET-EMFIP-AGWS-TS-00230337,Wind generation,"Wind Offshore",2018-09-18,2,3877.546
NGET-EMFIP-AGWS-TS-00230336,Solar generation,"Solar",2018-09-18,2,0
NGET-EMFIP-AGWS-TS-00230335,Wind generation,"Wind Onshore",2018-09-18,1,4877.698
NGET-EMFIP-AGWS-TS-00230334,Wind generation,"Wind Offshore",2018-09-18,1,3923.651
NGET-EMFIP-AGWS-TS-00230333,Solar generation,"Solar",2018-09-18,1,0