Actual Or Estimated Wind And Solar Power Generation (B1630)
Time Series ID,Business Type,PSR Type,Settlement  Date,Settlement Period,Quantity (MW)
NGET-EMFIP-AGWS-TS-00227758,Wind generation,"Wind Onshore",2018-09-02,48,1125.308
NGET-EMFIP-AGWS-TS-00227757,Wind generation,"Wind Offshore",2018-09-02,48,722.766
NGET-EMFIP-AGWS-TS-00227756,Solar generation,"Solar",2018-09-02,48,0
NGET-EMFIP-AGWS-TS-00227755,Wind generation,"Wind Onshore",2018-09-02,47,1131.403
NGET-EMFIP-AGWS-TS-00227754,Wind generation,"Wind Offshore",2018-09-02,47,801.945
NGET-EMFIP-AGWS-TS-00227753,Solar generation,"Solar",2018-09-02,47,0
NGET-EMFIP-AGWS-TS-00227752,Wind generation,"Wind Onshore",2018-09-02,46,1420.28
NGET-EMFIP-AGWS-TS-00227751,Wind generation,"Wind Offshore",2018-09-02,46,837.036
NGET-EMFIP-AGWS-TS-00227750,Solar generation,"Solar",2018-09-02,46,0
NGET-EMFIP-AGWS-TS-00227749,Wind generation,"Wind Onshore",2018-09-02,45,1510.084
NGET-EMFIP-AGWS-TS-00227748,Wind generation,"Wind Offshore",2018-09-02,45,884.058
NGET-EMFIP-AGWS-TS-00227747,Solar generation,"Solar",2018-09-02,45,0
NGET-EMFIP-AGWS-TS-00227746,Wind generation,"Wind Onshore",2018-09-02,44,1641.672
NGET-EMFIP-AGWS-TS-00227745,Wind generation,"Wind Offshore",2018-09-02,44,954.948
NGET-EMFIP-AGWS-TS-00227744,Solar generation,"Solar",2018-09-02,44,1
NGET-EMFIP-AGWS-TS-00227743,Wind generation,"Wind Onshore",2018-09-02,43,1665.137
NGET-EMFIP-AGWS-TS-00227742,Wind generation,"Wind Offshore",2018-09-02,43,1070.827
NGET-EMFIP-AGWS-TS-00227741,Solar generation,"Solar",2018-09-02,43,1
NGET-EMFIP-AGWS-TS-00227740,Wind generation,"Wind Onshore",2018-09-02,42,1719.288
NGET-EMFIP-AGWS-TS-00227739,Wind generation,"Wind Offshore",2018-09-02,42,1119.592
NGET-EMFIP-AGWS-TS-00227738,Solar generation,"Solar",2018-09-02,42,0
NGET-EMFIP-AGWS-TS-00227737,Wind generation,"Wind Onshore",2018-09-02,41,1935.028
NGET-EMFIP-AGWS-TS-00227736,Wind generation,"Wind Offshore",2018-09-02,41,1173.862
NGET-EMFIP-AGWS-TS-00227735,Solar generation,"Solar",2018-09-02,41,2
NGET-EMFIP-AGWS-TS-00227734,Wind generation,"Wind Onshore",2018-09-02,40,2207.961
NGET-EMFIP-AGWS-TS-00227733,Wind generation,"Wind Offshore",2018-09-02,40,1246.184
NGET-EMFIP-AGWS-TS-00227732,Solar generation,"Solar",2018-09-02,40,9
NGET-EMFIP-AGWS-TS-00227731,Wind generation,"Wind Onshore",2018-09-02,39,2374.65
NGET-EMFIP-AGWS-TS-00227730,Wind generation,"Wind Offshore",2018-09-02,39,1383.117
NGET-EMFIP-AGWS-TS-00227729,Solar generation,"Solar",2018-09-02,39,153
NGET-EMFIP-AGWS-TS-00227728,Wind generation,"Wind Onshore",2018-09-02,38,2637.328
NGET-EMFIP-AGWS-TS-00227727,Wind generation,"Wind Offshore",2018-09-02,38,1455.969
NGET-EMFIP-AGWS-TS-00227726,Solar generation,"Solar",2018-09-02,38,515
NGET-EMFIP-AGWS-TS-00227725,Wind generation,"Wind Onshore",2018-09-02,37,2891.249
NGET-EMFIP-AGWS-TS-00227724,Wind generation,"Wind Offshore",2018-09-02,37,1473.245
NGET-EMFIP-AGWS-TS-00227723,Solar generation,"Solar",2018-09-02,37,1050
NGET-EMFIP-AGWS-TS-00227722,Wind generation,"Wind Onshore",2018-09-02,36,3321.798
NGET-EMFIP-AGWS-TS-00227721,Wind generation,"Wind Offshore",2018-09-02,36,1560.934
NGET-EMFIP-AGWS-TS-00227720,Solar generation,"Solar",2018-09-02,36,1710
NGET-EMFIP-AGWS-TS-00227719,Wind generation,"Wind Onshore",2018-09-02,35,3595.313
NGET-EMFIP-AGWS-TS-00227718,Wind generation,"Wind Offshore",2018-09-02,35,1435.512
NGET-EMFIP-AGWS-TS-00227717,Solar generation,"Solar",2018-09-02,35,2460
NGET-EMFIP-AGWS-TS-00227716,Wind generation,"Wind Onshore",2018-09-02,34,3906.9
NGET-EMFIP-AGWS-TS-00227715,Wind generation,"Wind Offshore",2018-09-02,34,1305.689
NGET-EMFIP-AGWS-TS-00227714,Solar generation,"Solar",2018-09-02,34,3250
NGET-EMFIP-AGWS-TS-00227713,Wind generation,"Wind Onshore",2018-09-02,33,4125.517
NGET-EMFIP-AGWS-TS-00227712,Wind generation,"Wind Offshore",2018-09-02,33,1143.342
NGET-EMFIP-AGWS-TS-00227711,Solar generation,"Solar",2018-09-02,33,3970
NGET-EMFIP-AGWS-TS-00227710,Wind generation,"Wind Onshore",2018-09-02,32,4330.156
NGET-EMFIP-AGWS-TS-00227709,Wind generation,"Wind Offshore",2018-09-02,32,1011.098
NGET-EMFIP-AGWS-TS-00227708,Solar generation,"Solar",2018-09-02,32,4610
NGET-EMFIP-AGWS-TS-00227707,Wind generation,"Wind Onshore",2018-09-02,31,4269.663
NGET-EMFIP-AGWS-TS-00227706,Wind generation,"Wind Offshore",2018-09-02,31,1007.145
NGET-EMFIP-AGWS-TS-00227705,Solar generation,"Solar",2018-09-02,31,5290
NGET-EMFIP-AGWS-TS-00227704,Wind generation,"Wind Onshore",2018-09-02,30,4355.325
NGET-EMFIP-AGWS-TS-00227703,Wind generation,"Wind Offshore",2018-09-02,30,923.473
NGET-EMFIP-AGWS-TS-00227702,Solar generation,"Solar",2018-09-02,30,5870
NGET-EMFIP-AGWS-TS-00227701,Wind generation,"Wind Onshore",2018-09-02,29,4393.577
NGET-EMFIP-AGWS-TS-00227700,Wind generation,"Wind Offshore",2018-09-02,29,902.36
NGET-EMFIP-AGWS-TS-00227699,Solar generation,"Solar",2018-09-02,29,6310
NGET-EMFIP-AGWS-TS-00227694,Wind generation,"Wind Onshore",2018-09-02,28,4626.092
NGET-EMFIP-AGWS-TS-00227693,Wind generation,"Wind Offshore",2018-09-02,28,840.689
NGET-EMFIP-AGWS-TS-00227692,Solar generation,"Solar",2018-09-02,28,6530
NGET-EMFIP-AGWS-TS-00227691,Wind generation,"Wind Onshore",2018-09-02,27,4383.043
NGET-EMFIP-AGWS-TS-00227690,Wind generation,"Wind Offshore",2018-09-02,27,779.201
NGET-EMFIP-AGWS-TS-00227689,Solar generation,"Solar",2018-09-02,27,6620
NGET-EMFIP-AGWS-TS-00227688,Wind generation,"Wind Onshore",2018-09-02,26,4314.761
NGET-EMFIP-AGWS-TS-00227687,Wind generation,"Wind Offshore",2018-09-02,26,758.131
NGET-EMFIP-AGWS-TS-00227686,Solar generation,"Solar",2018-09-02,26,6410
NGET-EMFIP-AGWS-TS-00227685,Wind generation,"Wind Onshore",2018-09-02,25,4390.977
NGET-EMFIP-AGWS-TS-00227684,Wind generation,"Wind Offshore",2018-09-02,25,705.389
NGET-EMFIP-AGWS-TS-00227683,Solar generation,"Solar",2018-09-02,25,6080
NGET-EMFIP-AGWS-TS-00227682,Wind generation,"Wind Onshore",2018-09-02,24,4289.147
NGET-EMFIP-AGWS-TS-00227681,Wind generation,"Wind Offshore",2018-09-02,24,732.703
NGET-EMFIP-AGWS-TS-00227680,Solar generation,"Solar",2018-09-02,24,5810
NGET-EMFIP-AGWS-TS-00227679,Wind generation,"Wind Onshore",2018-09-02,23,4411.38
NGET-EMFIP-AGWS-TS-00227678,Wind generation,"Wind Offshore",2018-09-02,23,700.091
NGET-EMFIP-AGWS-TS-00227677,Solar generation,"Solar",2018-09-02,23,5350
NGET-EMFIP-AGWS-TS-00227676,Wind generation,"Wind Onshore",2018-09-02,22,4377.041
NGET-EMFIP-AGWS-TS-00227675,Wind generation,"Wind Offshore",2018-09-02,22,738.844
NGET-EMFIP-AGWS-TS-00227674,Solar generation,"Solar",2018-09-02,22,4770
NGET-EMFIP-AGWS-TS-00227673,Wind generation,"Wind Onshore",2018-09-02,21,4125.103
NGET-EMFIP-AGWS-TS-00227672,Wind generation,"Wind Offshore",2018-09-02,21,747.419
NGET-EMFIP-AGWS-TS-00227671,Solar generation,"Solar",2018-09-02,21,4120
NGET-EMFIP-AGWS-TS-00227670,Wind generation,"Wind Onshore",2018-09-02,20,3935.819
NGET-EMFIP-AGWS-TS-00227669,Wind generation,"Wind Offshore",2018-09-02,20,684.35
NGET-EMFIP-AGWS-TS-00227668,Solar generation,"Solar",2018-09-02,20,3500
NGET-EMFIP-AGWS-TS-00227667,Wind generation,"Wind Onshore",2018-09-02,19,3802.455
NGET-EMFIP-AGWS-TS-00227666,Wind generation,"Wind Offshore",2018-09-02,19,676.712
NGET-EMFIP-AGWS-TS-00227665,Solar generation,"Solar",2018-09-02,19,2830
NGET-EMFIP-AGWS-TS-00227664,Wind generation,"Wind Onshore",2018-09-02,18,3738.74
NGET-EMFIP-AGWS-TS-00227663,Wind generation,"Wind Offshore",2018-09-02,18,777.14
NGET-EMFIP-AGWS-TS-00227662,Solar generation,"Solar",2018-09-02,18,2150
NGET-EMFIP-AGWS-TS-00227661,Wind generation,"Wind Onshore",2018-09-02,17,3493.844
NGET-EMFIP-AGWS-TS-00227660,Wind generation,"Wind Offshore",2018-09-02,17,839.303
NGET-EMFIP-AGWS-TS-00227659,Solar generation,"Solar",2018-09-02,17,1460
NGET-EMFIP-AGWS-TS-00227639,Wind generation,"Wind Onshore",2018-09-02,16,3301.553
NGET-EMFIP-AGWS-TS-00227638,Wind generation,"Wind Offshore",2018-09-02,16,860.877
NGET-EMFIP-AGWS-TS-00227637,Solar generation,"Solar",2018-09-02,16,895
NGET-EMFIP-AGWS-TS-00227636,Wind generation,"Wind Onshore",2018-09-02,15,3261.637
NGET-EMFIP-AGWS-TS-00227635,Wind generation,"Wind Offshore",2018-09-02,15,865.206
NGET-EMFIP-AGWS-TS-00227634,Solar generation,"Solar",2018-09-02,15,424
NGET-EMFIP-AGWS-TS-00227633,Wind generation,"Wind Onshore",2018-09-02,14,3085.781
NGET-EMFIP-AGWS-TS-00227632,Wind generation,"Wind Offshore",2018-09-02,14,811.114
NGET-EMFIP-AGWS-TS-00227631,Solar generation,"Solar",2018-09-02,14,98
NGET-EMFIP-AGWS-TS-00227630,Wind generation,"Wind Onshore",2018-09-02,13,2841.774
NGET-EMFIP-AGWS-TS-00227629,Wind generation,"Wind Offshore",2018-09-02,13,741.482
NGET-EMFIP-AGWS-TS-00227628,Solar generation,"Solar",2018-09-02,13,0
NGET-EMFIP-AGWS-TS-00227627,Wind generation,"Wind Onshore",2018-09-02,12,2652.155
NGET-EMFIP-AGWS-TS-00227626,Wind generation,"Wind Offshore",2018-09-02,12,838.171
NGET-EMFIP-AGWS-TS-00227625,Solar generation,"Solar",2018-09-02,12,0
NGET-EMFIP-AGWS-TS-00227624,Wind generation,"Wind Onshore",2018-09-02,11,2541.286
NGET-EMFIP-AGWS-TS-00227623,Wind generation,"Wind Offshore",2018-09-02,11,881.376
NGET-EMFIP-AGWS-TS-00227622,Solar generation,"Solar",2018-09-02,11,0
NGET-EMFIP-AGWS-TS-00227621,Wind generation,"Wind Onshore",2018-09-02,10,2367.407
NGET-EMFIP-AGWS-TS-00227620,Wind generation,"Wind Offshore",2018-09-02,10,799.706
NGET-EMFIP-AGWS-TS-00227619,Solar generation,"Solar",2018-09-02,10,0
NGET-EMFIP-AGWS-TS-00227618,Wind generation,"Wind Onshore",2018-09-02,9,2166.889
NGET-EMFIP-AGWS-TS-00227617,Wind generation,"Wind Offshore",2018-09-02,9,794.928
NGET-EMFIP-AGWS-TS-00227616,Solar generation,"Solar",2018-09-02,9,0
NGET-EMFIP-AGWS-TS-00227615,Wind generation,"Wind Onshore",2018-09-02,8,917.124
NGET-EMFIP-AGWS-TS-00227614,Wind generation,"Wind Offshore",2018-09-02,8,33.705
NGET-EMFIP-AGWS-TS-00227613,Solar generation,"Solar",2018-09-02,8,0
NGET-EMFIP-AGWS-TS-00227612,Wind generation,"Wind Onshore",2018-09-02,7,917.124
NGET-EMFIP-AGWS-TS-00227611,Wind generation,"Wind Offshore",2018-09-02,7,33.705
NGET-EMFIP-AGWS-TS-00227610,Solar generation,"Solar",2018-09-02,7,0
NGET-EMFIP-AGWS-TS-00227609,Wind generation,"Wind Onshore",2018-09-02,6,1907.325
NGET-EMFIP-AGWS-TS-00227608,Wind generation,"Wind Offshore",2018-09-02,6,984.104
NGET-EMFIP-AGWS-TS-00227607,Solar generation,"Solar",2018-09-02,6,0
NGET-EMFIP-AGWS-TS-00227606,Wind generation,"Wind Onshore",2018-09-02,5,1783.174
NGET-EMFIP-AGWS-TS-00227605,Wind generation,"Wind Offshore",2018-09-02,5,966.109
NGET-EMFIP-AGWS-TS-00227604,Solar generation,"Solar",2018-09-02,5,0
NGET-EMFIP-AGWS-TS-00227603,Wind generation,"Wind Onshore",2018-09-02,4,1722.298
NGET-EMFIP-AGWS-TS-00227602,Wind generation,"Wind Offshore",2018-09-02,4,1004.984
NGET-EMFIP-AGWS-TS-00227601,Solar generation,"Solar",2018-09-02,4,0
NGET-EMFIP-AGWS-TS-00227600,Wind generation,"Wind Onshore",2018-09-02,3,1615.802
NGET-EMFIP-AGWS-TS-00227599,Wind generation,"Wind Offshore",2018-09-02,3,991.375
NGET-EMFIP-AGWS-TS-00227598,Solar generation,"Solar",2018-09-02,3,0
NGET-EMFIP-AGWS-TS-00227597,Wind generation,"Wind Onshore",2018-09-02,2,1487.445
NGET-EMFIP-AGWS-TS-00227596,Wind generation,"Wind Offshore",2018-09-02,2,1050.469
NGET-EMFIP-AGWS-TS-00227595,Solar generation,"Solar",2018-09-02,2,0
NGET-EMFIP-AGWS-TS-00227594,Wind generation,"Wind Onshore",2018-09-02,1,1397.014
NGET-EMFIP-AGWS-TS-00227593,Wind generation,"Wind Offshore",2018-09-02,1,1072.908
NGET-EMFIP-AGWS-TS-00227592,Solar generation,"Solar",2018-09-02,1,0