Actual Or Estimated Wind And Solar Power Generation (B1630)
Time Series ID,Business Type,PSR Type,Settlement  Date,Settlement Period,Quantity (MW)
NGET-EMFIP-AGWS-TS-00233896,Wind generation,"Wind Onshore",2018-10-09,48,3508.527
NGET-EMFIP-AGWS-TS-00233895,Wind generation,"Wind Offshore",2018-10-09,48,1518.89
NGET-EMFIP-AGWS-TS-00233894,Solar generation,"Solar",2018-10-09,48,0
NGET-EMFIP-AGWS-TS-00233893,Wind generation,"Wind Onshore",2018-10-09,47,3596.415
NGET-EMFIP-AGWS-TS-00233892,Wind generation,"Wind Offshore",2018-10-09,47,1444.353
NGET-EMFIP-AGWS-TS-00233891,Solar generation,"Solar",2018-10-09,47,0
NGET-EMFIP-AGWS-TS-00233890,Wind generation,"Wind Onshore",2018-10-09,46,3701.119
NGET-EMFIP-AGWS-TS-00233889,Wind generation,"Wind Offshore",2018-10-09,46,1495.597
NGET-EMFIP-AGWS-TS-00233888,Solar generation,"Solar",2018-10-09,46,0
NGET-EMFIP-AGWS-TS-00233887,Wind generation,"Wind Onshore",2018-10-09,45,3917.786
NGET-EMFIP-AGWS-TS-00233886,Wind generation,"Wind Offshore",2018-10-09,45,1483.731
NGET-EMFIP-AGWS-TS-00233885,Solar generation,"Solar",2018-10-09,45,0
NGET-EMFIP-AGWS-TS-00233884,Wind generation,"Wind Onshore",2018-10-09,44,4073.347
NGET-EMFIP-AGWS-TS-00233883,Wind generation,"Wind Offshore",2018-10-09,44,1527.041
NGET-EMFIP-AGWS-TS-00233882,Solar generation,"Solar",2018-10-09,44,4
NGET-EMFIP-AGWS-TS-00233881,Wind generation,"Wind Onshore",2018-10-09,43,4239.8
NGET-EMFIP-AGWS-TS-00233880,Wind generation,"Wind Offshore",2018-10-09,43,1658.154
NGET-EMFIP-AGWS-TS-00233879,Solar generation,"Solar",2018-10-09,43,3
NGET-EMFIP-AGWS-TS-00233860,Wind generation,"Wind Onshore",2018-10-09,42,4453.531
NGET-EMFIP-AGWS-TS-00233859,Wind generation,"Wind Offshore",2018-10-09,42,1992.95
NGET-EMFIP-AGWS-TS-00233858,Solar generation,"Solar",2018-10-09,42,2
NGET-EMFIP-AGWS-TS-00233857,Wind generation,"Wind Onshore",2018-10-09,41,4447.541
NGET-EMFIP-AGWS-TS-00233856,Wind generation,"Wind Offshore",2018-10-09,41,2105.343
NGET-EMFIP-AGWS-TS-00233855,Solar generation,"Solar",2018-10-09,41,3
NGET-EMFIP-AGWS-TS-00233854,Wind generation,"Wind Onshore",2018-10-09,40,4608.676
NGET-EMFIP-AGWS-TS-00233853,Wind generation,"Wind Offshore",2018-10-09,40,2218.632
NGET-EMFIP-AGWS-TS-00233852,Solar generation,"Solar",2018-10-09,40,3
NGET-EMFIP-AGWS-TS-00233851,Wind generation,"Wind Onshore",2018-10-09,39,4604.334
NGET-EMFIP-AGWS-TS-00233850,Wind generation,"Wind Offshore",2018-10-09,39,2388.211
NGET-EMFIP-AGWS-TS-00233849,Solar generation,"Solar",2018-10-09,39,3
NGET-EMFIP-AGWS-TS-00233848,Wind generation,"Wind Onshore",2018-10-09,38,4467.875
NGET-EMFIP-AGWS-TS-00233847,Wind generation,"Wind Offshore",2018-10-09,38,2415.185
NGET-EMFIP-AGWS-TS-00233846,Solar generation,"Solar",2018-10-09,38,6
NGET-EMFIP-AGWS-TS-00233845,Wind generation,"Wind Onshore",2018-10-09,37,4582.999
NGET-EMFIP-AGWS-TS-00233844,Wind generation,"Wind Offshore",2018-10-09,37,2505.33
NGET-EMFIP-AGWS-TS-00233843,Solar generation,"Solar",2018-10-09,37,78
NGET-EMFIP-AGWS-TS-00233842,Wind generation,"Wind Onshore",2018-10-09,36,4680.031
NGET-EMFIP-AGWS-TS-00233841,Wind generation,"Wind Offshore",2018-10-09,36,2500.551
NGET-EMFIP-AGWS-TS-00233840,Solar generation,"Solar",2018-10-09,36,651
NGET-EMFIP-AGWS-TS-00233839,Wind generation,"Wind Onshore",2018-10-09,35,4483.519
NGET-EMFIP-AGWS-TS-00233838,Wind generation,"Wind Offshore",2018-10-09,35,2564.267
NGET-EMFIP-AGWS-TS-00233837,Solar generation,"Solar",2018-10-09,35,1600
NGET-EMFIP-AGWS-TS-00233836,Wind generation,"Wind Onshore",2018-10-09,34,4546.435
NGET-EMFIP-AGWS-TS-00233835,Wind generation,"Wind Offshore",2018-10-09,34,2683.755
NGET-EMFIP-AGWS-TS-00233834,Solar generation,"Solar",2018-10-09,34,2480
NGET-EMFIP-AGWS-TS-00233833,Wind generation,"Wind Onshore",2018-10-09,33,4418.311
NGET-EMFIP-AGWS-TS-00233832,Wind generation,"Wind Offshore",2018-10-09,33,2749.361
NGET-EMFIP-AGWS-TS-00233831,Solar generation,"Solar",2018-10-09,33,3360
NGET-EMFIP-AGWS-TS-00233830,Wind generation,"Wind Onshore",2018-10-09,32,4407.902
NGET-EMFIP-AGWS-TS-00233829,Wind generation,"Wind Offshore",2018-10-09,32,2789.13
NGET-EMFIP-AGWS-TS-00233828,Solar generation,"Solar",2018-10-09,32,4210
NGET-EMFIP-AGWS-TS-00233827,Wind generation,"Wind Onshore",2018-10-09,31,4417.644
NGET-EMFIP-AGWS-TS-00233826,Wind generation,"Wind Offshore",2018-10-09,31,2701.964
NGET-EMFIP-AGWS-TS-00233825,Solar generation,"Solar",2018-10-09,31,4980
NGET-EMFIP-AGWS-TS-00233824,Wind generation,"Wind Onshore",2018-10-09,30,4598.022
NGET-EMFIP-AGWS-TS-00233823,Wind generation,"Wind Offshore",2018-10-09,30,2632.566
NGET-EMFIP-AGWS-TS-00233822,Solar generation,"Solar",2018-10-09,30,5630
NGET-EMFIP-AGWS-TS-00233821,Wind generation,"Wind Onshore",2018-10-09,29,4647.184
NGET-EMFIP-AGWS-TS-00233820,Wind generation,"Wind Offshore",2018-10-09,29,2680.682
NGET-EMFIP-AGWS-TS-00233819,Solar generation,"Solar",2018-10-09,29,6090
NGET-EMFIP-AGWS-TS-00233814,Wind generation,"Wind Onshore",2018-10-09,28,4670.197
NGET-EMFIP-AGWS-TS-00233813,Wind generation,"Wind Offshore",2018-10-09,28,2733.117
NGET-EMFIP-AGWS-TS-00233812,Solar generation,"Solar",2018-10-09,28,6410
NGET-EMFIP-AGWS-TS-00233811,Wind generation,"Wind Onshore",2018-10-09,27,4921.623
NGET-EMFIP-AGWS-TS-00233810,Wind generation,"Wind Offshore",2018-10-09,27,2756.995
NGET-EMFIP-AGWS-TS-00233809,Solar generation,"Solar",2018-10-09,27,6570
NGET-EMFIP-AGWS-TS-00233808,Wind generation,"Wind Onshore",2018-10-09,26,4783.875
NGET-EMFIP-AGWS-TS-00233807,Wind generation,"Wind Offshore",2018-10-09,26,2721.088
NGET-EMFIP-AGWS-TS-00233806,Solar generation,"Solar",2018-10-09,26,6640
NGET-EMFIP-AGWS-TS-00233805,Wind generation,"Wind Onshore",2018-10-09,25,4735.832
NGET-EMFIP-AGWS-TS-00233804,Wind generation,"Wind Offshore",2018-10-09,25,2785.041
NGET-EMFIP-AGWS-TS-00233803,Solar generation,"Solar",2018-10-09,25,6520
NGET-EMFIP-AGWS-TS-00233802,Wind generation,"Wind Onshore",2018-10-09,24,4588.937
NGET-EMFIP-AGWS-TS-00233801,Wind generation,"Wind Offshore",2018-10-09,24,2761.727
NGET-EMFIP-AGWS-TS-00233800,Solar generation,"Solar",2018-10-09,24,6170
NGET-EMFIP-AGWS-TS-00233799,Wind generation,"Wind Onshore",2018-10-09,23,4603.484
NGET-EMFIP-AGWS-TS-00233798,Wind generation,"Wind Offshore",2018-10-09,23,2918.446
NGET-EMFIP-AGWS-TS-00233797,Solar generation,"Solar",2018-10-09,23,5640
NGET-EMFIP-AGWS-TS-00233796,Wind generation,"Wind Onshore",2018-10-09,22,4585.522
NGET-EMFIP-AGWS-TS-00233795,Wind generation,"Wind Offshore",2018-10-09,22,2872.948
NGET-EMFIP-AGWS-TS-00233794,Solar generation,"Solar",2018-10-09,22,4960
NGET-EMFIP-AGWS-TS-00233793,Wind generation,"Wind Onshore",2018-10-09,21,4711.296
NGET-EMFIP-AGWS-TS-00233792,Wind generation,"Wind Offshore",2018-10-09,21,3017.915
NGET-EMFIP-AGWS-TS-00233791,Solar generation,"Solar",2018-10-09,21,4200
NGET-EMFIP-AGWS-TS-00233790,Wind generation,"Wind Onshore",2018-10-09,20,4686.373
NGET-EMFIP-AGWS-TS-00233789,Wind generation,"Wind Offshore",2018-10-09,20,2988.934
NGET-EMFIP-AGWS-TS-00233788,Solar generation,"Solar",2018-10-09,20,3340
NGET-EMFIP-AGWS-TS-00233787,Wind generation,"Wind Onshore",2018-10-09,19,4365.985
NGET-EMFIP-AGWS-TS-00233786,Wind generation,"Wind Offshore",2018-10-09,19,3017.248
NGET-EMFIP-AGWS-TS-00233785,Solar generation,"Solar",2018-10-09,19,2440
NGET-EMFIP-AGWS-TS-00233784,Wind generation,"Wind Onshore",2018-10-09,18,4292.767
NGET-EMFIP-AGWS-TS-00233783,Wind generation,"Wind Offshore",2018-10-09,18,2910.021
NGET-EMFIP-AGWS-TS-00233782,Solar generation,"Solar",2018-10-09,18,1540
NGET-EMFIP-AGWS-TS-00233781,Wind generation,"Wind Onshore",2018-10-09,17,4167.754
NGET-EMFIP-AGWS-TS-00233780,Wind generation,"Wind Offshore",2018-10-09,17,2826.018
NGET-EMFIP-AGWS-TS-00233779,Solar generation,"Solar",2018-10-09,17,768
NGET-EMFIP-AGWS-TS-00233770,Wind generation,"Wind Onshore",2018-10-09,16,3926.482
NGET-EMFIP-AGWS-TS-00233769,Wind generation,"Wind Offshore",2018-10-09,16,2848.516
NGET-EMFIP-AGWS-TS-00233768,Solar generation,"Solar",2018-10-09,16,181
NGET-EMFIP-AGWS-TS-00233767,Wind generation,"Wind Onshore",2018-10-09,15,3704.603
NGET-EMFIP-AGWS-TS-00233766,Wind generation,"Wind Offshore",2018-10-09,15,2529.93
NGET-EMFIP-AGWS-TS-00233765,Solar generation,"Solar",2018-10-09,15,3
NGET-EMFIP-AGWS-TS-00233764,Wind generation,"Wind Onshore",2018-10-09,14,3528.783
NGET-EMFIP-AGWS-TS-00233763,Wind generation,"Wind Offshore",2018-10-09,14,2186.763
NGET-EMFIP-AGWS-TS-00233762,Solar generation,"Solar",2018-10-09,14,0
NGET-EMFIP-AGWS-TS-00233761,Wind generation,"Wind Onshore",2018-10-09,13,3581.602
NGET-EMFIP-AGWS-TS-00233760,Wind generation,"Wind Offshore",2018-10-09,13,1769.114
NGET-EMFIP-AGWS-TS-00233759,Solar generation,"Solar",2018-10-09,13,0
NGET-EMFIP-AGWS-TS-00233753,Wind generation,"Wind Onshore",2018-10-09,12,3508.327
NGET-EMFIP-AGWS-TS-00233752,Wind generation,"Wind Offshore",2018-10-09,12,1779.583
NGET-EMFIP-AGWS-TS-00233751,Solar generation,"Solar",2018-10-09,12,0
NGET-EMFIP-AGWS-TS-00233750,Wind generation,"Wind Onshore",2018-10-09,11,3485.758
NGET-EMFIP-AGWS-TS-00233749,Wind generation,"Wind Offshore",2018-10-09,11,1788.619
NGET-EMFIP-AGWS-TS-00233748,Solar generation,"Solar",2018-10-09,11,0
NGET-EMFIP-AGWS-TS-00233747,Wind generation,"Wind Onshore",2018-10-09,10,3553.216
NGET-EMFIP-AGWS-TS-00233746,Wind generation,"Wind Offshore",2018-10-09,10,1733.604
NGET-EMFIP-AGWS-TS-00233745,Solar generation,"Solar",2018-10-09,10,0
NGET-EMFIP-AGWS-TS-00233744,Wind generation,"Wind Onshore",2018-10-09,9,3615.8
NGET-EMFIP-AGWS-TS-00233743,Wind generation,"Wind Offshore",2018-10-09,9,1805.455
NGET-EMFIP-AGWS-TS-00233742,Solar generation,"Solar",2018-10-09,9,0
NGET-EMFIP-AGWS-TS-00233741,Wind generation,"Wind Onshore",2018-10-09,8,3608.365
NGET-EMFIP-AGWS-TS-00233740,Wind generation,"Wind Offshore",2018-10-09,8,1890.391
NGET-EMFIP-AGWS-TS-00233739,Solar generation,"Solar",2018-10-09,8,0
NGET-EMFIP-AGWS-TS-00233734,Wind generation,"Wind Onshore",2018-10-09,7,3560.862
NGET-EMFIP-AGWS-TS-00233733,Wind generation,"Wind Offshore",2018-10-09,7,1983.656
NGET-EMFIP-AGWS-TS-00233732,Solar generation,"Solar",2018-10-09,7,0
NGET-EMFIP-AGWS-TS-00233731,Wind generation,"Wind Onshore",2018-10-09,6,3608.96
NGET-EMFIP-AGWS-TS-00233730,Wind generation,"Wind Offshore",2018-10-09,6,2097.833
NGET-EMFIP-AGWS-TS-00233729,Solar generation,"Solar",2018-10-09,6,0
NGET-EMFIP-AGWS-TS-00233728,Wind generation,"Wind Onshore",2018-10-09,5,3590.961
NGET-EMFIP-AGWS-TS-00233727,Wind generation,"Wind Offshore",2018-10-09,5,2112.159
NGET-EMFIP-AGWS-TS-00233726,Solar generation,"Solar",2018-10-09,5,0
NGET-EMFIP-AGWS-TS-00233725,Wind generation,"Wind Onshore",2018-10-09,4,3646.767
NGET-EMFIP-AGWS-TS-00233724,Wind generation,"Wind Offshore",2018-10-09,4,2152.907
NGET-EMFIP-AGWS-TS-00233723,Solar generation,"Solar",2018-10-09,4,0
NGET-EMFIP-AGWS-TS-00233722,Wind generation,"Wind Onshore",2018-10-09,3,3737.715
NGET-EMFIP-AGWS-TS-00233721,Wind generation,"Wind Offshore",2018-10-09,3,2221.41
NGET-EMFIP-AGWS-TS-00233720,Solar generation,"Solar",2018-10-09,3,0
NGET-EMFIP-AGWS-TS-00233719,Wind generation,"Wind Onshore",2018-10-09,2,3647.878
NGET-EMFIP-AGWS-TS-00233718,Wind generation,"Wind Offshore",2018-10-09,2,2317.059
NGET-EMFIP-AGWS-TS-00233717,Solar generation,"Solar",2018-10-09,2,0
NGET-EMFIP-AGWS-TS-00233716,Wind generation,"Wind Onshore",2018-10-09,1,3777.375
NGET-EMFIP-AGWS-TS-00233715,Wind generation,"Wind Offshore",2018-10-09,1,2394.432
NGET-EMFIP-AGWS-TS-00233714,Solar generation,"Solar",2018-10-09,1,0