Actual Or Estimated Wind And Solar Power Generation (B1630)
Time Series ID,Business Type,PSR Type,Settlement  Date,Settlement Period,Quantity (MW)
NGET-EMFIP-AGWS-TS-00236878,Wind generation,"Wind Onshore",2018-10-27,48,4385.707
NGET-EMFIP-AGWS-TS-00236877,Wind generation,"Wind Offshore",2018-10-27,48,2907.239
NGET-EMFIP-AGWS-TS-00236876,Solar generation,"Solar",2018-10-27,48,0
NGET-EMFIP-AGWS-TS-00236875,Wind generation,"Wind Onshore",2018-10-27,47,4372.264
NGET-EMFIP-AGWS-TS-00236874,Wind generation,"Wind Offshore",2018-10-27,47,2716.139
NGET-EMFIP-AGWS-TS-00236873,Solar generation,"Solar",2018-10-27,47,0
NGET-EMFIP-AGWS-TS-00236872,Wind generation,"Wind Onshore",2018-10-27,46,4519.031
NGET-EMFIP-AGWS-TS-00236871,Wind generation,"Wind Offshore",2018-10-27,46,2914.182
NGET-EMFIP-AGWS-TS-00236870,Solar generation,"Solar",2018-10-27,46,0
NGET-EMFIP-AGWS-TS-00236869,Wind generation,"Wind Onshore",2018-10-27,45,4657.092
NGET-EMFIP-AGWS-TS-00236868,Wind generation,"Wind Offshore",2018-10-27,45,2726.351
NGET-EMFIP-AGWS-TS-00236867,Solar generation,"Solar",2018-10-27,45,0
NGET-EMFIP-AGWS-TS-00236866,Wind generation,"Wind Onshore",2018-10-27,44,4848.938
NGET-EMFIP-AGWS-TS-00236865,Wind generation,"Wind Offshore",2018-10-27,44,2988.122
NGET-EMFIP-AGWS-TS-00236864,Solar generation,"Solar",2018-10-27,44,0
NGET-EMFIP-AGWS-TS-00236863,Wind generation,"Wind Onshore",2018-10-27,43,4884.883
NGET-EMFIP-AGWS-TS-00236862,Wind generation,"Wind Offshore",2018-10-27,43,3223.907
NGET-EMFIP-AGWS-TS-00236861,Solar generation,"Solar",2018-10-27,43,2
NGET-EMFIP-AGWS-TS-00236860,Wind generation,"Wind Onshore",2018-10-27,42,4884.717
NGET-EMFIP-AGWS-TS-00236859,Wind generation,"Wind Offshore",2018-10-27,42,3475.466
NGET-EMFIP-AGWS-TS-00236858,Solar generation,"Solar",2018-10-27,42,0
NGET-EMFIP-AGWS-TS-00236857,Wind generation,"Wind Onshore",2018-10-27,41,4888.073
NGET-EMFIP-AGWS-TS-00236856,Wind generation,"Wind Offshore",2018-10-27,41,3605.136
NGET-EMFIP-AGWS-TS-00236855,Solar generation,"Solar",2018-10-27,41,1
NGET-EMFIP-AGWS-TS-00236854,Wind generation,"Wind Onshore",2018-10-27,40,4641.533
NGET-EMFIP-AGWS-TS-00236853,Wind generation,"Wind Offshore",2018-10-27,40,3541.717
NGET-EMFIP-AGWS-TS-00236852,Solar generation,"Solar",2018-10-27,40,1
NGET-EMFIP-AGWS-TS-00236851,Wind generation,"Wind Onshore",2018-10-27,39,4456.829
NGET-EMFIP-AGWS-TS-00236850,Wind generation,"Wind Offshore",2018-10-27,39,3378.49
NGET-EMFIP-AGWS-TS-00236849,Solar generation,"Solar",2018-10-27,39,3
NGET-EMFIP-AGWS-TS-00236848,Wind generation,"Wind Onshore",2018-10-27,38,4480.553
NGET-EMFIP-AGWS-TS-00236847,Wind generation,"Wind Offshore",2018-10-27,38,3350.732
NGET-EMFIP-AGWS-TS-00236846,Solar generation,"Solar",2018-10-27,38,3
NGET-EMFIP-AGWS-TS-00236845,Wind generation,"Wind Onshore",2018-10-27,37,4662.425
NGET-EMFIP-AGWS-TS-00236844,Wind generation,"Wind Offshore",2018-10-27,37,3363.552
NGET-EMFIP-AGWS-TS-00236843,Solar generation,"Solar",2018-10-27,37,7
NGET-EMFIP-AGWS-TS-00236842,Wind generation,"Wind Onshore",2018-10-27,36,4777.201
NGET-EMFIP-AGWS-TS-00236841,Wind generation,"Wind Offshore",2018-10-27,36,3354.155
NGET-EMFIP-AGWS-TS-00236840,Solar generation,"Solar",2018-10-27,36,16
NGET-EMFIP-AGWS-TS-00236839,Wind generation,"Wind Onshore",2018-10-27,35,4806.373
NGET-EMFIP-AGWS-TS-00236838,Wind generation,"Wind Offshore",2018-10-27,35,3250.977
NGET-EMFIP-AGWS-TS-00236837,Solar generation,"Solar",2018-10-27,35,195
NGET-EMFIP-AGWS-TS-00236836,Wind generation,"Wind Onshore",2018-10-27,34,4828.12
NGET-EMFIP-AGWS-TS-00236835,Wind generation,"Wind Offshore",2018-10-27,34,2985.983
NGET-EMFIP-AGWS-TS-00236834,Solar generation,"Solar",2018-10-27,34,613
NGET-EMFIP-AGWS-TS-00236833,Wind generation,"Wind Onshore",2018-10-27,33,4942.964
NGET-EMFIP-AGWS-TS-00236832,Wind generation,"Wind Offshore",2018-10-27,33,3054.684
NGET-EMFIP-AGWS-TS-00236831,Solar generation,"Solar",2018-10-27,33,1070
NGET-EMFIP-AGWS-TS-00236830,Wind generation,"Wind Onshore",2018-10-27,32,4988.521
NGET-EMFIP-AGWS-TS-00236829,Wind generation,"Wind Offshore",2018-10-27,32,3128.206
NGET-EMFIP-AGWS-TS-00236828,Solar generation,"Solar",2018-10-27,32,1550
NGET-EMFIP-AGWS-TS-00236827,Wind generation,"Wind Onshore",2018-10-27,31,5012.942
NGET-EMFIP-AGWS-TS-00236826,Wind generation,"Wind Offshore",2018-10-27,31,3055.395
NGET-EMFIP-AGWS-TS-00236825,Solar generation,"Solar",2018-10-27,31,1910
NGET-EMFIP-AGWS-TS-00236824,Wind generation,"Wind Onshore",2018-10-27,30,5119.013
NGET-EMFIP-AGWS-TS-00236823,Wind generation,"Wind Offshore",2018-10-27,30,2992.972
NGET-EMFIP-AGWS-TS-00236822,Solar generation,"Solar",2018-10-27,30,2240
NGET-EMFIP-AGWS-TS-00236821,Wind generation,"Wind Onshore",2018-10-27,29,5139.622
NGET-EMFIP-AGWS-TS-00236820,Wind generation,"Wind Offshore",2018-10-27,29,3099.417
NGET-EMFIP-AGWS-TS-00236819,Solar generation,"Solar",2018-10-27,29,2530
NGET-EMFIP-AGWS-TS-00236799,Wind generation,"Wind Onshore",2018-10-27,28,5298.557
NGET-EMFIP-AGWS-TS-00236798,Wind generation,"Wind Offshore",2018-10-27,28,3157.267
NGET-EMFIP-AGWS-TS-00236797,Solar generation,"Solar",2018-10-27,28,2850
NGET-EMFIP-AGWS-TS-00236796,Wind generation,"Wind Onshore",2018-10-27,27,5312.165
NGET-EMFIP-AGWS-TS-00236795,Wind generation,"Wind Offshore",2018-10-27,27,3248.458
NGET-EMFIP-AGWS-TS-00236794,Solar generation,"Solar",2018-10-27,27,3120
NGET-EMFIP-AGWS-TS-00236793,Wind generation,"Wind Onshore",2018-10-27,26,5281.522
NGET-EMFIP-AGWS-TS-00236792,Wind generation,"Wind Offshore",2018-10-27,26,2901.236
NGET-EMFIP-AGWS-TS-00236791,Solar generation,"Solar",2018-10-27,26,3320
NGET-EMFIP-AGWS-TS-00236790,Wind generation,"Wind Onshore",2018-10-27,25,5122.126
NGET-EMFIP-AGWS-TS-00236789,Wind generation,"Wind Offshore",2018-10-27,25,3080.048
NGET-EMFIP-AGWS-TS-00236788,Solar generation,"Solar",2018-10-27,25,3590
NGET-EMFIP-AGWS-TS-00236787,Wind generation,"Wind Onshore",2018-10-27,24,5011.262
NGET-EMFIP-AGWS-TS-00236786,Wind generation,"Wind Offshore",2018-10-27,24,3109.898
NGET-EMFIP-AGWS-TS-00236785,Solar generation,"Solar",2018-10-27,24,3760
NGET-EMFIP-AGWS-TS-00236784,Wind generation,"Wind Onshore",2018-10-27,23,4834
NGET-EMFIP-AGWS-TS-00236783,Wind generation,"Wind Offshore",2018-10-27,23,3307.636
NGET-EMFIP-AGWS-TS-00236782,Solar generation,"Solar",2018-10-27,23,3750
NGET-EMFIP-AGWS-TS-00236781,Wind generation,"Wind Onshore",2018-10-27,22,4480.698
NGET-EMFIP-AGWS-TS-00236780,Wind generation,"Wind Offshore",2018-10-27,22,3545.544
NGET-EMFIP-AGWS-TS-00236779,Solar generation,"Solar",2018-10-27,22,3380
NGET-EMFIP-AGWS-TS-00236770,Wind generation,"Wind Onshore",2018-10-27,21,4362.213
NGET-EMFIP-AGWS-TS-00236769,Wind generation,"Wind Offshore",2018-10-27,21,3340.985
NGET-EMFIP-AGWS-TS-00236768,Solar generation,"Solar",2018-10-27,21,2860
NGET-EMFIP-AGWS-TS-00236767,Wind generation,"Wind Onshore",2018-10-27,20,4607.034
NGET-EMFIP-AGWS-TS-00236766,Wind generation,"Wind Offshore",2018-10-27,20,3281.21
NGET-EMFIP-AGWS-TS-00236765,Solar generation,"Solar",2018-10-27,20,2210
NGET-EMFIP-AGWS-TS-00236764,Wind generation,"Wind Onshore",2018-10-27,19,4756.867
NGET-EMFIP-AGWS-TS-00236763,Wind generation,"Wind Offshore",2018-10-27,19,3610.082
NGET-EMFIP-AGWS-TS-00236762,Solar generation,"Solar",2018-10-27,19,1470
NGET-EMFIP-AGWS-TS-00236761,Wind generation,"Wind Onshore",2018-10-27,18,4988.923
NGET-EMFIP-AGWS-TS-00236760,Wind generation,"Wind Offshore",2018-10-27,18,3537.057
NGET-EMFIP-AGWS-TS-00236759,Solar generation,"Solar",2018-10-27,18,734
NGET-EMFIP-AGWS-TS-00236747,Wind generation,"Wind Onshore",2018-10-27,17,5203.045
NGET-EMFIP-AGWS-TS-00236746,Wind generation,"Wind Offshore",2018-10-27,17,3589.833
NGET-EMFIP-AGWS-TS-00236745,Solar generation,"Solar",2018-10-27,17,174
NGET-EMFIP-AGWS-TS-00236744,Wind generation,"Wind Onshore",2018-10-27,16,5158.179
NGET-EMFIP-AGWS-TS-00236743,Wind generation,"Wind Offshore",2018-10-27,16,3623.515
NGET-EMFIP-AGWS-TS-00236742,Solar generation,"Solar",2018-10-27,16,2
NGET-EMFIP-AGWS-TS-00236741,Wind generation,"Wind Onshore",2018-10-27,15,5336.169
NGET-EMFIP-AGWS-TS-00236740,Wind generation,"Wind Offshore",2018-10-27,15,3673.279
NGET-EMFIP-AGWS-TS-00236739,Solar generation,"Solar",2018-10-27,15,0
NGET-EMFIP-AGWS-TS-00236727,Wind generation,"Wind Onshore",2018-10-27,14,5302.878
NGET-EMFIP-AGWS-TS-00236726,Wind generation,"Wind Offshore",2018-10-27,14,3663.223
NGET-EMFIP-AGWS-TS-00236725,Solar generation,"Solar",2018-10-27,14,0
NGET-EMFIP-AGWS-TS-00236724,Wind generation,"Wind Onshore",2018-10-27,13,5365.743
NGET-EMFIP-AGWS-TS-00236723,Wind generation,"Wind Offshore",2018-10-27,13,3660.372
NGET-EMFIP-AGWS-TS-00236722,Solar generation,"Solar",2018-10-27,13,0
NGET-EMFIP-AGWS-TS-00236721,Wind generation,"Wind Onshore",2018-10-27,12,5570.201
NGET-EMFIP-AGWS-TS-00236720,Wind generation,"Wind Offshore",2018-10-27,12,3533.865
NGET-EMFIP-AGWS-TS-00236719,Solar generation,"Solar",2018-10-27,12,0
NGET-EMFIP-AGWS-TS-00236713,Wind generation,"Wind Onshore",2018-10-27,11,5739.662
NGET-EMFIP-AGWS-TS-00236712,Wind generation,"Wind Offshore",2018-10-27,11,3490.534
NGET-EMFIP-AGWS-TS-00236711,Solar generation,"Solar",2018-10-27,11,0
NGET-EMFIP-AGWS-TS-00236710,Wind generation,"Wind Onshore",2018-10-27,10,5651.443
NGET-EMFIP-AGWS-TS-00236709,Wind generation,"Wind Offshore",2018-10-27,10,3594.883
NGET-EMFIP-AGWS-TS-00236708,Solar generation,"Solar",2018-10-27,10,0
NGET-EMFIP-AGWS-TS-00236707,Wind generation,"Wind Onshore",2018-10-27,9,5747.059
NGET-EMFIP-AGWS-TS-00236706,Wind generation,"Wind Offshore",2018-10-27,9,3609.651
NGET-EMFIP-AGWS-TS-00236705,Solar generation,"Solar",2018-10-27,9,0
NGET-EMFIP-AGWS-TS-00236704,Wind generation,"Wind Onshore",2018-10-27,8,5702.495
NGET-EMFIP-AGWS-TS-00236703,Wind generation,"Wind Offshore",2018-10-27,8,3649.31
NGET-EMFIP-AGWS-TS-00236702,Solar generation,"Solar",2018-10-27,8,0
NGET-EMFIP-AGWS-TS-00236701,Wind generation,"Wind Onshore",2018-10-27,7,5821.867
NGET-EMFIP-AGWS-TS-00236700,Wind generation,"Wind Offshore",2018-10-27,7,3662.684
NGET-EMFIP-AGWS-TS-00236699,Solar generation,"Solar",2018-10-27,7,0
NGET-EMFIP-AGWS-TS-00236694,Wind generation,"Wind Onshore",2018-10-27,6,5763.461
NGET-EMFIP-AGWS-TS-00236693,Wind generation,"Wind Offshore",2018-10-27,6,3641.357
NGET-EMFIP-AGWS-TS-00236692,Solar generation,"Solar",2018-10-27,6,0
NGET-EMFIP-AGWS-TS-00236691,Wind generation,"Wind Onshore",2018-10-27,5,5835.557
NGET-EMFIP-AGWS-TS-00236690,Wind generation,"Wind Offshore",2018-10-27,5,3600.325
NGET-EMFIP-AGWS-TS-00236689,Solar generation,"Solar",2018-10-27,5,0
NGET-EMFIP-AGWS-TS-00236688,Wind generation,"Wind Onshore",2018-10-27,4,5796.338
NGET-EMFIP-AGWS-TS-00236687,Wind generation,"Wind Offshore",2018-10-27,4,3570.669
NGET-EMFIP-AGWS-TS-00236686,Solar generation,"Solar",2018-10-27,4,0
NGET-EMFIP-AGWS-TS-00236685,Wind generation,"Wind Onshore",2018-10-27,3,5685.795
NGET-EMFIP-AGWS-TS-00236684,Wind generation,"Wind Offshore",2018-10-27,3,3562.844
NGET-EMFIP-AGWS-TS-00236683,Solar generation,"Solar",2018-10-27,3,0
NGET-EMFIP-AGWS-TS-00236682,Wind generation,"Wind Onshore",2018-10-27,2,5439.939
NGET-EMFIP-AGWS-TS-00236681,Wind generation,"Wind Offshore",2018-10-27,2,3587.334
NGET-EMFIP-AGWS-TS-00236680,Solar generation,"Solar",2018-10-27,2,0
NGET-EMFIP-AGWS-TS-00236679,Wind generation,"Wind Onshore",2018-10-27,1,5602.666
NGET-EMFIP-AGWS-TS-00236678,Wind generation,"Wind Offshore",2018-10-27,1,3634.056
NGET-EMFIP-AGWS-TS-00236677,Solar generation,"Solar",2018-10-27,1,0