Actual Or Estimated Wind And Solar Power Generation (B1630)
Time Series ID,Business Type,PSR Type,Settlement  Date,Settlement Period,Quantity (MW)
NGET-EMFIP-AGWS-TS-00234073,Wind generation,"Wind Onshore",2018-10-10,48,4165.898
NGET-EMFIP-AGWS-TS-00234072,Wind generation,"Wind Offshore",2018-10-10,48,3096.563
NGET-EMFIP-AGWS-TS-00234071,Solar generation,"Solar",2018-10-10,48,0
NGET-EMFIP-AGWS-TS-00234070,Wind generation,"Wind Onshore",2018-10-10,47,4139.446
NGET-EMFIP-AGWS-TS-00234069,Wind generation,"Wind Offshore",2018-10-10,47,2982.296
NGET-EMFIP-AGWS-TS-00234068,Solar generation,"Solar",2018-10-10,47,0
NGET-EMFIP-AGWS-TS-00234067,Wind generation,"Wind Onshore",2018-10-10,46,4280.885
NGET-EMFIP-AGWS-TS-00234066,Wind generation,"Wind Offshore",2018-10-10,46,3053.846
NGET-EMFIP-AGWS-TS-00234065,Solar generation,"Solar",2018-10-10,46,0
NGET-EMFIP-AGWS-TS-00234064,Wind generation,"Wind Onshore",2018-10-10,45,4366.296
NGET-EMFIP-AGWS-TS-00234063,Wind generation,"Wind Offshore",2018-10-10,45,3133.871
NGET-EMFIP-AGWS-TS-00234062,Solar generation,"Solar",2018-10-10,45,0
NGET-EMFIP-AGWS-TS-00234061,Wind generation,"Wind Onshore",2018-10-10,44,4373.357
NGET-EMFIP-AGWS-TS-00234060,Wind generation,"Wind Offshore",2018-10-10,44,3064.83
NGET-EMFIP-AGWS-TS-00234059,Solar generation,"Solar",2018-10-10,44,2
NGET-EMFIP-AGWS-TS-00234044,Wind generation,"Wind Onshore",2018-10-10,43,4375.902
NGET-EMFIP-AGWS-TS-00234043,Wind generation,"Wind Offshore",2018-10-10,43,2937.797
NGET-EMFIP-AGWS-TS-00234042,Solar generation,"Solar",2018-10-10,43,4
NGET-EMFIP-AGWS-TS-00234041,Wind generation,"Wind Onshore",2018-10-10,42,4545.567
NGET-EMFIP-AGWS-TS-00234040,Wind generation,"Wind Offshore",2018-10-10,42,2947.774
NGET-EMFIP-AGWS-TS-00234039,Solar generation,"Solar",2018-10-10,42,4
NGET-EMFIP-AGWS-TS-00234038,Wind generation,"Wind Onshore",2018-10-10,41,4574.988
NGET-EMFIP-AGWS-TS-00234037,Wind generation,"Wind Offshore",2018-10-10,41,3008.841
NGET-EMFIP-AGWS-TS-00234036,Solar generation,"Solar",2018-10-10,41,2
NGET-EMFIP-AGWS-TS-00234035,Wind generation,"Wind Onshore",2018-10-10,40,4570.359
NGET-EMFIP-AGWS-TS-00234034,Wind generation,"Wind Offshore",2018-10-10,40,3068.929
NGET-EMFIP-AGWS-TS-00234033,Solar generation,"Solar",2018-10-10,40,5
NGET-EMFIP-AGWS-TS-00234032,Wind generation,"Wind Onshore",2018-10-10,39,4404.164
NGET-EMFIP-AGWS-TS-00234031,Wind generation,"Wind Offshore",2018-10-10,39,2908.915
NGET-EMFIP-AGWS-TS-00234030,Solar generation,"Solar",2018-10-10,39,6
NGET-EMFIP-AGWS-TS-00234029,Wind generation,"Wind Onshore",2018-10-10,38,4402.67
NGET-EMFIP-AGWS-TS-00234028,Wind generation,"Wind Offshore",2018-10-10,38,2726.472
NGET-EMFIP-AGWS-TS-00234027,Solar generation,"Solar",2018-10-10,38,7
NGET-EMFIP-AGWS-TS-00234026,Wind generation,"Wind Onshore",2018-10-10,37,4381.294
NGET-EMFIP-AGWS-TS-00234025,Wind generation,"Wind Offshore",2018-10-10,37,2572.976
NGET-EMFIP-AGWS-TS-00234024,Solar generation,"Solar",2018-10-10,37,44
NGET-EMFIP-AGWS-TS-00234023,Wind generation,"Wind Onshore",2018-10-10,36,4444.56
NGET-EMFIP-AGWS-TS-00234022,Wind generation,"Wind Offshore",2018-10-10,36,2561.793
NGET-EMFIP-AGWS-TS-00234021,Solar generation,"Solar",2018-10-10,36,473
NGET-EMFIP-AGWS-TS-00234020,Wind generation,"Wind Onshore",2018-10-10,35,4294.782
NGET-EMFIP-AGWS-TS-00234019,Wind generation,"Wind Offshore",2018-10-10,35,2443.829
NGET-EMFIP-AGWS-TS-00234018,Solar generation,"Solar",2018-10-10,35,1310
NGET-EMFIP-AGWS-TS-00234017,Wind generation,"Wind Onshore",2018-10-10,34,3977.961
NGET-EMFIP-AGWS-TS-00234016,Wind generation,"Wind Offshore",2018-10-10,34,2492.855
NGET-EMFIP-AGWS-TS-00234015,Solar generation,"Solar",2018-10-10,34,2230
NGET-EMFIP-AGWS-TS-00234014,Wind generation,"Wind Onshore",2018-10-10,33,4151.021
NGET-EMFIP-AGWS-TS-00234013,Wind generation,"Wind Offshore",2018-10-10,33,2398.887
NGET-EMFIP-AGWS-TS-00234012,Solar generation,"Solar",2018-10-10,33,3130
NGET-EMFIP-AGWS-TS-00234011,Wind generation,"Wind Onshore",2018-10-10,32,4065.55
NGET-EMFIP-AGWS-TS-00234010,Wind generation,"Wind Offshore",2018-10-10,32,2317.501
NGET-EMFIP-AGWS-TS-00234009,Solar generation,"Solar",2018-10-10,32,4100
NGET-EMFIP-AGWS-TS-00234008,Wind generation,"Wind Onshore",2018-10-10,31,3976.615
NGET-EMFIP-AGWS-TS-00234007,Wind generation,"Wind Offshore",2018-10-10,31,2131.18
NGET-EMFIP-AGWS-TS-00234006,Solar generation,"Solar",2018-10-10,31,4880
NGET-EMFIP-AGWS-TS-00234005,Wind generation,"Wind Onshore",2018-10-10,30,3832.337
NGET-EMFIP-AGWS-TS-00234004,Wind generation,"Wind Offshore",2018-10-10,30,2072.511
NGET-EMFIP-AGWS-TS-00234003,Solar generation,"Solar",2018-10-10,30,5570
NGET-EMFIP-AGWS-TS-00234002,Wind generation,"Wind Onshore",2018-10-10,29,3791.413
NGET-EMFIP-AGWS-TS-00234001,Wind generation,"Wind Offshore",2018-10-10,29,2245.647
NGET-EMFIP-AGWS-TS-00234000,Solar generation,"Solar",2018-10-10,29,6070
NGET-EMFIP-AGWS-TS-00233999,Wind generation,"Wind Onshore",2018-10-10,28,3622.43
NGET-EMFIP-AGWS-TS-00233998,Wind generation,"Wind Offshore",2018-10-10,28,2244.292
NGET-EMFIP-AGWS-TS-00233997,Solar generation,"Solar",2018-10-10,28,6440
NGET-EMFIP-AGWS-TS-00233996,Wind generation,"Wind Onshore",2018-10-10,27,3648.775
NGET-EMFIP-AGWS-TS-00233995,Wind generation,"Wind Offshore",2018-10-10,27,2117.003
NGET-EMFIP-AGWS-TS-00233994,Solar generation,"Solar",2018-10-10,27,6560
NGET-EMFIP-AGWS-TS-00233993,Wind generation,"Wind Onshore",2018-10-10,26,3480.134
NGET-EMFIP-AGWS-TS-00233992,Wind generation,"Wind Offshore",2018-10-10,26,1888.026
NGET-EMFIP-AGWS-TS-00233991,Solar generation,"Solar",2018-10-10,26,6620
NGET-EMFIP-AGWS-TS-00233990,Wind generation,"Wind Onshore",2018-10-10,25,3453.887
NGET-EMFIP-AGWS-TS-00233989,Wind generation,"Wind Offshore",2018-10-10,25,1805.297
NGET-EMFIP-AGWS-TS-00233988,Solar generation,"Solar",2018-10-10,25,6460
NGET-EMFIP-AGWS-TS-00233987,Wind generation,"Wind Onshore",2018-10-10,24,3516.738
NGET-EMFIP-AGWS-TS-00233986,Wind generation,"Wind Offshore",2018-10-10,24,1700.995
NGET-EMFIP-AGWS-TS-00233985,Solar generation,"Solar",2018-10-10,24,6130
NGET-EMFIP-AGWS-TS-00233984,Wind generation,"Wind Onshore",2018-10-10,23,3470.344
NGET-EMFIP-AGWS-TS-00233983,Wind generation,"Wind Offshore",2018-10-10,23,1655.349
NGET-EMFIP-AGWS-TS-00233982,Solar generation,"Solar",2018-10-10,23,5620
NGET-EMFIP-AGWS-TS-00233981,Wind generation,"Wind Onshore",2018-10-10,22,3325.162
NGET-EMFIP-AGWS-TS-00233980,Wind generation,"Wind Offshore",2018-10-10,22,1562.267
NGET-EMFIP-AGWS-TS-00233979,Solar generation,"Solar",2018-10-10,22,4900
NGET-EMFIP-AGWS-TS-00233959,Wind generation,"Wind Onshore",2018-10-10,21,3447.289
NGET-EMFIP-AGWS-TS-00233958,Wind generation,"Wind Offshore",2018-10-10,21,1554.76
NGET-EMFIP-AGWS-TS-00233957,Solar generation,"Solar",2018-10-10,21,4140
NGET-EMFIP-AGWS-TS-00233956,Wind generation,"Wind Onshore",2018-10-10,20,3587.32
NGET-EMFIP-AGWS-TS-00233955,Wind generation,"Wind Offshore",2018-10-10,20,1664.079
NGET-EMFIP-AGWS-TS-00233954,Solar generation,"Solar",2018-10-10,20,3300
NGET-EMFIP-AGWS-TS-00233953,Wind generation,"Wind Onshore",2018-10-10,19,3669.411
NGET-EMFIP-AGWS-TS-00233952,Wind generation,"Wind Offshore",2018-10-10,19,1514.914
NGET-EMFIP-AGWS-TS-00233951,Solar generation,"Solar",2018-10-10,19,2440
NGET-EMFIP-AGWS-TS-00233950,Wind generation,"Wind Onshore",2018-10-10,18,3725.817
NGET-EMFIP-AGWS-TS-00233949,Wind generation,"Wind Offshore",2018-10-10,18,1433.299
NGET-EMFIP-AGWS-TS-00233948,Solar generation,"Solar",2018-10-10,18,1530
NGET-EMFIP-AGWS-TS-00233947,Wind generation,"Wind Onshore",2018-10-10,17,3689.991
NGET-EMFIP-AGWS-TS-00233946,Wind generation,"Wind Offshore",2018-10-10,17,1346.162
NGET-EMFIP-AGWS-TS-00233945,Solar generation,"Solar",2018-10-10,17,694
NGET-EMFIP-AGWS-TS-00233944,Wind generation,"Wind Onshore",2018-10-10,16,3677.639
NGET-EMFIP-AGWS-TS-00233943,Wind generation,"Wind Offshore",2018-10-10,16,1246.674
NGET-EMFIP-AGWS-TS-00233942,Solar generation,"Solar",2018-10-10,16,132
NGET-EMFIP-AGWS-TS-00233941,Wind generation,"Wind Onshore",2018-10-10,15,3654.225
NGET-EMFIP-AGWS-TS-00233940,Wind generation,"Wind Offshore",2018-10-10,15,1139.531
NGET-EMFIP-AGWS-TS-00233939,Solar generation,"Solar",2018-10-10,15,2
NGET-EMFIP-AGWS-TS-00233938,Wind generation,"Wind Onshore",2018-10-10,14,3603.837
NGET-EMFIP-AGWS-TS-00233937,Wind generation,"Wind Offshore",2018-10-10,14,1116.614
NGET-EMFIP-AGWS-TS-00233936,Solar generation,"Solar",2018-10-10,14,1
NGET-EMFIP-AGWS-TS-00233935,Wind generation,"Wind Onshore",2018-10-10,13,3488.221
NGET-EMFIP-AGWS-TS-00233934,Wind generation,"Wind Offshore",2018-10-10,13,1088.704
NGET-EMFIP-AGWS-TS-00233933,Solar generation,"Solar",2018-10-10,13,1
NGET-EMFIP-AGWS-TS-00233932,Wind generation,"Wind Onshore",2018-10-10,12,3423.748
NGET-EMFIP-AGWS-TS-00233931,Wind generation,"Wind Offshore",2018-10-10,12,1017.35
NGET-EMFIP-AGWS-TS-00233930,Solar generation,"Solar",2018-10-10,12,1
NGET-EMFIP-AGWS-TS-00233929,Wind generation,"Wind Onshore",2018-10-10,11,3107.807
NGET-EMFIP-AGWS-TS-00233928,Wind generation,"Wind Offshore",2018-10-10,11,957.389
NGET-EMFIP-AGWS-TS-00233927,Solar generation,"Solar",2018-10-10,11,0
NGET-EMFIP-AGWS-TS-00233926,Wind generation,"Wind Onshore",2018-10-10,10,3126.473
NGET-EMFIP-AGWS-TS-00233925,Wind generation,"Wind Offshore",2018-10-10,10,1148.146
NGET-EMFIP-AGWS-TS-00233924,Solar generation,"Solar",2018-10-10,10,0
NGET-EMFIP-AGWS-TS-00233923,Wind generation,"Wind Onshore",2018-10-10,9,3195.383
NGET-EMFIP-AGWS-TS-00233922,Wind generation,"Wind Offshore",2018-10-10,9,1150.322
NGET-EMFIP-AGWS-TS-00233921,Solar generation,"Solar",2018-10-10,9,0
NGET-EMFIP-AGWS-TS-00233920,Wind generation,"Wind Onshore",2018-10-10,8,3261.475
NGET-EMFIP-AGWS-TS-00233919,Wind generation,"Wind Offshore",2018-10-10,8,1114.374
NGET-EMFIP-AGWS-TS-00233918,Solar generation,"Solar",2018-10-10,8,0
NGET-EMFIP-AGWS-TS-00233917,Wind generation,"Wind Onshore",2018-10-10,7,3178.414
NGET-EMFIP-AGWS-TS-00233916,Wind generation,"Wind Offshore",2018-10-10,7,1077.777
NGET-EMFIP-AGWS-TS-00233915,Solar generation,"Solar",2018-10-10,7,0
NGET-EMFIP-AGWS-TS-00233914,Wind generation,"Wind Onshore",2018-10-10,6,3245.138
NGET-EMFIP-AGWS-TS-00233913,Wind generation,"Wind Offshore",2018-10-10,6,1197.89
NGET-EMFIP-AGWS-TS-00233912,Solar generation,"Solar",2018-10-10,6,0
NGET-EMFIP-AGWS-TS-00233911,Wind generation,"Wind Onshore",2018-10-10,5,3162.509
NGET-EMFIP-AGWS-TS-00233910,Wind generation,"Wind Offshore",2018-10-10,5,1281.91
NGET-EMFIP-AGWS-TS-00233909,Solar generation,"Solar",2018-10-10,5,0
NGET-EMFIP-AGWS-TS-00233908,Wind generation,"Wind Onshore",2018-10-10,4,3213.246
NGET-EMFIP-AGWS-TS-00233907,Wind generation,"Wind Offshore",2018-10-10,4,1368.6
NGET-EMFIP-AGWS-TS-00233906,Solar generation,"Solar",2018-10-10,4,0
NGET-EMFIP-AGWS-TS-00233905,Wind generation,"Wind Onshore",2018-10-10,3,3227.133
NGET-EMFIP-AGWS-TS-00233904,Wind generation,"Wind Offshore",2018-10-10,3,1443.257
NGET-EMFIP-AGWS-TS-00233903,Solar generation,"Solar",2018-10-10,3,0
NGET-EMFIP-AGWS-TS-00233902,Wind generation,"Wind Onshore",2018-10-10,2,3300.223
NGET-EMFIP-AGWS-TS-00233901,Wind generation,"Wind Offshore",2018-10-10,2,1398.016
NGET-EMFIP-AGWS-TS-00233900,Solar generation,"Solar",2018-10-10,2,0
NGET-EMFIP-AGWS-TS-00233899,Wind generation,"Wind Onshore",2018-10-10,1,3398.696
NGET-EMFIP-AGWS-TS-00233898,Wind generation,"Wind Offshore",2018-10-10,1,1396.567
NGET-EMFIP-AGWS-TS-00233897,Solar generation,"Solar",2018-10-10,1,0