Actual Or Estimated Wind And Solar Power Generation (B1630)
Time Series ID,Business Type,PSR Type,Settlement  Date,Settlement Period,Quantity (MW)
NGET-EMFIP-AGWS-TS-00235507,Wind generation,"Wind Onshore",2018-10-19,48,1222.849
NGET-EMFIP-AGWS-TS-00235506,Wind generation,"Wind Offshore",2018-10-19,48,692.976
NGET-EMFIP-AGWS-TS-00235505,Solar generation,"Solar",2018-10-19,48,0
NGET-EMFIP-AGWS-TS-00235504,Wind generation,"Wind Onshore",2018-10-19,47,1110.249
NGET-EMFIP-AGWS-TS-00235503,Wind generation,"Wind Offshore",2018-10-19,47,686.994
NGET-EMFIP-AGWS-TS-00235502,Solar generation,"Solar",2018-10-19,47,0
NGET-EMFIP-AGWS-TS-00235501,Wind generation,"Wind Onshore",2018-10-19,46,1040.973
NGET-EMFIP-AGWS-TS-00235500,Wind generation,"Wind Offshore",2018-10-19,46,710.64
NGET-EMFIP-AGWS-TS-00235499,Solar generation,"Solar",2018-10-19,46,0
NGET-EMFIP-AGWS-TS-00235482,Wind generation,"Wind Onshore",2018-10-19,45,1091.411
NGET-EMFIP-AGWS-TS-00235481,Wind generation,"Wind Offshore",2018-10-19,45,702.248
NGET-EMFIP-AGWS-TS-00235480,Solar generation,"Solar",2018-10-19,45,0
NGET-EMFIP-AGWS-TS-00235479,Wind generation,"Wind Onshore",2018-10-19,44,1110.176
NGET-EMFIP-AGWS-TS-00235478,Wind generation,"Wind Offshore",2018-10-19,44,704.43
NGET-EMFIP-AGWS-TS-00235477,Solar generation,"Solar",2018-10-19,44,0
NGET-EMFIP-AGWS-TS-00235476,Wind generation,"Wind Onshore",2018-10-19,43,1122.441
NGET-EMFIP-AGWS-TS-00235475,Wind generation,"Wind Offshore",2018-10-19,43,765.527
NGET-EMFIP-AGWS-TS-00235474,Solar generation,"Solar",2018-10-19,43,3
NGET-EMFIP-AGWS-TS-00235473,Wind generation,"Wind Onshore",2018-10-19,42,1010.067
NGET-EMFIP-AGWS-TS-00235472,Wind generation,"Wind Offshore",2018-10-19,42,752.368
NGET-EMFIP-AGWS-TS-00235471,Solar generation,"Solar",2018-10-19,42,2
NGET-EMFIP-AGWS-TS-00235470,Wind generation,"Wind Onshore",2018-10-19,41,943.336
NGET-EMFIP-AGWS-TS-00235469,Wind generation,"Wind Offshore",2018-10-19,41,692.677
NGET-EMFIP-AGWS-TS-00235468,Solar generation,"Solar",2018-10-19,41,4
NGET-EMFIP-AGWS-TS-00235467,Wind generation,"Wind Onshore",2018-10-19,40,1032.056
NGET-EMFIP-AGWS-TS-00235466,Wind generation,"Wind Offshore",2018-10-19,40,722.172
NGET-EMFIP-AGWS-TS-00235465,Solar generation,"Solar",2018-10-19,40,5
NGET-EMFIP-AGWS-TS-00235464,Wind generation,"Wind Onshore",2018-10-19,39,1121.54
NGET-EMFIP-AGWS-TS-00235463,Wind generation,"Wind Offshore",2018-10-19,39,757.717
NGET-EMFIP-AGWS-TS-00235462,Solar generation,"Solar",2018-10-19,39,4
NGET-EMFIP-AGWS-TS-00235461,Wind generation,"Wind Onshore",2018-10-19,38,1441.326
NGET-EMFIP-AGWS-TS-00235460,Wind generation,"Wind Offshore",2018-10-19,38,710.113
NGET-EMFIP-AGWS-TS-00235459,Solar generation,"Solar",2018-10-19,38,9
NGET-EMFIP-AGWS-TS-00235458,Wind generation,"Wind Onshore",2018-10-19,37,1553.029
NGET-EMFIP-AGWS-TS-00235457,Wind generation,"Wind Offshore",2018-10-19,37,707.774
NGET-EMFIP-AGWS-TS-00235456,Solar generation,"Solar",2018-10-19,37,8
NGET-EMFIP-AGWS-TS-00235455,Wind generation,"Wind Onshore",2018-10-19,36,1978.599
NGET-EMFIP-AGWS-TS-00235454,Wind generation,"Wind Offshore",2018-10-19,36,728.95
NGET-EMFIP-AGWS-TS-00235453,Solar generation,"Solar",2018-10-19,36,71
NGET-EMFIP-AGWS-TS-00235452,Wind generation,"Wind Onshore",2018-10-19,35,2282.632
NGET-EMFIP-AGWS-TS-00235451,Wind generation,"Wind Offshore",2018-10-19,35,767.476
NGET-EMFIP-AGWS-TS-00235450,Solar generation,"Solar",2018-10-19,35,651
NGET-EMFIP-AGWS-TS-00235449,Wind generation,"Wind Onshore",2018-10-19,34,2791.601
NGET-EMFIP-AGWS-TS-00235448,Wind generation,"Wind Offshore",2018-10-19,34,746.247
NGET-EMFIP-AGWS-TS-00235447,Solar generation,"Solar",2018-10-19,34,1480
NGET-EMFIP-AGWS-TS-00235446,Wind generation,"Wind Onshore",2018-10-19,33,3145.098
NGET-EMFIP-AGWS-TS-00235445,Wind generation,"Wind Offshore",2018-10-19,33,846.63
NGET-EMFIP-AGWS-TS-00235444,Solar generation,"Solar",2018-10-19,33,2260
NGET-EMFIP-AGWS-TS-00235443,Wind generation,"Wind Onshore",2018-10-19,32,3330.367
NGET-EMFIP-AGWS-TS-00235442,Wind generation,"Wind Offshore",2018-10-19,32,840.557
NGET-EMFIP-AGWS-TS-00235441,Solar generation,"Solar",2018-10-19,32,3060
NGET-EMFIP-AGWS-TS-00235440,Wind generation,"Wind Onshore",2018-10-19,31,3409.154
NGET-EMFIP-AGWS-TS-00235439,Wind generation,"Wind Offshore",2018-10-19,31,823.243
NGET-EMFIP-AGWS-TS-00235438,Solar generation,"Solar",2018-10-19,31,3650
NGET-EMFIP-AGWS-TS-00235437,Wind generation,"Wind Onshore",2018-10-19,30,3739.899
NGET-EMFIP-AGWS-TS-00235436,Wind generation,"Wind Offshore",2018-10-19,30,865.945
NGET-EMFIP-AGWS-TS-00235435,Solar generation,"Solar",2018-10-19,30,4130
NGET-EMFIP-AGWS-TS-00235434,Wind generation,"Wind Onshore",2018-10-19,29,3685.553
NGET-EMFIP-AGWS-TS-00235433,Wind generation,"Wind Offshore",2018-10-19,29,820.338
NGET-EMFIP-AGWS-TS-00235432,Solar generation,"Solar",2018-10-19,29,4710
NGET-EMFIP-AGWS-TS-00235431,Wind generation,"Wind Onshore",2018-10-19,28,3663.677
NGET-EMFIP-AGWS-TS-00235430,Wind generation,"Wind Offshore",2018-10-19,28,796.036
NGET-EMFIP-AGWS-TS-00235429,Solar generation,"Solar",2018-10-19,28,5240
NGET-EMFIP-AGWS-TS-00235428,Wind generation,"Wind Onshore",2018-10-19,27,3555.03
NGET-EMFIP-AGWS-TS-00235427,Wind generation,"Wind Offshore",2018-10-19,27,851.836
NGET-EMFIP-AGWS-TS-00235426,Solar generation,"Solar",2018-10-19,27,5550
NGET-EMFIP-AGWS-TS-00235425,Wind generation,"Wind Onshore",2018-10-19,26,3516.126
NGET-EMFIP-AGWS-TS-00235424,Wind generation,"Wind Offshore",2018-10-19,26,866.879
NGET-EMFIP-AGWS-TS-00235423,Solar generation,"Solar",2018-10-19,26,5640
NGET-EMFIP-AGWS-TS-00235422,Wind generation,"Wind Onshore",2018-10-19,25,3580.266
NGET-EMFIP-AGWS-TS-00235421,Wind generation,"Wind Offshore",2018-10-19,25,976.516
NGET-EMFIP-AGWS-TS-00235420,Solar generation,"Solar",2018-10-19,25,5360
NGET-EMFIP-AGWS-TS-00235419,Wind generation,"Wind Onshore",2018-10-19,24,3606.995
NGET-EMFIP-AGWS-TS-00235418,Wind generation,"Wind Offshore",2018-10-19,24,1018.805
NGET-EMFIP-AGWS-TS-00235417,Solar generation,"Solar",2018-10-19,24,4850
NGET-EMFIP-AGWS-TS-00235416,Wind generation,"Wind Onshore",2018-10-19,23,3710.795
NGET-EMFIP-AGWS-TS-00235415,Wind generation,"Wind Offshore",2018-10-19,23,996.974
NGET-EMFIP-AGWS-TS-00235414,Solar generation,"Solar",2018-10-19,23,4350
NGET-EMFIP-AGWS-TS-00235413,Wind generation,"Wind Onshore",2018-10-19,22,3477.312
NGET-EMFIP-AGWS-TS-00235412,Wind generation,"Wind Offshore",2018-10-19,22,1015.544
NGET-EMFIP-AGWS-TS-00235411,Solar generation,"Solar",2018-10-19,22,3820
NGET-EMFIP-AGWS-TS-00235410,Wind generation,"Wind Onshore",2018-10-19,21,3617.596
NGET-EMFIP-AGWS-TS-00235409,Wind generation,"Wind Offshore",2018-10-19,21,902.111
NGET-EMFIP-AGWS-TS-00235408,Solar generation,"Solar",2018-10-19,21,3120
NGET-EMFIP-AGWS-TS-00235407,Wind generation,"Wind Onshore",2018-10-19,20,3473.734
NGET-EMFIP-AGWS-TS-00235406,Wind generation,"Wind Offshore",2018-10-19,20,863.566
NGET-EMFIP-AGWS-TS-00235405,Solar generation,"Solar",2018-10-19,20,2410
NGET-EMFIP-AGWS-TS-00235404,Wind generation,"Wind Onshore",2018-10-19,19,1049.421
NGET-EMFIP-AGWS-TS-00235403,Wind generation,"Wind Offshore",2018-10-19,19,34.784
NGET-EMFIP-AGWS-TS-00235402,Solar generation,"Solar",2018-10-19,19,1620
NGET-EMFIP-AGWS-TS-00235401,Wind generation,"Wind Onshore",2018-10-19,18,3560.458
NGET-EMFIP-AGWS-TS-00235400,Wind generation,"Wind Offshore",2018-10-19,18,1021.8
NGET-EMFIP-AGWS-TS-00235399,Solar generation,"Solar",2018-10-19,18,888
NGET-EMFIP-AGWS-TS-00235395,Wind generation,"Wind Onshore",2018-10-19,17,3639.536
NGET-EMFIP-AGWS-TS-00235394,Wind generation,"Wind Offshore",2018-10-19,17,1136.047
NGET-EMFIP-AGWS-TS-00235393,Solar generation,"Solar",2018-10-19,17,351
NGET-EMFIP-AGWS-TS-00235392,Wind generation,"Wind Onshore",2018-10-19,16,3438.39
NGET-EMFIP-AGWS-TS-00235391,Wind generation,"Wind Offshore",2018-10-19,16,1021.116
NGET-EMFIP-AGWS-TS-00235390,Solar generation,"Solar",2018-10-19,16,28
NGET-EMFIP-AGWS-TS-00235389,Wind generation,"Wind Onshore",2018-10-19,15,3379.376
NGET-EMFIP-AGWS-TS-00235388,Wind generation,"Wind Offshore",2018-10-19,15,924.252
NGET-EMFIP-AGWS-TS-00235387,Solar generation,"Solar",2018-10-19,15,0
NGET-EMFIP-AGWS-TS-00235386,Wind generation,"Wind Onshore",2018-10-19,14,3081.903
NGET-EMFIP-AGWS-TS-00235385,Wind generation,"Wind Offshore",2018-10-19,14,789.835
NGET-EMFIP-AGWS-TS-00235384,Solar generation,"Solar",2018-10-19,14,1
NGET-EMFIP-AGWS-TS-00235383,Wind generation,"Wind Onshore",2018-10-19,13,3014.496
NGET-EMFIP-AGWS-TS-00235382,Wind generation,"Wind Offshore",2018-10-19,13,788.547
NGET-EMFIP-AGWS-TS-00235381,Solar generation,"Solar",2018-10-19,13,1
NGET-EMFIP-AGWS-TS-00235380,Wind generation,"Wind Onshore",2018-10-19,12,2716.213
NGET-EMFIP-AGWS-TS-00235379,Wind generation,"Wind Offshore",2018-10-19,12,736.607
NGET-EMFIP-AGWS-TS-00235378,Solar generation,"Solar",2018-10-19,12,0
NGET-EMFIP-AGWS-TS-00235377,Wind generation,"Wind Onshore",2018-10-19,11,2594.003
NGET-EMFIP-AGWS-TS-00235376,Wind generation,"Wind Offshore",2018-10-19,11,739.319
NGET-EMFIP-AGWS-TS-00235375,Solar generation,"Solar",2018-10-19,11,0
NGET-EMFIP-AGWS-TS-00235374,Wind generation,"Wind Onshore",2018-10-19,10,2472.547
NGET-EMFIP-AGWS-TS-00235373,Wind generation,"Wind Offshore",2018-10-19,10,768.841
NGET-EMFIP-AGWS-TS-00235372,Solar generation,"Solar",2018-10-19,10,0
NGET-EMFIP-AGWS-TS-00235371,Wind generation,"Wind Onshore",2018-10-19,9,2463.403
NGET-EMFIP-AGWS-TS-00235370,Wind generation,"Wind Offshore",2018-10-19,9,741.178
NGET-EMFIP-AGWS-TS-00235369,Solar generation,"Solar",2018-10-19,9,0
NGET-EMFIP-AGWS-TS-00235368,Wind generation,"Wind Onshore",2018-10-19,8,2306.063
NGET-EMFIP-AGWS-TS-00235367,Wind generation,"Wind Offshore",2018-10-19,8,754.007
NGET-EMFIP-AGWS-TS-00235366,Solar generation,"Solar",2018-10-19,8,0
NGET-EMFIP-AGWS-TS-00235365,Wind generation,"Wind Onshore",2018-10-19,7,2307.981
NGET-EMFIP-AGWS-TS-00235364,Wind generation,"Wind Offshore",2018-10-19,7,734.791
NGET-EMFIP-AGWS-TS-00235363,Solar generation,"Solar",2018-10-19,7,0
NGET-EMFIP-AGWS-TS-00235362,Wind generation,"Wind Onshore",2018-10-19,6,2311.478
NGET-EMFIP-AGWS-TS-00235361,Wind generation,"Wind Offshore",2018-10-19,6,706.811
NGET-EMFIP-AGWS-TS-00235360,Solar generation,"Solar",2018-10-19,6,0
NGET-EMFIP-AGWS-TS-00235359,Wind generation,"Wind Onshore",2018-10-19,5,2340.896
NGET-EMFIP-AGWS-TS-00235358,Wind generation,"Wind Offshore",2018-10-19,5,751.316
NGET-EMFIP-AGWS-TS-00235357,Solar generation,"Solar",2018-10-19,5,0
NGET-EMFIP-AGWS-TS-00235353,Wind generation,"Wind Onshore",2018-10-19,3,2093.683
NGET-EMFIP-AGWS-TS-00235352,Wind generation,"Wind Offshore",2018-10-19,3,710.33
NGET-EMFIP-AGWS-TS-00235351,Solar generation,"Solar",2018-10-19,3,0
NGET-EMFIP-AGWS-TS-00235350,Wind generation,"Wind Onshore",2018-10-19,2,1948.168
NGET-EMFIP-AGWS-TS-00235349,Wind generation,"Wind Offshore",2018-10-19,2,690.143
NGET-EMFIP-AGWS-TS-00235348,Solar generation,"Solar",2018-10-19,2,0
NGET-EMFIP-AGWS-TS-00235347,Wind generation,"Wind Onshore",2018-10-19,1,1944.869
NGET-EMFIP-AGWS-TS-00235346,Wind generation,"Wind Offshore",2018-10-19,1,649.003
NGET-EMFIP-AGWS-TS-00235345,Solar generation,"Solar",2018-10-19,1,0