Actual Or Estimated Wind And Solar Power Generation (B1630)
Time Series ID,Business Type,PSR Type,Settlement  Date,Settlement Period,Quantity (MW)
NGET-EMFIP-AGWS-TS-00212538,Wind generation,"Wind Onshore",2018-06-03,48,395.593
NGET-EMFIP-AGWS-TS-00212537,Wind generation,"Wind Offshore",2018-06-03,48,395.928
NGET-EMFIP-AGWS-TS-00212536,Solar generation,"Solar",2018-06-03,48,0
NGET-EMFIP-AGWS-TS-00212535,Wind generation,"Wind Onshore",2018-06-03,47,382.866
NGET-EMFIP-AGWS-TS-00212534,Wind generation,"Wind Offshore",2018-06-03,47,313.137
NGET-EMFIP-AGWS-TS-00212533,Solar generation,"Solar",2018-06-03,47,0
NGET-EMFIP-AGWS-TS-00212532,Wind generation,"Wind Onshore",2018-06-03,46,387.884
NGET-EMFIP-AGWS-TS-00212531,Wind generation,"Wind Offshore",2018-06-03,46,286.884
NGET-EMFIP-AGWS-TS-00212530,Solar generation,"Solar",2018-06-03,46,0
NGET-EMFIP-AGWS-TS-00212529,Wind generation,"Wind Onshore",2018-06-03,45,364.428
NGET-EMFIP-AGWS-TS-00212528,Wind generation,"Wind Offshore",2018-06-03,45,277.694
NGET-EMFIP-AGWS-TS-00212527,Solar generation,"Solar",2018-06-03,45,8
NGET-EMFIP-AGWS-TS-00212526,Wind generation,"Wind Onshore",2018-06-03,44,372.362
NGET-EMFIP-AGWS-TS-00212525,Wind generation,"Wind Offshore",2018-06-03,44,311.366
NGET-EMFIP-AGWS-TS-00212524,Solar generation,"Solar",2018-06-03,44,13
NGET-EMFIP-AGWS-TS-00212523,Wind generation,"Wind Onshore",2018-06-03,43,382.963
NGET-EMFIP-AGWS-TS-00212522,Wind generation,"Wind Offshore",2018-06-03,43,380.874
NGET-EMFIP-AGWS-TS-00212521,Solar generation,"Solar",2018-06-03,43,17
NGET-EMFIP-AGWS-TS-00212520,Wind generation,"Wind Onshore",2018-06-03,42,400.435
NGET-EMFIP-AGWS-TS-00212519,Wind generation,"Wind Offshore",2018-06-03,42,400.536
NGET-EMFIP-AGWS-TS-00212518,Solar generation,"Solar",2018-06-03,42,120
NGET-EMFIP-AGWS-TS-00212517,Wind generation,"Wind Onshore",2018-06-03,41,422.486
NGET-EMFIP-AGWS-TS-00212516,Wind generation,"Wind Offshore",2018-06-03,41,391.01
NGET-EMFIP-AGWS-TS-00212515,Solar generation,"Solar",2018-06-03,41,391
NGET-EMFIP-AGWS-TS-00212514,Wind generation,"Wind Onshore",2018-06-03,40,475.794
NGET-EMFIP-AGWS-TS-00212513,Wind generation,"Wind Offshore",2018-06-03,40,403.095
NGET-EMFIP-AGWS-TS-00212512,Solar generation,"Solar",2018-06-03,40,797
NGET-EMFIP-AGWS-TS-00212511,Wind generation,"Wind Onshore",2018-06-03,39,494.296
NGET-EMFIP-AGWS-TS-00212510,Wind generation,"Wind Offshore",2018-06-03,39,357.546
NGET-EMFIP-AGWS-TS-00212509,Solar generation,"Solar",2018-06-03,39,1330
NGET-EMFIP-AGWS-TS-00212508,Wind generation,"Wind Onshore",2018-06-03,38,510.171
NGET-EMFIP-AGWS-TS-00212507,Wind generation,"Wind Offshore",2018-06-03,38,346.687
NGET-EMFIP-AGWS-TS-00212506,Solar generation,"Solar",2018-06-03,38,1950
NGET-EMFIP-AGWS-TS-00212505,Wind generation,"Wind Onshore",2018-06-03,37,538.216
NGET-EMFIP-AGWS-TS-00212504,Wind generation,"Wind Offshore",2018-06-03,37,367.109
NGET-EMFIP-AGWS-TS-00212503,Solar generation,"Solar",2018-06-03,37,2550
NGET-EMFIP-AGWS-TS-00212502,Wind generation,"Wind Onshore",2018-06-03,36,528.166
NGET-EMFIP-AGWS-TS-00212501,Wind generation,"Wind Offshore",2018-06-03,36,372.413
NGET-EMFIP-AGWS-TS-00212500,Solar generation,"Solar",2018-06-03,36,3270
NGET-EMFIP-AGWS-TS-00212499,Wind generation,"Wind Onshore",2018-06-03,35,539.569
NGET-EMFIP-AGWS-TS-00212498,Wind generation,"Wind Offshore",2018-06-03,35,360.189
NGET-EMFIP-AGWS-TS-00212497,Solar generation,"Solar",2018-06-03,35,3990
NGET-EMFIP-AGWS-TS-00212496,Wind generation,"Wind Onshore",2018-06-03,34,466.2
NGET-EMFIP-AGWS-TS-00212495,Wind generation,"Wind Offshore",2018-06-03,34,350.589
NGET-EMFIP-AGWS-TS-00212494,Solar generation,"Solar",2018-06-03,34,4670
NGET-EMFIP-AGWS-TS-00212493,Wind generation,"Wind Onshore",2018-06-03,33,457.798
NGET-EMFIP-AGWS-TS-00212492,Wind generation,"Wind Offshore",2018-06-03,33,316.95
NGET-EMFIP-AGWS-TS-00212491,Solar generation,"Solar",2018-06-03,33,5200
NGET-EMFIP-AGWS-TS-00212490,Wind generation,"Wind Onshore",2018-06-03,32,434.387
NGET-EMFIP-AGWS-TS-00212489,Wind generation,"Wind Offshore",2018-06-03,32,282.507
NGET-EMFIP-AGWS-TS-00212488,Solar generation,"Solar",2018-06-03,32,5620
NGET-EMFIP-AGWS-TS-00212487,Wind generation,"Wind Onshore",2018-06-03,31,444.894
NGET-EMFIP-AGWS-TS-00212486,Wind generation,"Wind Offshore",2018-06-03,31,263.346
NGET-EMFIP-AGWS-TS-00212485,Solar generation,"Solar",2018-06-03,31,6010
NGET-EMFIP-AGWS-TS-00212484,Wind generation,"Wind Onshore",2018-06-03,30,409.433
NGET-EMFIP-AGWS-TS-00212483,Wind generation,"Wind Offshore",2018-06-03,30,238.139
NGET-EMFIP-AGWS-TS-00212482,Solar generation,"Solar",2018-06-03,30,6410
NGET-EMFIP-AGWS-TS-00212481,Wind generation,"Wind Onshore",2018-06-03,29,393.215
NGET-EMFIP-AGWS-TS-00212480,Wind generation,"Wind Offshore",2018-06-03,29,229.762
NGET-EMFIP-AGWS-TS-00212479,Solar generation,"Solar",2018-06-03,29,6550
NGET-EMFIP-AGWS-TS-00212474,Wind generation,"Wind Onshore",2018-06-03,28,392.867
NGET-EMFIP-AGWS-TS-00212473,Wind generation,"Wind Offshore",2018-06-03,28,220.203
NGET-EMFIP-AGWS-TS-00212472,Solar generation,"Solar",2018-06-03,28,6570
NGET-EMFIP-AGWS-TS-00212471,Wind generation,"Wind Onshore",2018-06-03,27,378.315
NGET-EMFIP-AGWS-TS-00212470,Wind generation,"Wind Offshore",2018-06-03,27,208.149
NGET-EMFIP-AGWS-TS-00212469,Solar generation,"Solar",2018-06-03,27,6700
NGET-EMFIP-AGWS-TS-00212468,Wind generation,"Wind Onshore",2018-06-03,26,346.416
NGET-EMFIP-AGWS-TS-00212467,Wind generation,"Wind Offshore",2018-06-03,26,192.264
NGET-EMFIP-AGWS-TS-00212466,Solar generation,"Solar",2018-06-03,26,6800
NGET-EMFIP-AGWS-TS-00212465,Wind generation,"Wind Onshore",2018-06-03,25,341.195
NGET-EMFIP-AGWS-TS-00212464,Wind generation,"Wind Offshore",2018-06-03,25,185.339
NGET-EMFIP-AGWS-TS-00212463,Solar generation,"Solar",2018-06-03,25,6750
NGET-EMFIP-AGWS-TS-00212462,Wind generation,"Wind Onshore",2018-06-03,24,302.521
NGET-EMFIP-AGWS-TS-00212461,Wind generation,"Wind Offshore",2018-06-03,24,178.325
NGET-EMFIP-AGWS-TS-00212460,Solar generation,"Solar",2018-06-03,24,6560
NGET-EMFIP-AGWS-TS-00212459,Wind generation,"Wind Onshore",2018-06-03,23,300.158
NGET-EMFIP-AGWS-TS-00212458,Wind generation,"Wind Offshore",2018-06-03,23,178.893
NGET-EMFIP-AGWS-TS-00212457,Solar generation,"Solar",2018-06-03,23,6370
NGET-EMFIP-AGWS-TS-00212456,Wind generation,"Wind Onshore",2018-06-03,22,278.247
NGET-EMFIP-AGWS-TS-00212455,Wind generation,"Wind Offshore",2018-06-03,22,180.426
NGET-EMFIP-AGWS-TS-00212454,Solar generation,"Solar",2018-06-03,22,5960
NGET-EMFIP-AGWS-TS-00212450,Wind generation,"Wind Onshore",2018-06-03,20,246.654
NGET-EMFIP-AGWS-TS-00212449,Wind generation,"Wind Offshore",2018-06-03,20,189.064
NGET-EMFIP-AGWS-TS-00212448,Solar generation,"Solar",2018-06-03,20,4850
NGET-EMFIP-AGWS-TS-00212447,Wind generation,"Wind Onshore",2018-06-03,19,245.771
NGET-EMFIP-AGWS-TS-00212446,Wind generation,"Wind Offshore",2018-06-03,19,187.594
NGET-EMFIP-AGWS-TS-00212445,Solar generation,"Solar",2018-06-03,19,4170
NGET-EMFIP-AGWS-TS-00212444,Wind generation,"Wind Onshore",2018-06-03,18,226.447
NGET-EMFIP-AGWS-TS-00212443,Wind generation,"Wind Offshore",2018-06-03,18,190.392
NGET-EMFIP-AGWS-TS-00212442,Solar generation,"Solar",2018-06-03,18,3380
NGET-EMFIP-AGWS-TS-00212441,Wind generation,"Wind Onshore",2018-06-03,17,220.424
NGET-EMFIP-AGWS-TS-00212440,Wind generation,"Wind Offshore",2018-06-03,17,182.955
NGET-EMFIP-AGWS-TS-00212439,Solar generation,"Solar",2018-06-03,17,2690
NGET-EMFIP-AGWS-TS-00212422,Wind generation,"Wind Onshore",2018-06-03,16,223.155
NGET-EMFIP-AGWS-TS-00212421,Wind generation,"Wind Offshore",2018-06-03,16,190.202
NGET-EMFIP-AGWS-TS-00212420,Solar generation,"Solar",2018-06-03,16,2030
NGET-EMFIP-AGWS-TS-00212419,Wind generation,"Wind Onshore",2018-06-03,15,225.211
NGET-EMFIP-AGWS-TS-00212418,Wind generation,"Wind Offshore",2018-06-03,15,211.51
NGET-EMFIP-AGWS-TS-00212417,Solar generation,"Solar",2018-06-03,15,1460
NGET-EMFIP-AGWS-TS-00212416,Wind generation,"Wind Onshore",2018-06-03,14,239.681
NGET-EMFIP-AGWS-TS-00212415,Wind generation,"Wind Offshore",2018-06-03,14,223.167
NGET-EMFIP-AGWS-TS-00212414,Solar generation,"Solar",2018-06-03,14,972
NGET-EMFIP-AGWS-TS-00212413,Wind generation,"Wind Onshore",2018-06-03,13,246.314
NGET-EMFIP-AGWS-TS-00212412,Wind generation,"Wind Offshore",2018-06-03,13,240.096
NGET-EMFIP-AGWS-TS-00212411,Solar generation,"Solar",2018-06-03,13,538
NGET-EMFIP-AGWS-TS-00212410,Wind generation,"Wind Onshore",2018-06-03,12,250.225
NGET-EMFIP-AGWS-TS-00212409,Wind generation,"Wind Offshore",2018-06-03,12,254.539
NGET-EMFIP-AGWS-TS-00212408,Solar generation,"Solar",2018-06-03,12,237
NGET-EMFIP-AGWS-TS-00212407,Wind generation,"Wind Onshore",2018-06-03,11,256.897
NGET-EMFIP-AGWS-TS-00212406,Wind generation,"Wind Offshore",2018-06-03,11,291.862
NGET-EMFIP-AGWS-TS-00212405,Solar generation,"Solar",2018-06-03,11,43
NGET-EMFIP-AGWS-TS-00212404,Wind generation,"Wind Onshore",2018-06-03,10,262.787
NGET-EMFIP-AGWS-TS-00212403,Wind generation,"Wind Offshore",2018-06-03,10,313.466
NGET-EMFIP-AGWS-TS-00212402,Solar generation,"Solar",2018-06-03,10,2
NGET-EMFIP-AGWS-TS-00212401,Wind generation,"Wind Onshore",2018-06-03,9,266.564
NGET-EMFIP-AGWS-TS-00212400,Wind generation,"Wind Offshore",2018-06-03,9,355.255
NGET-EMFIP-AGWS-TS-00212399,Solar generation,"Solar",2018-06-03,9,1
NGET-EMFIP-AGWS-TS-00212382,Wind generation,"Wind Onshore",2018-06-03,8,248.803
NGET-EMFIP-AGWS-TS-00212381,Wind generation,"Wind Offshore",2018-06-03,8,361.671
NGET-EMFIP-AGWS-TS-00212380,Solar generation,"Solar",2018-06-03,8,1
NGET-EMFIP-AGWS-TS-00212379,Wind generation,"Wind Onshore",2018-06-03,7,250.613
NGET-EMFIP-AGWS-TS-00212378,Wind generation,"Wind Offshore",2018-06-03,7,335.527
NGET-EMFIP-AGWS-TS-00212377,Solar generation,"Solar",2018-06-03,7,2
NGET-EMFIP-AGWS-TS-00212376,Wind generation,"Wind Onshore",2018-06-03,6,241.56
NGET-EMFIP-AGWS-TS-00212375,Wind generation,"Wind Offshore",2018-06-03,6,299.4
NGET-EMFIP-AGWS-TS-00212374,Solar generation,"Solar",2018-06-03,6,3
NGET-EMFIP-AGWS-TS-00212373,Wind generation,"Wind Onshore",2018-06-03,5,243.491
NGET-EMFIP-AGWS-TS-00212372,Wind generation,"Wind Offshore",2018-06-03,5,278.948
NGET-EMFIP-AGWS-TS-00212371,Solar generation,"Solar",2018-06-03,5,2
NGET-EMFIP-AGWS-TS-00212370,Wind generation,"Wind Onshore",2018-06-03,4,265.788
NGET-EMFIP-AGWS-TS-00212369,Wind generation,"Wind Offshore",2018-06-03,4,269.894
NGET-EMFIP-AGWS-TS-00212368,Solar generation,"Solar",2018-06-03,4,0
NGET-EMFIP-AGWS-TS-00212367,Wind generation,"Wind Onshore",2018-06-03,3,274.095
NGET-EMFIP-AGWS-TS-00212366,Wind generation,"Wind Offshore",2018-06-03,3,314.836
NGET-EMFIP-AGWS-TS-00212365,Solar generation,"Solar",2018-06-03,3,0
NGET-EMFIP-AGWS-TS-00212364,Wind generation,"Wind Onshore",2018-06-03,2,272.698
NGET-EMFIP-AGWS-TS-00212363,Wind generation,"Wind Offshore",2018-06-03,2,297.044
NGET-EMFIP-AGWS-TS-00212362,Solar generation,"Solar",2018-06-03,2,0
NGET-EMFIP-AGWS-TS-00212361,Wind generation,"Wind Onshore",2018-06-03,1,263.618
NGET-EMFIP-AGWS-TS-00212360,Wind generation,"Wind Offshore",2018-06-03,1,281.736
NGET-EMFIP-AGWS-TS-00212359,Solar generation,"Solar",2018-06-03,1,0