Actual Or Estimated Wind And Solar Power Generation (B1630)
Time Series ID,Business Type,PSR Type,Settlement  Date,Settlement Period,Quantity (MW)
NGET-EMFIP-AGWS-TS-00214048,Wind generation,"Wind Onshore",2018-06-12,48,788.477
NGET-EMFIP-AGWS-TS-00214047,Wind generation,"Wind Offshore",2018-06-12,48,821.267
NGET-EMFIP-AGWS-TS-00214046,Solar generation,"Solar",2018-06-12,48,0
NGET-EMFIP-AGWS-TS-00214045,Wind generation,"Wind Onshore",2018-06-12,47,806.775
NGET-EMFIP-AGWS-TS-00214044,Wind generation,"Wind Offshore",2018-06-12,47,922.953
NGET-EMFIP-AGWS-TS-00214043,Solar generation,"Solar",2018-06-12,47,0
NGET-EMFIP-AGWS-TS-00214042,Wind generation,"Wind Onshore",2018-06-12,46,901.644
NGET-EMFIP-AGWS-TS-00214041,Wind generation,"Wind Offshore",2018-06-12,46,1159.276
NGET-EMFIP-AGWS-TS-00214040,Solar generation,"Solar",2018-06-12,46,0
NGET-EMFIP-AGWS-TS-00214039,Wind generation,"Wind Onshore",2018-06-12,45,940.53
NGET-EMFIP-AGWS-TS-00214038,Wind generation,"Wind Offshore",2018-06-12,45,1179.548
NGET-EMFIP-AGWS-TS-00214037,Solar generation,"Solar",2018-06-12,45,6
NGET-EMFIP-AGWS-TS-00214036,Wind generation,"Wind Onshore",2018-06-12,44,1037.03
NGET-EMFIP-AGWS-TS-00214035,Wind generation,"Wind Offshore",2018-06-12,44,1307.683
NGET-EMFIP-AGWS-TS-00214034,Solar generation,"Solar",2018-06-12,44,5
NGET-EMFIP-AGWS-TS-00214033,Wind generation,"Wind Onshore",2018-06-12,43,1081.5
NGET-EMFIP-AGWS-TS-00214032,Wind generation,"Wind Offshore",2018-06-12,43,1266.713
NGET-EMFIP-AGWS-TS-00214031,Solar generation,"Solar",2018-06-12,43,22
NGET-EMFIP-AGWS-TS-00214030,Wind generation,"Wind Onshore",2018-06-12,42,1252.972
NGET-EMFIP-AGWS-TS-00214029,Wind generation,"Wind Offshore",2018-06-12,42,1278.333
NGET-EMFIP-AGWS-TS-00214028,Solar generation,"Solar",2018-06-12,42,154
NGET-EMFIP-AGWS-TS-00214027,Wind generation,"Wind Onshore",2018-06-12,41,1359.617
NGET-EMFIP-AGWS-TS-00214026,Wind generation,"Wind Offshore",2018-06-12,41,1238.61
NGET-EMFIP-AGWS-TS-00214025,Solar generation,"Solar",2018-06-12,41,441
NGET-EMFIP-AGWS-TS-00214024,Wind generation,"Wind Onshore",2018-06-12,40,1465.124
NGET-EMFIP-AGWS-TS-00214023,Wind generation,"Wind Offshore",2018-06-12,40,1255.324
NGET-EMFIP-AGWS-TS-00214022,Solar generation,"Solar",2018-06-12,40,805
NGET-EMFIP-AGWS-TS-00214021,Wind generation,"Wind Onshore",2018-06-12,39,1501.059
NGET-EMFIP-AGWS-TS-00214020,Wind generation,"Wind Offshore",2018-06-12,39,1251.798
NGET-EMFIP-AGWS-TS-00214019,Solar generation,"Solar",2018-06-12,39,1190
NGET-EMFIP-AGWS-TS-00214018,Wind generation,"Wind Onshore",2018-06-12,38,1478.311
NGET-EMFIP-AGWS-TS-00214017,Wind generation,"Wind Offshore",2018-06-12,38,1227.065
NGET-EMFIP-AGWS-TS-00214016,Solar generation,"Solar",2018-06-12,38,1580
NGET-EMFIP-AGWS-TS-00214015,Wind generation,"Wind Onshore",2018-06-12,37,1412.945
NGET-EMFIP-AGWS-TS-00214014,Wind generation,"Wind Offshore",2018-06-12,37,1116.715
NGET-EMFIP-AGWS-TS-00214013,Solar generation,"Solar",2018-06-12,37,1940
NGET-EMFIP-AGWS-TS-00214012,Wind generation,"Wind Onshore",2018-06-12,36,1364.368
NGET-EMFIP-AGWS-TS-00214011,Wind generation,"Wind Offshore",2018-06-12,36,1097.612
NGET-EMFIP-AGWS-TS-00214010,Solar generation,"Solar",2018-06-12,36,2360
NGET-EMFIP-AGWS-TS-00214009,Wind generation,"Wind Onshore",2018-06-12,35,1362.103
NGET-EMFIP-AGWS-TS-00214008,Wind generation,"Wind Offshore",2018-06-12,35,1177.825
NGET-EMFIP-AGWS-TS-00214007,Solar generation,"Solar",2018-06-12,35,2810
NGET-EMFIP-AGWS-TS-00214006,Wind generation,"Wind Onshore",2018-06-12,34,1341.927
NGET-EMFIP-AGWS-TS-00214005,Wind generation,"Wind Offshore",2018-06-12,34,993.782
NGET-EMFIP-AGWS-TS-00214004,Solar generation,"Solar",2018-06-12,34,3240
NGET-EMFIP-AGWS-TS-00214003,Wind generation,"Wind Onshore",2018-06-12,33,1257.778
NGET-EMFIP-AGWS-TS-00214002,Wind generation,"Wind Offshore",2018-06-12,33,888.678
NGET-EMFIP-AGWS-TS-00214001,Solar generation,"Solar",2018-06-12,33,3520
NGET-EMFIP-AGWS-TS-00214000,Wind generation,"Wind Onshore",2018-06-12,32,1245.791
NGET-EMFIP-AGWS-TS-00213999,Wind generation,"Wind Offshore",2018-06-12,32,901.833
NGET-EMFIP-AGWS-TS-00213998,Solar generation,"Solar",2018-06-12,32,3750
NGET-EMFIP-AGWS-TS-00213997,Wind generation,"Wind Onshore",2018-06-12,31,1265.735
NGET-EMFIP-AGWS-TS-00213996,Wind generation,"Wind Offshore",2018-06-12,31,964.487
NGET-EMFIP-AGWS-TS-00213995,Solar generation,"Solar",2018-06-12,31,4020
NGET-EMFIP-AGWS-TS-00213994,Wind generation,"Wind Onshore",2018-06-12,30,1239.367
NGET-EMFIP-AGWS-TS-00213993,Wind generation,"Wind Offshore",2018-06-12,30,1089.361
NGET-EMFIP-AGWS-TS-00213992,Solar generation,"Solar",2018-06-12,30,4290
NGET-EMFIP-AGWS-TS-00213991,Wind generation,"Wind Onshore",2018-06-12,29,1205.513
NGET-EMFIP-AGWS-TS-00213990,Wind generation,"Wind Offshore",2018-06-12,29,922.259
NGET-EMFIP-AGWS-TS-00213989,Solar generation,"Solar",2018-06-12,29,4348
NGET-EMFIP-AGWS-TS-00213988,Wind generation,"Wind Onshore",2018-06-12,28,1245.652
NGET-EMFIP-AGWS-TS-00213987,Wind generation,"Wind Offshore",2018-06-12,28,915.085
NGET-EMFIP-AGWS-TS-00213986,Solar generation,"Solar",2018-06-12,28,4420
NGET-EMFIP-AGWS-TS-00213985,Wind generation,"Wind Onshore",2018-06-12,27,1259.358
NGET-EMFIP-AGWS-TS-00213984,Wind generation,"Wind Offshore",2018-06-12,27,1004.035
NGET-EMFIP-AGWS-TS-00213983,Solar generation,"Solar",2018-06-12,27,4550
NGET-EMFIP-AGWS-TS-00213982,Wind generation,"Wind Onshore",2018-06-12,26,1206.293
NGET-EMFIP-AGWS-TS-00213981,Wind generation,"Wind Offshore",2018-06-12,26,886.454
NGET-EMFIP-AGWS-TS-00213980,Solar generation,"Solar",2018-06-12,26,4670
NGET-EMFIP-AGWS-TS-00213979,Wind generation,"Wind Onshore",2018-06-12,25,1190.92
NGET-EMFIP-AGWS-TS-00213978,Wind generation,"Wind Offshore",2018-06-12,25,1007.717
NGET-EMFIP-AGWS-TS-00213977,Solar generation,"Solar",2018-06-12,25,4480
NGET-EMFIP-AGWS-TS-00213976,Wind generation,"Wind Onshore",2018-06-12,24,1151.598
NGET-EMFIP-AGWS-TS-00213975,Wind generation,"Wind Offshore",2018-06-12,24,998.835
NGET-EMFIP-AGWS-TS-00213974,Solar generation,"Solar",2018-06-12,24,4530
NGET-EMFIP-AGWS-TS-00213973,Wind generation,"Wind Onshore",2018-06-12,23,1160.746
NGET-EMFIP-AGWS-TS-00213972,Wind generation,"Wind Offshore",2018-06-12,23,1006.515
NGET-EMFIP-AGWS-TS-00213971,Solar generation,"Solar",2018-06-12,23,4400
NGET-EMFIP-AGWS-TS-00213970,Wind generation,"Wind Onshore",2018-06-12,22,1104.684
NGET-EMFIP-AGWS-TS-00213969,Wind generation,"Wind Offshore",2018-06-12,22,981.593
NGET-EMFIP-AGWS-TS-00213968,Solar generation,"Solar",2018-06-12,22,4050
NGET-EMFIP-AGWS-TS-00213967,Wind generation,"Wind Onshore",2018-06-12,21,1053.65
NGET-EMFIP-AGWS-TS-00213966,Wind generation,"Wind Offshore",2018-06-12,21,914.445
NGET-EMFIP-AGWS-TS-00213965,Solar generation,"Solar",2018-06-12,21,3690
NGET-EMFIP-AGWS-TS-00213964,Wind generation,"Wind Onshore",2018-06-12,20,998.299
NGET-EMFIP-AGWS-TS-00213963,Wind generation,"Wind Offshore",2018-06-12,20,886.433
NGET-EMFIP-AGWS-TS-00213962,Solar generation,"Solar",2018-06-12,20,3280
NGET-EMFIP-AGWS-TS-00213961,Wind generation,"Wind Onshore",2018-06-12,19,957.402
NGET-EMFIP-AGWS-TS-00213960,Wind generation,"Wind Offshore",2018-06-12,19,820.467
NGET-EMFIP-AGWS-TS-00213959,Solar generation,"Solar",2018-06-12,19,2840
NGET-EMFIP-AGWS-TS-00213954,Wind generation,"Wind Onshore",2018-06-12,18,992.894
NGET-EMFIP-AGWS-TS-00213953,Wind generation,"Wind Offshore",2018-06-12,18,972.1
NGET-EMFIP-AGWS-TS-00213952,Solar generation,"Solar",2018-06-12,18,2360
NGET-EMFIP-AGWS-TS-00213951,Wind generation,"Wind Onshore",2018-06-12,17,960.216
NGET-EMFIP-AGWS-TS-00213950,Wind generation,"Wind Offshore",2018-06-12,17,1035.696
NGET-EMFIP-AGWS-TS-00213949,Solar generation,"Solar",2018-06-12,17,1350
NGET-EMFIP-AGWS-TS-00213948,Wind generation,"Wind Onshore",2018-06-12,16,886.81
NGET-EMFIP-AGWS-TS-00213947,Wind generation,"Wind Offshore",2018-06-12,16,918.819
NGET-EMFIP-AGWS-TS-00213946,Solar generation,"Solar",2018-06-12,16,1510
NGET-EMFIP-AGWS-TS-00213945,Wind generation,"Wind Onshore",2018-06-12,15,907.351
NGET-EMFIP-AGWS-TS-00213944,Wind generation,"Wind Offshore",2018-06-12,15,961.257
NGET-EMFIP-AGWS-TS-00213943,Solar generation,"Solar",2018-06-12,15,1190
NGET-EMFIP-AGWS-TS-00213942,Wind generation,"Wind Onshore",2018-06-12,14,884.274
NGET-EMFIP-AGWS-TS-00213941,Wind generation,"Wind Offshore",2018-06-12,14,1040.464
NGET-EMFIP-AGWS-TS-00213940,Solar generation,"Solar",2018-06-12,14,0
NGET-EMFIP-AGWS-TS-00213939,Wind generation,"Wind Onshore",2018-06-12,13,896.682
NGET-EMFIP-AGWS-TS-00213938,Wind generation,"Wind Offshore",2018-06-12,13,1117.839
NGET-EMFIP-AGWS-TS-00213937,Solar generation,"Solar",2018-06-12,13,550
NGET-EMFIP-AGWS-TS-00213936,Wind generation,"Wind Onshore",2018-06-12,12,906.361
NGET-EMFIP-AGWS-TS-00213935,Wind generation,"Wind Offshore",2018-06-12,12,1150.574
NGET-EMFIP-AGWS-TS-00213934,Solar generation,"Solar",2018-06-12,12,271
NGET-EMFIP-AGWS-TS-00213933,Wind generation,"Wind Onshore",2018-06-12,11,909.053
NGET-EMFIP-AGWS-TS-00213932,Wind generation,"Wind Offshore",2018-06-12,11,1127.911
NGET-EMFIP-AGWS-TS-00213931,Solar generation,"Solar",2018-06-12,11,147
NGET-EMFIP-AGWS-TS-00213930,Wind generation,"Wind Onshore",2018-06-12,10,900.554
NGET-EMFIP-AGWS-TS-00213929,Wind generation,"Wind Offshore",2018-06-12,10,1035.043
NGET-EMFIP-AGWS-TS-00213928,Solar generation,"Solar",2018-06-12,10,22
NGET-EMFIP-AGWS-TS-00213927,Wind generation,"Wind Onshore",2018-06-12,9,792.876
NGET-EMFIP-AGWS-TS-00213926,Wind generation,"Wind Offshore",2018-06-12,9,886.643
NGET-EMFIP-AGWS-TS-00213925,Solar generation,"Solar",2018-06-12,9,0
NGET-EMFIP-AGWS-TS-00213924,Wind generation,"Wind Onshore",2018-06-12,8,783.004
NGET-EMFIP-AGWS-TS-00213923,Wind generation,"Wind Offshore",2018-06-12,8,918.508
NGET-EMFIP-AGWS-TS-00213922,Solar generation,"Solar",2018-06-12,8,0
NGET-EMFIP-AGWS-TS-00213921,Wind generation,"Wind Onshore",2018-06-12,7,893.322
NGET-EMFIP-AGWS-TS-00213920,Wind generation,"Wind Offshore",2018-06-12,7,932.852
NGET-EMFIP-AGWS-TS-00213919,Solar generation,"Solar",2018-06-12,7,0
NGET-EMFIP-AGWS-TS-00213914,Wind generation,"Wind Onshore",2018-06-12,6,904.937
NGET-EMFIP-AGWS-TS-00213913,Wind generation,"Wind Offshore",2018-06-12,6,870.886
NGET-EMFIP-AGWS-TS-00213912,Solar generation,"Solar",2018-06-12,6,0
NGET-EMFIP-AGWS-TS-00213911,Wind generation,"Wind Onshore",2018-06-12,5,927.147
NGET-EMFIP-AGWS-TS-00213910,Wind generation,"Wind Offshore",2018-06-12,5,959.374
NGET-EMFIP-AGWS-TS-00213909,Solar generation,"Solar",2018-06-12,5,0
NGET-EMFIP-AGWS-TS-00213908,Wind generation,"Wind Onshore",2018-06-12,4,978.24
NGET-EMFIP-AGWS-TS-00213907,Wind generation,"Wind Offshore",2018-06-12,4,1007.53
NGET-EMFIP-AGWS-TS-00213906,Solar generation,"Solar",2018-06-12,4,0
NGET-EMFIP-AGWS-TS-00213905,Wind generation,"Wind Onshore",2018-06-12,3,1002.536
NGET-EMFIP-AGWS-TS-00213904,Wind generation,"Wind Offshore",2018-06-12,3,1005.319
NGET-EMFIP-AGWS-TS-00213903,Solar generation,"Solar",2018-06-12,3,0
NGET-EMFIP-AGWS-TS-00213902,Wind generation,"Wind Onshore",2018-06-12,2,1064.625
NGET-EMFIP-AGWS-TS-00213901,Wind generation,"Wind Offshore",2018-06-12,2,956.731
NGET-EMFIP-AGWS-TS-00213900,Solar generation,"Solar",2018-06-12,2,0
NGET-EMFIP-AGWS-TS-00213899,Wind generation,"Wind Onshore",2018-06-12,1,1149.939
NGET-EMFIP-AGWS-TS-00213898,Wind generation,"Wind Offshore",2018-06-12,1,914.936
NGET-EMFIP-AGWS-TS-00213897,Solar generation,"Solar",2018-06-12,1,0