Actual Or Estimated Wind And Solar Power Generation (B1630)
Time Series ID,Business Type,PSR Type,Settlement  Date,Settlement Period,Quantity (MW)
NGET-EMFIP-AGWS-TS-00214517,Wind generation,"Wind Onshore",2018-06-15,48,1435.958
NGET-EMFIP-AGWS-TS-00214516,Wind generation,"Wind Offshore",2018-06-15,48,706.123
NGET-EMFIP-AGWS-TS-00214515,Solar generation,"Solar",2018-06-15,48,0
NGET-EMFIP-AGWS-TS-00214514,Wind generation,"Wind Onshore",2018-06-15,47,1413.084
NGET-EMFIP-AGWS-TS-00214513,Wind generation,"Wind Offshore",2018-06-15,47,694.235
NGET-EMFIP-AGWS-TS-00214512,Solar generation,"Solar",2018-06-15,47,0
NGET-EMFIP-AGWS-TS-00214511,Wind generation,"Wind Onshore",2018-06-15,46,1414.176
NGET-EMFIP-AGWS-TS-00214510,Wind generation,"Wind Offshore",2018-06-15,46,787.392
NGET-EMFIP-AGWS-TS-00214509,Solar generation,"Solar",2018-06-15,46,0
NGET-EMFIP-AGWS-TS-00214508,Wind generation,"Wind Onshore",2018-06-15,45,1388.403
NGET-EMFIP-AGWS-TS-00214507,Wind generation,"Wind Offshore",2018-06-15,45,675.162
NGET-EMFIP-AGWS-TS-00214506,Solar generation,"Solar",2018-06-15,45,2
NGET-EMFIP-AGWS-TS-00214505,Wind generation,"Wind Onshore",2018-06-15,44,1397.587
NGET-EMFIP-AGWS-TS-00214504,Wind generation,"Wind Offshore",2018-06-15,44,633.137
NGET-EMFIP-AGWS-TS-00214503,Solar generation,"Solar",2018-06-15,44,5
NGET-EMFIP-AGWS-TS-00214502,Wind generation,"Wind Onshore",2018-06-15,43,1374.037
NGET-EMFIP-AGWS-TS-00214501,Wind generation,"Wind Offshore",2018-06-15,43,558.134
NGET-EMFIP-AGWS-TS-00214500,Solar generation,"Solar",2018-06-15,43,369
NGET-EMFIP-AGWS-TS-00214499,Wind generation,"Wind Onshore",2018-06-15,42,1412.297
NGET-EMFIP-AGWS-TS-00214498,Wind generation,"Wind Offshore",2018-06-15,42,532.884
NGET-EMFIP-AGWS-TS-00214497,Solar generation,"Solar",2018-06-15,42,167
NGET-EMFIP-AGWS-TS-00214496,Wind generation,"Wind Onshore",2018-06-15,41,1407.386
NGET-EMFIP-AGWS-TS-00214495,Wind generation,"Wind Offshore",2018-06-15,41,587.754
NGET-EMFIP-AGWS-TS-00214494,Solar generation,"Solar",2018-06-15,41,428
NGET-EMFIP-AGWS-TS-00214493,Wind generation,"Wind Onshore",2018-06-15,40,1648.716
NGET-EMFIP-AGWS-TS-00214492,Wind generation,"Wind Offshore",2018-06-15,40,655.045
NGET-EMFIP-AGWS-TS-00214491,Solar generation,"Solar",2018-06-15,40,778
NGET-EMFIP-AGWS-TS-00214490,Wind generation,"Wind Onshore",2018-06-15,39,1740.119
NGET-EMFIP-AGWS-TS-00214489,Wind generation,"Wind Offshore",2018-06-15,39,685.616
NGET-EMFIP-AGWS-TS-00214488,Solar generation,"Solar",2018-06-15,39,1300
NGET-EMFIP-AGWS-TS-00214487,Wind generation,"Wind Onshore",2018-06-15,38,2145.406
NGET-EMFIP-AGWS-TS-00214486,Wind generation,"Wind Offshore",2018-06-15,38,658.497
NGET-EMFIP-AGWS-TS-00214485,Solar generation,"Solar",2018-06-15,38,1840
NGET-EMFIP-AGWS-TS-00214484,Wind generation,"Wind Onshore",2018-06-15,37,2224.168
NGET-EMFIP-AGWS-TS-00214483,Wind generation,"Wind Offshore",2018-06-15,37,637.82
NGET-EMFIP-AGWS-TS-00214482,Solar generation,"Solar",2018-06-15,37,2370
NGET-EMFIP-AGWS-TS-00214481,Wind generation,"Wind Onshore",2018-06-15,36,2388.073
NGET-EMFIP-AGWS-TS-00214480,Wind generation,"Wind Offshore",2018-06-15,36,631.368
NGET-EMFIP-AGWS-TS-00214479,Solar generation,"Solar",2018-06-15,36,2930
NGET-EMFIP-AGWS-TS-00214478,Wind generation,"Wind Onshore",2018-06-15,35,2570.578
NGET-EMFIP-AGWS-TS-00214477,Wind generation,"Wind Offshore",2018-06-15,35,628.788
NGET-EMFIP-AGWS-TS-00214476,Solar generation,"Solar",2018-06-15,35,3420
NGET-EMFIP-AGWS-TS-00214475,Wind generation,"Wind Onshore",2018-06-15,34,2916.37
NGET-EMFIP-AGWS-TS-00214474,Wind generation,"Wind Offshore",2018-06-15,34,640.999
NGET-EMFIP-AGWS-TS-00214473,Solar generation,"Solar",2018-06-15,34,3880
NGET-EMFIP-AGWS-TS-00214472,Wind generation,"Wind Onshore",2018-06-15,33,3021.846
NGET-EMFIP-AGWS-TS-00214471,Wind generation,"Wind Offshore",2018-06-15,33,465.194
NGET-EMFIP-AGWS-TS-00214470,Solar generation,"Solar",2018-06-15,33,4330
NGET-EMFIP-AGWS-TS-00214469,Wind generation,"Wind Onshore",2018-06-15,32,3123.758
NGET-EMFIP-AGWS-TS-00214468,Wind generation,"Wind Offshore",2018-06-15,32,408.089
NGET-EMFIP-AGWS-TS-00214467,Solar generation,"Solar",2018-06-15,32,4520
NGET-EMFIP-AGWS-TS-00214466,Wind generation,"Wind Onshore",2018-06-15,31,3201.286
NGET-EMFIP-AGWS-TS-00214465,Wind generation,"Wind Offshore",2018-06-15,31,480.487
NGET-EMFIP-AGWS-TS-00214464,Solar generation,"Solar",2018-06-15,31,4740
NGET-EMFIP-AGWS-TS-00214463,Wind generation,"Wind Onshore",2018-06-15,30,3413.586
NGET-EMFIP-AGWS-TS-00214462,Wind generation,"Wind Offshore",2018-06-15,30,434.494
NGET-EMFIP-AGWS-TS-00214461,Solar generation,"Solar",2018-06-15,30,5010
NGET-EMFIP-AGWS-TS-00214460,Wind generation,"Wind Onshore",2018-06-15,29,3355.097
NGET-EMFIP-AGWS-TS-00214459,Wind generation,"Wind Offshore",2018-06-15,29,512.02
NGET-EMFIP-AGWS-TS-00214458,Solar generation,"Solar",2018-06-15,29,5703
NGET-EMFIP-AGWS-TS-00214457,Wind generation,"Wind Onshore",2018-06-15,28,3437.705
NGET-EMFIP-AGWS-TS-00214456,Wind generation,"Wind Offshore",2018-06-15,28,579.359
NGET-EMFIP-AGWS-TS-00214455,Solar generation,"Solar",2018-06-15,28,5500
NGET-EMFIP-AGWS-TS-00214454,Wind generation,"Wind Onshore",2018-06-15,27,3409.963
NGET-EMFIP-AGWS-TS-00214453,Wind generation,"Wind Offshore",2018-06-15,27,536.042
NGET-EMFIP-AGWS-TS-00214452,Solar generation,"Solar",2018-06-15,27,5650
NGET-EMFIP-AGWS-TS-00214451,Wind generation,"Wind Onshore",2018-06-15,26,3344.926
NGET-EMFIP-AGWS-TS-00214450,Wind generation,"Wind Offshore",2018-06-15,26,538.266
NGET-EMFIP-AGWS-TS-00214449,Solar generation,"Solar",2018-06-15,26,5720
NGET-EMFIP-AGWS-TS-00214448,Wind generation,"Wind Onshore",2018-06-15,25,3301.284
NGET-EMFIP-AGWS-TS-00214447,Wind generation,"Wind Offshore",2018-06-15,25,599.364
NGET-EMFIP-AGWS-TS-00214446,Solar generation,"Solar",2018-06-15,25,5780
NGET-EMFIP-AGWS-TS-00214445,Wind generation,"Wind Onshore",2018-06-15,24,3361.333
NGET-EMFIP-AGWS-TS-00214444,Wind generation,"Wind Offshore",2018-06-15,24,619.07
NGET-EMFIP-AGWS-TS-00214443,Solar generation,"Solar",2018-06-15,24,5770
NGET-EMFIP-AGWS-TS-00214442,Wind generation,"Wind Onshore",2018-06-15,23,3353.074
NGET-EMFIP-AGWS-TS-00214441,Wind generation,"Wind Offshore",2018-06-15,23,666.428
NGET-EMFIP-AGWS-TS-00214440,Solar generation,"Solar",2018-06-15,23,5590
NGET-EMFIP-AGWS-TS-00214439,Wind generation,"Wind Onshore",2018-06-15,22,3241.331
NGET-EMFIP-AGWS-TS-00214438,Wind generation,"Wind Offshore",2018-06-15,22,699.078
NGET-EMFIP-AGWS-TS-00214437,Solar generation,"Solar",2018-06-15,22,5300
NGET-EMFIP-AGWS-TS-00214436,Wind generation,"Wind Onshore",2018-06-15,21,3230.756
NGET-EMFIP-AGWS-TS-00214435,Wind generation,"Wind Offshore",2018-06-15,21,766.103
NGET-EMFIP-AGWS-TS-00214434,Solar generation,"Solar",2018-06-15,21,5050
NGET-EMFIP-AGWS-TS-00214433,Wind generation,"Wind Onshore",2018-06-15,20,3137.201
NGET-EMFIP-AGWS-TS-00214432,Wind generation,"Wind Offshore",2018-06-15,20,768.499
NGET-EMFIP-AGWS-TS-00214431,Solar generation,"Solar",2018-06-15,20,4680
NGET-EMFIP-AGWS-TS-00214430,Wind generation,"Wind Onshore",2018-06-15,19,3011.999
NGET-EMFIP-AGWS-TS-00214429,Wind generation,"Wind Offshore",2018-06-15,19,760.46
NGET-EMFIP-AGWS-TS-00214428,Solar generation,"Solar",2018-06-15,19,4150
NGET-EMFIP-AGWS-TS-00214427,Wind generation,"Wind Onshore",2018-06-15,18,2926.146
NGET-EMFIP-AGWS-TS-00214426,Wind generation,"Wind Offshore",2018-06-15,18,732.839
NGET-EMFIP-AGWS-TS-00214425,Solar generation,"Solar",2018-06-15,18,3520
NGET-EMFIP-AGWS-TS-00214424,Wind generation,"Wind Onshore",2018-06-15,17,3044.506
NGET-EMFIP-AGWS-TS-00214423,Wind generation,"Wind Offshore",2018-06-15,17,709.368
NGET-EMFIP-AGWS-TS-00214422,Solar generation,"Solar",2018-06-15,17,2330
NGET-EMFIP-AGWS-TS-00214421,Wind generation,"Wind Onshore",2018-06-15,16,2912.904
NGET-EMFIP-AGWS-TS-00214420,Wind generation,"Wind Offshore",2018-06-15,16,830.904
NGET-EMFIP-AGWS-TS-00214419,Solar generation,"Solar",2018-06-15,16,2270
NGET-EMFIP-AGWS-TS-00214418,Wind generation,"Wind Onshore",2018-06-15,15,1230.061
NGET-EMFIP-AGWS-TS-00214417,Wind generation,"Wind Offshore",2018-06-15,15,31.51
NGET-EMFIP-AGWS-TS-00214416,Solar generation,"Solar",2018-06-15,15,1690
NGET-EMFIP-AGWS-TS-00214415,Wind generation,"Wind Onshore",2018-06-15,14,2897.517
NGET-EMFIP-AGWS-TS-00214414,Wind generation,"Wind Offshore",2018-06-15,14,951.605
NGET-EMFIP-AGWS-TS-00214413,Solar generation,"Solar",2018-06-15,14,1130
NGET-EMFIP-AGWS-TS-00214412,Wind generation,"Wind Onshore",2018-06-15,13,3047.795
NGET-EMFIP-AGWS-TS-00214411,Wind generation,"Wind Offshore",2018-06-15,13,1026.773
NGET-EMFIP-AGWS-TS-00214410,Solar generation,"Solar",2018-06-15,13,677
NGET-EMFIP-AGWS-TS-00214409,Wind generation,"Wind Onshore",2018-06-15,12,3255.985
NGET-EMFIP-AGWS-TS-00214408,Wind generation,"Wind Offshore",2018-06-15,12,1014.709
NGET-EMFIP-AGWS-TS-00214407,Solar generation,"Solar",2018-06-15,12,335
NGET-EMFIP-AGWS-TS-00214406,Wind generation,"Wind Onshore",2018-06-15,11,3382.589
NGET-EMFIP-AGWS-TS-00214405,Wind generation,"Wind Offshore",2018-06-15,11,1213.555
NGET-EMFIP-AGWS-TS-00214404,Solar generation,"Solar",2018-06-15,11,91
NGET-EMFIP-AGWS-TS-00214403,Wind generation,"Wind Onshore",2018-06-15,10,3516.832
NGET-EMFIP-AGWS-TS-00214402,Wind generation,"Wind Offshore",2018-06-15,10,1355.692
NGET-EMFIP-AGWS-TS-00214401,Solar generation,"Solar",2018-06-15,10,6
NGET-EMFIP-AGWS-TS-00214400,Wind generation,"Wind Onshore",2018-06-15,9,3606.876
NGET-EMFIP-AGWS-TS-00214399,Wind generation,"Wind Offshore",2018-06-15,9,1374.726
NGET-EMFIP-AGWS-TS-00214398,Solar generation,"Solar",2018-06-15,9,1
NGET-EMFIP-AGWS-TS-00214397,Wind generation,"Wind Onshore",2018-06-15,8,3842.717
NGET-EMFIP-AGWS-TS-00214396,Wind generation,"Wind Offshore",2018-06-15,8,1454.947
NGET-EMFIP-AGWS-TS-00214395,Solar generation,"Solar",2018-06-15,8,1
NGET-EMFIP-AGWS-TS-00214394,Wind generation,"Wind Onshore",2018-06-15,7,3999.424
NGET-EMFIP-AGWS-TS-00214393,Wind generation,"Wind Offshore",2018-06-15,7,1300.975
NGET-EMFIP-AGWS-TS-00214392,Solar generation,"Solar",2018-06-15,7,0
NGET-EMFIP-AGWS-TS-00214391,Wind generation,"Wind Onshore",2018-06-15,6,4271.317
NGET-EMFIP-AGWS-TS-00214390,Wind generation,"Wind Offshore",2018-06-15,6,1174.006
NGET-EMFIP-AGWS-TS-00214389,Solar generation,"Solar",2018-06-15,6,2
NGET-EMFIP-AGWS-TS-00214388,Wind generation,"Wind Onshore",2018-06-15,5,4317.089
NGET-EMFIP-AGWS-TS-00214387,Wind generation,"Wind Offshore",2018-06-15,5,1193.631
NGET-EMFIP-AGWS-TS-00214386,Solar generation,"Solar",2018-06-15,5,2
NGET-EMFIP-AGWS-TS-00214385,Wind generation,"Wind Onshore",2018-06-15,4,4192.205
NGET-EMFIP-AGWS-TS-00214384,Wind generation,"Wind Offshore",2018-06-15,4,1129.656
NGET-EMFIP-AGWS-TS-00214383,Solar generation,"Solar",2018-06-15,4,0
NGET-EMFIP-AGWS-TS-00214382,Wind generation,"Wind Onshore",2018-06-15,3,3998.489
NGET-EMFIP-AGWS-TS-00214381,Wind generation,"Wind Offshore",2018-06-15,3,865.514
NGET-EMFIP-AGWS-TS-00214380,Solar generation,"Solar",2018-06-15,3,0
NGET-EMFIP-AGWS-TS-00214379,Wind generation,"Wind Onshore",2018-06-15,2,3852.31
NGET-EMFIP-AGWS-TS-00214378,Wind generation,"Wind Offshore",2018-06-15,2,828.69
NGET-EMFIP-AGWS-TS-00214377,Solar generation,"Solar",2018-06-15,2,0
NGET-EMFIP-AGWS-TS-00214376,Wind generation,"Wind Onshore",2018-06-15,1,3824.407
NGET-EMFIP-AGWS-TS-00214375,Wind generation,"Wind Offshore",2018-06-15,1,811.498
NGET-EMFIP-AGWS-TS-00214374,Solar generation,"Solar",2018-06-15,1,0