Actual Or Estimated Wind And Solar Power Generation (B1630),,,,,
Time Series ID,Business Type,PSR Type,Settlement  Date,Settlement Period,Quantity (MW)
NGET-EMFIP-AGWS-TS-00214694,Wind generation,Wind Onshore,16/06/2018,48,2306.332
NGET-EMFIP-AGWS-TS-00214693,Wind generation,Wind Offshore,16/06/2018,48,1765.338
NGET-EMFIP-AGWS-TS-00214692,Solar generation,Solar,16/06/2018,48,0
NGET-EMFIP-AGWS-TS-00214691,Wind generation,Wind Onshore,16/06/2018,47,2236.031
NGET-EMFIP-AGWS-TS-00214690,Wind generation,Wind Offshore,16/06/2018,47,1827.996
NGET-EMFIP-AGWS-TS-00214689,Solar generation,Solar,16/06/2018,47,0
NGET-EMFIP-AGWS-TS-00214688,Wind generation,Wind Onshore,16/06/2018,46,2216.85
NGET-EMFIP-AGWS-TS-00214687,Wind generation,Wind Offshore,16/06/2018,46,1806.964
NGET-EMFIP-AGWS-TS-00214686,Solar generation,Solar,16/06/2018,46,0
NGET-EMFIP-AGWS-TS-00214685,Wind generation,Wind Onshore,16/06/2018,45,2379.205
NGET-EMFIP-AGWS-TS-00214684,Wind generation,Wind Offshore,16/06/2018,45,2195.334
NGET-EMFIP-AGWS-TS-00214683,Solar generation,Solar,16/06/2018,45,3
NGET-EMFIP-AGWS-TS-00214682,Wind generation,Wind Onshore,16/06/2018,44,2587.355
NGET-EMFIP-AGWS-TS-00214681,Wind generation,Wind Offshore,16/06/2018,44,2317.208
NGET-EMFIP-AGWS-TS-00214680,Solar generation,Solar,16/06/2018,44,8
NGET-EMFIP-AGWS-TS-00214679,Wind generation,Wind Onshore,16/06/2018,43,2610.548
NGET-EMFIP-AGWS-TS-00214678,Wind generation,Wind Offshore,16/06/2018,43,2500.362
NGET-EMFIP-AGWS-TS-00214677,Solar generation,Solar,16/06/2018,43,400
NGET-EMFIP-AGWS-TS-00214676,Wind generation,Wind Onshore,16/06/2018,42,2774.708
NGET-EMFIP-AGWS-TS-00214675,Wind generation,Wind Offshore,16/06/2018,42,2564.62
NGET-EMFIP-AGWS-TS-00214674,Solar generation,Solar,16/06/2018,42,186
NGET-EMFIP-AGWS-TS-00214673,Wind generation,Wind Onshore,16/06/2018,41,2853.405
NGET-EMFIP-AGWS-TS-00214672,Wind generation,Wind Offshore,16/06/2018,41,2472.413
NGET-EMFIP-AGWS-TS-00214671,Solar generation,Solar,16/06/2018,41,452
NGET-EMFIP-AGWS-TS-00214670,Wind generation,Wind Onshore,16/06/2018,40,2914.492
NGET-EMFIP-AGWS-TS-00214669,Wind generation,Wind Offshore,16/06/2018,40,2817.829
NGET-EMFIP-AGWS-TS-00214668,Solar generation,Solar,16/06/2018,40,784
NGET-EMFIP-AGWS-TS-00214667,Wind generation,Wind Onshore,16/06/2018,39,2960.248
NGET-EMFIP-AGWS-TS-00214666,Wind generation,Wind Offshore,16/06/2018,39,2765.987
NGET-EMFIP-AGWS-TS-00214665,Solar generation,Solar,16/06/2018,39,1210
NGET-EMFIP-AGWS-TS-00214664,Wind generation,Wind Onshore,16/06/2018,38,3239.455
NGET-EMFIP-AGWS-TS-00214663,Wind generation,Wind Offshore,16/06/2018,38,2796.755
NGET-EMFIP-AGWS-TS-00214662,Solar generation,Solar,16/06/2018,38,1690
NGET-EMFIP-AGWS-TS-00214661,Wind generation,Wind Onshore,16/06/2018,37,3219.571
NGET-EMFIP-AGWS-TS-00214660,Wind generation,Wind Offshore,16/06/2018,37,2549.4
NGET-EMFIP-AGWS-TS-00214659,Solar generation,Solar,16/06/2018,37,2210
NGET-EMFIP-AGWS-TS-00214658,Wind generation,Wind Onshore,16/06/2018,36,3168.822
NGET-EMFIP-AGWS-TS-00214657,Wind generation,Wind Offshore,16/06/2018,36,2295.179
NGET-EMFIP-AGWS-TS-00214656,Solar generation,Solar,16/06/2018,36,2660
NGET-EMFIP-AGWS-TS-00214655,Wind generation,Wind Onshore,16/06/2018,35,3178.773
NGET-EMFIP-AGWS-TS-00214654,Wind generation,Wind Offshore,16/06/2018,35,2026.593
NGET-EMFIP-AGWS-TS-00214653,Solar generation,Solar,16/06/2018,35,3250
NGET-EMFIP-AGWS-TS-00214652,Wind generation,Wind Onshore,16/06/2018,34,3146.762
NGET-EMFIP-AGWS-TS-00214651,Wind generation,Wind Offshore,16/06/2018,34,1775.175
NGET-EMFIP-AGWS-TS-00214650,Solar generation,Solar,16/06/2018,34,3460
NGET-EMFIP-AGWS-TS-00214649,Wind generation,Wind Onshore,16/06/2018,33,2932.101
NGET-EMFIP-AGWS-TS-00214648,Wind generation,Wind Offshore,16/06/2018,33,1740.556
NGET-EMFIP-AGWS-TS-00214647,Solar generation,Solar,16/06/2018,33,3640
NGET-EMFIP-AGWS-TS-00214646,Wind generation,Wind Onshore,16/06/2018,32,3194.457
NGET-EMFIP-AGWS-TS-00214645,Wind generation,Wind Offshore,16/06/2018,32,1546.201
NGET-EMFIP-AGWS-TS-00214644,Solar generation,Solar,16/06/2018,32,3690
NGET-EMFIP-AGWS-TS-00214643,Wind generation,Wind Onshore,16/06/2018,31,3266.058
NGET-EMFIP-AGWS-TS-00214642,Wind generation,Wind Offshore,16/06/2018,31,1335.813
NGET-EMFIP-AGWS-TS-00214641,Solar generation,Solar,16/06/2018,31,3840
NGET-EMFIP-AGWS-TS-00214640,Wind generation,Wind Onshore,16/06/2018,30,3320.911
NGET-EMFIP-AGWS-TS-00214639,Wind generation,Wind Offshore,16/06/2018,30,1296.773
NGET-EMFIP-AGWS-TS-00214638,Solar generation,Solar,16/06/2018,30,3900
NGET-EMFIP-AGWS-TS-00214637,Wind generation,Wind Onshore,16/06/2018,29,3340.537
NGET-EMFIP-AGWS-TS-00214636,Wind generation,Wind Offshore,16/06/2018,29,1191.596
NGET-EMFIP-AGWS-TS-00214635,Solar generation,Solar,16/06/2018,29,2555
NGET-EMFIP-AGWS-TS-00214634,Wind generation,Wind Onshore,16/06/2018,28,3236.11
NGET-EMFIP-AGWS-TS-00214633,Wind generation,Wind Offshore,16/06/2018,28,1254.036
NGET-EMFIP-AGWS-TS-00214632,Solar generation,Solar,16/06/2018,28,3980
NGET-EMFIP-AGWS-TS-00214631,Wind generation,Wind Onshore,16/06/2018,27,3121.626
NGET-EMFIP-AGWS-TS-00214630,Wind generation,Wind Offshore,16/06/2018,27,1026.108
NGET-EMFIP-AGWS-TS-00214629,Solar generation,Solar,16/06/2018,27,4070
NGET-EMFIP-AGWS-TS-00214628,Wind generation,Wind Onshore,16/06/2018,26,2886.197
NGET-EMFIP-AGWS-TS-00214627,Wind generation,Wind Offshore,16/06/2018,26,1103.258
NGET-EMFIP-AGWS-TS-00214626,Solar generation,Solar,16/06/2018,26,3990
NGET-EMFIP-AGWS-TS-00214625,Wind generation,Wind Onshore,16/06/2018,25,2943.27
NGET-EMFIP-AGWS-TS-00214624,Wind generation,Wind Offshore,16/06/2018,25,1134.546
NGET-EMFIP-AGWS-TS-00214623,Solar generation,Solar,16/06/2018,25,3900
NGET-EMFIP-AGWS-TS-00214622,Wind generation,Wind Onshore,16/06/2018,24,2809.768
NGET-EMFIP-AGWS-TS-00214621,Wind generation,Wind Offshore,16/06/2018,24,1107.809
NGET-EMFIP-AGWS-TS-00214620,Solar generation,Solar,16/06/2018,24,3750
NGET-EMFIP-AGWS-TS-00214619,Wind generation,Wind Onshore,16/06/2018,23,2738.366
NGET-EMFIP-AGWS-TS-00214618,Wind generation,Wind Offshore,16/06/2018,23,1039.021
NGET-EMFIP-AGWS-TS-00214617,Solar generation,Solar,16/06/2018,23,3620
NGET-EMFIP-AGWS-TS-00214616,Wind generation,Wind Onshore,16/06/2018,22,2714.331
NGET-EMFIP-AGWS-TS-00214615,Wind generation,Wind Offshore,16/06/2018,22,1017.493
NGET-EMFIP-AGWS-TS-00214614,Solar generation,Solar,16/06/2018,22,3490
NGET-EMFIP-AGWS-TS-00214613,Wind generation,Wind Onshore,16/06/2018,21,2620.987
NGET-EMFIP-AGWS-TS-00214612,Wind generation,Wind Offshore,16/06/2018,21,964.327
NGET-EMFIP-AGWS-TS-00214611,Solar generation,Solar,16/06/2018,21,3290
NGET-EMFIP-AGWS-TS-00214610,Wind generation,Wind Onshore,16/06/2018,20,2451.879
NGET-EMFIP-AGWS-TS-00214609,Wind generation,Wind Offshore,16/06/2018,20,815.912
NGET-EMFIP-AGWS-TS-00214608,Solar generation,Solar,16/06/2018,20,2950
NGET-EMFIP-AGWS-TS-00214607,Wind generation,Wind Onshore,16/06/2018,19,2494.014
NGET-EMFIP-AGWS-TS-00214606,Wind generation,Wind Offshore,16/06/2018,19,834.273
NGET-EMFIP-AGWS-TS-00214605,Solar generation,Solar,16/06/2018,19,2610
NGET-EMFIP-AGWS-TS-00214604,Wind generation,Wind Onshore,16/06/2018,18,3000.428
NGET-EMFIP-AGWS-TS-00214603,Wind generation,Wind Offshore,16/06/2018,18,807.975
NGET-EMFIP-AGWS-TS-00214602,Solar generation,Solar,16/06/2018,18,2230
NGET-EMFIP-AGWS-TS-00214601,Wind generation,Wind Onshore,16/06/2018,17,2840.184
NGET-EMFIP-AGWS-TS-00214600,Wind generation,Wind Offshore,16/06/2018,17,764.863
NGET-EMFIP-AGWS-TS-00214599,Solar generation,Solar,16/06/2018,17,592
NGET-EMFIP-AGWS-TS-00214590,Wind generation,Wind Onshore,16/06/2018,16,2627.12
NGET-EMFIP-AGWS-TS-00214589,Wind generation,Wind Offshore,16/06/2018,16,835.718
NGET-EMFIP-AGWS-TS-00214588,Solar generation,Solar,16/06/2018,16,1230
NGET-EMFIP-AGWS-TS-00214587,Wind generation,Wind Onshore,16/06/2018,15,2602.063
NGET-EMFIP-AGWS-TS-00214586,Wind generation,Wind Offshore,16/06/2018,15,768.489
NGET-EMFIP-AGWS-TS-00214585,Solar generation,Solar,16/06/2018,15,847
NGET-EMFIP-AGWS-TS-00214584,Wind generation,Wind Onshore,16/06/2018,14,2396.174
NGET-EMFIP-AGWS-TS-00214583,Wind generation,Wind Offshore,16/06/2018,14,601.205
NGET-EMFIP-AGWS-TS-00214582,Solar generation,Solar,16/06/2018,14,538
NGET-EMFIP-AGWS-TS-00214581,Wind generation,Wind Onshore,16/06/2018,13,2284.798
NGET-EMFIP-AGWS-TS-00214580,Wind generation,Wind Offshore,16/06/2018,13,640.784
NGET-EMFIP-AGWS-TS-00214579,Solar generation,Solar,16/06/2018,13,297
NGET-EMFIP-AGWS-TS-00214570,Wind generation,Wind Onshore,16/06/2018,12,2064.852
NGET-EMFIP-AGWS-TS-00214569,Wind generation,Wind Offshore,16/06/2018,12,659.302
NGET-EMFIP-AGWS-TS-00214568,Solar generation,Solar,16/06/2018,12,114
NGET-EMFIP-AGWS-TS-00214567,Wind generation,Wind Onshore,16/06/2018,11,1955.203
NGET-EMFIP-AGWS-TS-00214566,Wind generation,Wind Offshore,16/06/2018,11,679.785
NGET-EMFIP-AGWS-TS-00214565,Solar generation,Solar,16/06/2018,11,20
NGET-EMFIP-AGWS-TS-00214564,Wind generation,Wind Onshore,16/06/2018,10,1764.101
NGET-EMFIP-AGWS-TS-00214563,Wind generation,Wind Offshore,16/06/2018,10,549.32
NGET-EMFIP-AGWS-TS-00214562,Solar generation,Solar,16/06/2018,10,3
NGET-EMFIP-AGWS-TS-00214561,Wind generation,Wind Onshore,16/06/2018,9,1671.405
NGET-EMFIP-AGWS-TS-00214560,Wind generation,Wind Offshore,16/06/2018,9,553.321
NGET-EMFIP-AGWS-TS-00214559,Solar generation,Solar,16/06/2018,9,2
NGET-EMFIP-AGWS-TS-00214541,Wind generation,Wind Onshore,16/06/2018,8,1497.695
NGET-EMFIP-AGWS-TS-00214540,Wind generation,Wind Offshore,16/06/2018,8,610.522
NGET-EMFIP-AGWS-TS-00214539,Solar generation,Solar,16/06/2018,8,1
NGET-EMFIP-AGWS-TS-00214538,Wind generation,Wind Onshore,16/06/2018,7,1431.773
NGET-EMFIP-AGWS-TS-00214537,Wind generation,Wind Offshore,16/06/2018,7,705.283
NGET-EMFIP-AGWS-TS-00214536,Solar generation,Solar,16/06/2018,7,0
NGET-EMFIP-AGWS-TS-00214535,Wind generation,Wind Onshore,16/06/2018,6,1409.132
NGET-EMFIP-AGWS-TS-00214534,Wind generation,Wind Offshore,16/06/2018,6,697.476
NGET-EMFIP-AGWS-TS-00214533,Solar generation,Solar,16/06/2018,6,2
NGET-EMFIP-AGWS-TS-00214532,Wind generation,Wind Onshore,16/06/2018,5,1417.191
NGET-EMFIP-AGWS-TS-00214531,Wind generation,Wind Offshore,16/06/2018,5,683.525
NGET-EMFIP-AGWS-TS-00214530,Solar generation,Solar,16/06/2018,5,2
NGET-EMFIP-AGWS-TS-00214529,Wind generation,Wind Onshore,16/06/2018,4,1298.856
NGET-EMFIP-AGWS-TS-00214528,Wind generation,Wind Offshore,16/06/2018,4,641.184
NGET-EMFIP-AGWS-TS-00214527,Solar generation,Solar,16/06/2018,4,0
NGET-EMFIP-AGWS-TS-00214529,Wind generation,Wind Onshore,16/06/2018,,1355.7525
NGET-EMFIP-AGWS-TS-00214528,Wind generation,Wind Offshore,16/06/2018,,642.053
NGET-EMFIP-AGWS-TS-00214527,Solar generation,Solar,16/06/2018,,0
NGET-EMFIP-AGWS-TS-00214523,Wind generation,Wind Onshore,16/06/2018,2,1412.649
NGET-EMFIP-AGWS-TS-00214522,Wind generation,Wind Offshore,16/06/2018,2,642.922
NGET-EMFIP-AGWS-TS-00214521,Solar generation,Solar,16/06/2018,2,0
NGET-EMFIP-AGWS-TS-00214520,Wind generation,Wind Onshore,16/06/2018,1,1390.162
NGET-EMFIP-AGWS-TS-00214519,Wind generation,Wind Offshore,16/06/2018,1,629.741
NGET-EMFIP-AGWS-TS-00214518,Solar generation,Solar,16/06/2018,1,0
