Actual Or Estimated Wind And Solar Power Generation (B1630)
Time Series ID,Business Type,PSR Type,Settlement  Date,Settlement Period,Quantity (MW)
NGET-EMFIP-AGWS-TS-00215276,Wind generation,"Wind Onshore",2018-06-19,48,2876.494
NGET-EMFIP-AGWS-TS-00215275,Wind generation,"Wind Offshore",2018-06-19,48,2770.296
NGET-EMFIP-AGWS-TS-00215274,Solar generation,"Solar",2018-06-19,48,0
NGET-EMFIP-AGWS-TS-00215273,Wind generation,"Wind Onshore",2018-06-19,47,2728.171
NGET-EMFIP-AGWS-TS-00215272,Wind generation,"Wind Offshore",2018-06-19,47,2701.154
NGET-EMFIP-AGWS-TS-00215271,Solar generation,"Solar",2018-06-19,47,0
NGET-EMFIP-AGWS-TS-00215270,Wind generation,"Wind Onshore",2018-06-19,46,2640.413
NGET-EMFIP-AGWS-TS-00215269,Wind generation,"Wind Offshore",2018-06-19,46,2657.322
NGET-EMFIP-AGWS-TS-00215268,Solar generation,"Solar",2018-06-19,46,0
NGET-EMFIP-AGWS-TS-00215267,Wind generation,"Wind Onshore",2018-06-19,45,2703.313
NGET-EMFIP-AGWS-TS-00215266,Wind generation,"Wind Offshore",2018-06-19,45,2591.622
NGET-EMFIP-AGWS-TS-00215265,Solar generation,"Solar",2018-06-19,45,4
NGET-EMFIP-AGWS-TS-00215264,Wind generation,"Wind Onshore",2018-06-19,44,2514.689
NGET-EMFIP-AGWS-TS-00215263,Wind generation,"Wind Offshore",2018-06-19,44,2589.198
NGET-EMFIP-AGWS-TS-00215262,Solar generation,"Solar",2018-06-19,44,6
NGET-EMFIP-AGWS-TS-00215261,Wind generation,"Wind Onshore",2018-06-19,43,2598.964
NGET-EMFIP-AGWS-TS-00215260,Wind generation,"Wind Offshore",2018-06-19,43,2480.24
NGET-EMFIP-AGWS-TS-00215259,Solar generation,"Solar",2018-06-19,43,460
NGET-EMFIP-AGWS-TS-00215240,Wind generation,"Wind Onshore",2018-06-19,42,2352.379
NGET-EMFIP-AGWS-TS-00215239,Wind generation,"Wind Offshore",2018-06-19,42,2404.338
NGET-EMFIP-AGWS-TS-00215238,Solar generation,"Solar",2018-06-19,42,114
NGET-EMFIP-AGWS-TS-00215237,Wind generation,"Wind Onshore",2018-06-19,41,2292.409
NGET-EMFIP-AGWS-TS-00215236,Wind generation,"Wind Offshore",2018-06-19,41,2072.106
NGET-EMFIP-AGWS-TS-00215235,Solar generation,"Solar",2018-06-19,41,327
NGET-EMFIP-AGWS-TS-00215234,Wind generation,"Wind Onshore",2018-06-19,40,2236.855
NGET-EMFIP-AGWS-TS-00215233,Wind generation,"Wind Offshore",2018-06-19,40,1794.511
NGET-EMFIP-AGWS-TS-00215232,Solar generation,"Solar",2018-06-19,40,641
NGET-EMFIP-AGWS-TS-00215231,Wind generation,"Wind Onshore",2018-06-19,39,2107.109
NGET-EMFIP-AGWS-TS-00215230,Wind generation,"Wind Offshore",2018-06-19,39,1551.401
NGET-EMFIP-AGWS-TS-00215229,Solar generation,"Solar",2018-06-19,39,999
NGET-EMFIP-AGWS-TS-00215228,Wind generation,"Wind Onshore",2018-06-19,38,1954.015
NGET-EMFIP-AGWS-TS-00215227,Wind generation,"Wind Offshore",2018-06-19,38,1294.137
NGET-EMFIP-AGWS-TS-00215226,Solar generation,"Solar",2018-06-19,38,1350
NGET-EMFIP-AGWS-TS-00215225,Wind generation,"Wind Onshore",2018-06-19,37,1830.889
NGET-EMFIP-AGWS-TS-00215224,Wind generation,"Wind Offshore",2018-06-19,37,1089.324
NGET-EMFIP-AGWS-TS-00215223,Solar generation,"Solar",2018-06-19,37,1790
NGET-EMFIP-AGWS-TS-00215222,Wind generation,"Wind Onshore",2018-06-19,36,1891.159
NGET-EMFIP-AGWS-TS-00215221,Wind generation,"Wind Offshore",2018-06-19,36,910.617
NGET-EMFIP-AGWS-TS-00215220,Solar generation,"Solar",2018-06-19,36,2260
NGET-EMFIP-AGWS-TS-00215219,Wind generation,"Wind Onshore",2018-06-19,35,2017.965
NGET-EMFIP-AGWS-TS-00215218,Wind generation,"Wind Offshore",2018-06-19,35,830.992
NGET-EMFIP-AGWS-TS-00215217,Solar generation,"Solar",2018-06-19,35,2770
NGET-EMFIP-AGWS-TS-00215216,Wind generation,"Wind Onshore",2018-06-19,34,2078.706
NGET-EMFIP-AGWS-TS-00215215,Wind generation,"Wind Offshore",2018-06-19,34,845.314
NGET-EMFIP-AGWS-TS-00215214,Solar generation,"Solar",2018-06-19,34,3090
NGET-EMFIP-AGWS-TS-00215213,Wind generation,"Wind Onshore",2018-06-19,33,2090.878
NGET-EMFIP-AGWS-TS-00215212,Wind generation,"Wind Offshore",2018-06-19,33,794.194
NGET-EMFIP-AGWS-TS-00215211,Solar generation,"Solar",2018-06-19,33,3220
NGET-EMFIP-AGWS-TS-00215210,Wind generation,"Wind Onshore",2018-06-19,32,2254.129
NGET-EMFIP-AGWS-TS-00215209,Wind generation,"Wind Offshore",2018-06-19,32,781.959
NGET-EMFIP-AGWS-TS-00215208,Solar generation,"Solar",2018-06-19,32,3480
NGET-EMFIP-AGWS-TS-00215207,Wind generation,"Wind Onshore",2018-06-19,31,2360.32
NGET-EMFIP-AGWS-TS-00215206,Wind generation,"Wind Offshore",2018-06-19,31,685.463
NGET-EMFIP-AGWS-TS-00215205,Solar generation,"Solar",2018-06-19,31,3760
NGET-EMFIP-AGWS-TS-00215204,Wind generation,"Wind Onshore",2018-06-19,30,2485.265
NGET-EMFIP-AGWS-TS-00215203,Wind generation,"Wind Offshore",2018-06-19,30,556.145
NGET-EMFIP-AGWS-TS-00215202,Solar generation,"Solar",2018-06-19,30,3990
NGET-EMFIP-AGWS-TS-00215201,Wind generation,"Wind Onshore",2018-06-19,29,2610.997
NGET-EMFIP-AGWS-TS-00215200,Wind generation,"Wind Offshore",2018-06-19,29,424.73
NGET-EMFIP-AGWS-TS-00215199,Solar generation,"Solar",2018-06-19,29,3806
NGET-EMFIP-AGWS-TS-00215181,Wind generation,"Wind Onshore",2018-06-19,28,2753.605
NGET-EMFIP-AGWS-TS-00215180,Wind generation,"Wind Offshore",2018-06-19,28,323.193
NGET-EMFIP-AGWS-TS-00215179,Solar generation,"Solar",2018-06-19,28,4120
NGET-EMFIP-AGWS-TS-00215167,Wind generation,"Wind Onshore",2018-06-19,27,2835.827
NGET-EMFIP-AGWS-TS-00215166,Wind generation,"Wind Offshore",2018-06-19,27,295.366
NGET-EMFIP-AGWS-TS-00215165,Solar generation,"Solar",2018-06-19,27,4240
NGET-EMFIP-AGWS-TS-00215164,Wind generation,"Wind Onshore",2018-06-19,26,2900.779
NGET-EMFIP-AGWS-TS-00215163,Wind generation,"Wind Offshore",2018-06-19,26,269.477
NGET-EMFIP-AGWS-TS-00215162,Solar generation,"Solar",2018-06-19,26,4270
NGET-EMFIP-AGWS-TS-00215161,Wind generation,"Wind Onshore",2018-06-19,25,2966.932
NGET-EMFIP-AGWS-TS-00215160,Wind generation,"Wind Offshore",2018-06-19,25,315.843
NGET-EMFIP-AGWS-TS-00215159,Solar generation,"Solar",2018-06-19,25,4440
NGET-EMFIP-AGWS-TS-00215150,Wind generation,"Wind Onshore",2018-06-19,24,2942.22
NGET-EMFIP-AGWS-TS-00215149,Wind generation,"Wind Offshore",2018-06-19,24,304.35
NGET-EMFIP-AGWS-TS-00215148,Solar generation,"Solar",2018-06-19,24,4460
NGET-EMFIP-AGWS-TS-00215147,Wind generation,"Wind Onshore",2018-06-19,23,2873.177
NGET-EMFIP-AGWS-TS-00215146,Wind generation,"Wind Offshore",2018-06-19,23,186.129
NGET-EMFIP-AGWS-TS-00215145,Solar generation,"Solar",2018-06-19,23,4290
NGET-EMFIP-AGWS-TS-00215144,Wind generation,"Wind Onshore",2018-06-19,22,2848.828
NGET-EMFIP-AGWS-TS-00215143,Wind generation,"Wind Offshore",2018-06-19,22,193.428
NGET-EMFIP-AGWS-TS-00215142,Solar generation,"Solar",2018-06-19,22,3570
NGET-EMFIP-AGWS-TS-00215141,Wind generation,"Wind Onshore",2018-06-19,21,2967.875
NGET-EMFIP-AGWS-TS-00215140,Wind generation,"Wind Offshore",2018-06-19,21,233.204
NGET-EMFIP-AGWS-TS-00215139,Solar generation,"Solar",2018-06-19,21,268
NGET-EMFIP-AGWS-TS-00215130,Wind generation,"Wind Onshore",2018-06-19,20,2938.619
NGET-EMFIP-AGWS-TS-00215129,Wind generation,"Wind Offshore",2018-06-19,20,297.74
NGET-EMFIP-AGWS-TS-00215128,Solar generation,"Solar",2018-06-19,20,3460
NGET-EMFIP-AGWS-TS-00215127,Wind generation,"Wind Onshore",2018-06-19,19,3054.546
NGET-EMFIP-AGWS-TS-00215126,Wind generation,"Wind Offshore",2018-06-19,19,320.489
NGET-EMFIP-AGWS-TS-00215125,Solar generation,"Solar",2018-06-19,19,3070
NGET-EMFIP-AGWS-TS-00215124,Wind generation,"Wind Onshore",2018-06-19,18,3219.272
NGET-EMFIP-AGWS-TS-00215123,Wind generation,"Wind Offshore",2018-06-19,18,396.62
NGET-EMFIP-AGWS-TS-00215122,Solar generation,"Solar",2018-06-19,18,2550
NGET-EMFIP-AGWS-TS-00215121,Wind generation,"Wind Onshore",2018-06-19,17,3201.577
NGET-EMFIP-AGWS-TS-00215120,Wind generation,"Wind Offshore",2018-06-19,17,445.165
NGET-EMFIP-AGWS-TS-00215119,Solar generation,"Solar",2018-06-19,17,1341
NGET-EMFIP-AGWS-TS-00215107,Wind generation,"Wind Onshore",2018-06-19,16,3118.854
NGET-EMFIP-AGWS-TS-00215106,Wind generation,"Wind Offshore",2018-06-19,16,506.941
NGET-EMFIP-AGWS-TS-00215105,Solar generation,"Solar",2018-06-19,16,1520
NGET-EMFIP-AGWS-TS-00215104,Wind generation,"Wind Onshore",2018-06-19,15,3186.115
NGET-EMFIP-AGWS-TS-00215103,Wind generation,"Wind Offshore",2018-06-19,15,623.033
NGET-EMFIP-AGWS-TS-00215102,Solar generation,"Solar",2018-06-19,15,1140
NGET-EMFIP-AGWS-TS-00215101,Wind generation,"Wind Onshore",2018-06-19,14,3352.529
NGET-EMFIP-AGWS-TS-00215100,Wind generation,"Wind Offshore",2018-06-19,14,648.071
NGET-EMFIP-AGWS-TS-00215099,Solar generation,"Solar",2018-06-19,14,783
NGET-EMFIP-AGWS-TS-00215079,Wind generation,"Wind Onshore",2018-06-19,13,3549.374
NGET-EMFIP-AGWS-TS-00215078,Wind generation,"Wind Offshore",2018-06-19,13,820.451
NGET-EMFIP-AGWS-TS-00215077,Solar generation,"Solar",2018-06-19,13,439
NGET-EMFIP-AGWS-TS-00215076,Wind generation,"Wind Onshore",2018-06-19,12,3566.595
NGET-EMFIP-AGWS-TS-00215075,Wind generation,"Wind Offshore",2018-06-19,12,896.483
NGET-EMFIP-AGWS-TS-00215074,Solar generation,"Solar",2018-06-19,12,181
NGET-EMFIP-AGWS-TS-00215073,Wind generation,"Wind Onshore",2018-06-19,11,3733.122
NGET-EMFIP-AGWS-TS-00215072,Wind generation,"Wind Offshore",2018-06-19,11,1010.953
NGET-EMFIP-AGWS-TS-00215071,Solar generation,"Solar",2018-06-19,11,40
NGET-EMFIP-AGWS-TS-00215070,Wind generation,"Wind Onshore",2018-06-19,10,3788.509
NGET-EMFIP-AGWS-TS-00215069,Wind generation,"Wind Offshore",2018-06-19,10,1199.797
NGET-EMFIP-AGWS-TS-00215068,Solar generation,"Solar",2018-06-19,10,4
NGET-EMFIP-AGWS-TS-00215067,Wind generation,"Wind Onshore",2018-06-19,9,3764.028
NGET-EMFIP-AGWS-TS-00215066,Wind generation,"Wind Offshore",2018-06-19,9,1559.027
NGET-EMFIP-AGWS-TS-00215065,Solar generation,"Solar",2018-06-19,9,0
NGET-EMFIP-AGWS-TS-00215064,Wind generation,"Wind Onshore",2018-06-19,8,3525.481
NGET-EMFIP-AGWS-TS-00215063,Wind generation,"Wind Offshore",2018-06-19,8,1981.262
NGET-EMFIP-AGWS-TS-00215062,Solar generation,"Solar",2018-06-19,8,1
NGET-EMFIP-AGWS-TS-00215061,Wind generation,"Wind Onshore",2018-06-19,7,3804.692
NGET-EMFIP-AGWS-TS-00215060,Wind generation,"Wind Offshore",2018-06-19,7,2296.102
NGET-EMFIP-AGWS-TS-00215059,Solar generation,"Solar",2018-06-19,7,0
NGET-EMFIP-AGWS-TS-00215054,Wind generation,"Wind Onshore",2018-06-19,6,4007.223
NGET-EMFIP-AGWS-TS-00215053,Wind generation,"Wind Offshore",2018-06-19,6,2542.297
NGET-EMFIP-AGWS-TS-00215052,Solar generation,"Solar",2018-06-19,6,1
NGET-EMFIP-AGWS-TS-00215051,Wind generation,"Wind Onshore",2018-06-19,5,4149.527
NGET-EMFIP-AGWS-TS-00215050,Wind generation,"Wind Offshore",2018-06-19,5,2643.016
NGET-EMFIP-AGWS-TS-00215049,Solar generation,"Solar",2018-06-19,5,1
NGET-EMFIP-AGWS-TS-00215048,Wind generation,"Wind Onshore",2018-06-19,4,4180.526
NGET-EMFIP-AGWS-TS-00215047,Wind generation,"Wind Offshore",2018-06-19,4,2510.235
NGET-EMFIP-AGWS-TS-00215046,Solar generation,"Solar",2018-06-19,4,0
NGET-EMFIP-AGWS-TS-00215045,Wind generation,"Wind Onshore",2018-06-19,3,4342.547
NGET-EMFIP-AGWS-TS-00215044,Wind generation,"Wind Offshore",2018-06-19,3,2538.614
NGET-EMFIP-AGWS-TS-00215043,Solar generation,"Solar",2018-06-19,3,0
NGET-EMFIP-AGWS-TS-00215042,Wind generation,"Wind Onshore",2018-06-19,2,4524.616
NGET-EMFIP-AGWS-TS-00215041,Wind generation,"Wind Offshore",2018-06-19,2,2603.055
NGET-EMFIP-AGWS-TS-00215040,Solar generation,"Solar",2018-06-19,2,0
NGET-EMFIP-AGWS-TS-00215039,Wind generation,"Wind Onshore",2018-06-19,1,4655.191
NGET-EMFIP-AGWS-TS-00215038,Wind generation,"Wind Offshore",2018-06-19,1,2462.112
NGET-EMFIP-AGWS-TS-00215037,Solar generation,"Solar",2018-06-19,1,0