Actual Or Estimated Wind And Solar Power Generation (B1630),,,,,
Time Series ID,Business Type,PSR Type,Settlement  Date,Settlement Period,Quantity (MW)
NGET-EMFIP-AGWS-TS-00215456,Wind generation,Wind Onshore,20/06/2018,48,2643.443
NGET-EMFIP-AGWS-TS-00215455,Wind generation,Wind Offshore,20/06/2018,48,1362.628
NGET-EMFIP-AGWS-TS-00215454,Solar generation,Solar,20/06/2018,48,0
NGET-EMFIP-AGWS-TS-00215453,Wind generation,Wind Onshore,20/06/2018,47,2965.153
NGET-EMFIP-AGWS-TS-00215452,Wind generation,Wind Offshore,20/06/2018,47,1339.007
NGET-EMFIP-AGWS-TS-00215451,Solar generation,Solar,20/06/2018,47,0
NGET-EMFIP-AGWS-TS-00215450,Wind generation,Wind Onshore,20/06/2018,46,3432.543
NGET-EMFIP-AGWS-TS-00215449,Wind generation,Wind Offshore,20/06/2018,46,1055.709
NGET-EMFIP-AGWS-TS-00215448,Solar generation,Solar,20/06/2018,46,0
NGET-EMFIP-AGWS-TS-00215447,Wind generation,Wind Onshore,20/06/2018,45,3699.178
NGET-EMFIP-AGWS-TS-00215446,Wind generation,Wind Offshore,20/06/2018,45,972.012
NGET-EMFIP-AGWS-TS-00215445,Solar generation,Solar,20/06/2018,45,4
NGET-EMFIP-AGWS-TS-00215444,Wind generation,Wind Onshore,20/06/2018,44,3712.473
NGET-EMFIP-AGWS-TS-00215443,Wind generation,Wind Offshore,20/06/2018,44,1110.625
NGET-EMFIP-AGWS-TS-00215442,Solar generation,Solar,20/06/2018,44,5
NGET-EMFIP-AGWS-TS-00215441,Wind generation,Wind Onshore,20/06/2018,43,3657.562
NGET-EMFIP-AGWS-TS-00215440,Wind generation,Wind Offshore,20/06/2018,43,1245.855
NGET-EMFIP-AGWS-TS-00215439,Solar generation,Solar,20/06/2018,43,346
NGET-EMFIP-AGWS-TS-00215420,Wind generation,Wind Onshore,20/06/2018,42,3465.586
NGET-EMFIP-AGWS-TS-00215419,Wind generation,Wind Offshore,20/06/2018,42,1260.236
NGET-EMFIP-AGWS-TS-00215418,Solar generation,Solar,20/06/2018,42,160
NGET-EMFIP-AGWS-TS-00215417,Wind generation,Wind Onshore,20/06/2018,41,3119.736
NGET-EMFIP-AGWS-TS-00215416,Wind generation,Wind Offshore,20/06/2018,41,1416.278
NGET-EMFIP-AGWS-TS-00215415,Solar generation,Solar,20/06/2018,41,405
NGET-EMFIP-AGWS-TS-00215414,Wind generation,Wind Onshore,20/06/2018,40,3157.375
NGET-EMFIP-AGWS-TS-00215413,Wind generation,Wind Offshore,20/06/2018,40,1400.79
NGET-EMFIP-AGWS-TS-00215412,Solar generation,Solar,20/06/2018,40,744
NGET-EMFIP-AGWS-TS-00215411,Wind generation,Wind Onshore,20/06/2018,39,3134.044
NGET-EMFIP-AGWS-TS-00215410,Wind generation,Wind Offshore,20/06/2018,39,1431.345
NGET-EMFIP-AGWS-TS-00215409,Solar generation,Solar,20/06/2018,39,1150
NGET-EMFIP-AGWS-TS-00215408,Wind generation,Wind Onshore,20/06/2018,38,3287.57
NGET-EMFIP-AGWS-TS-00215407,Wind generation,Wind Offshore,20/06/2018,38,1516.406
NGET-EMFIP-AGWS-TS-00215406,Solar generation,Solar,20/06/2018,38,1640
NGET-EMFIP-AGWS-TS-00215405,Wind generation,Wind Onshore,20/06/2018,37,3223.899
NGET-EMFIP-AGWS-TS-00215404,Wind generation,Wind Offshore,20/06/2018,37,1844.594
NGET-EMFIP-AGWS-TS-00215403,Solar generation,Solar,20/06/2018,37,2220
NGET-EMFIP-AGWS-TS-00215402,Wind generation,Wind Onshore,20/06/2018,36,3235.864
NGET-EMFIP-AGWS-TS-00215401,Wind generation,Wind Offshore,20/06/2018,36,1731.68
NGET-EMFIP-AGWS-TS-00215400,Solar generation,Solar,20/06/2018,36,2860
NGET-EMFIP-AGWS-TS-00215399,Wind generation,Wind Onshore,20/06/2018,35,3150.624
NGET-EMFIP-AGWS-TS-00215398,Wind generation,Wind Offshore,20/06/2018,35,2141.569
NGET-EMFIP-AGWS-TS-00215397,Solar generation,Solar,20/06/2018,35,3440
NGET-EMFIP-AGWS-TS-00215396,Wind generation,Wind Onshore,20/06/2018,34,3191.647
NGET-EMFIP-AGWS-TS-00215395,Wind generation,Wind Offshore,20/06/2018,34,2620.769
NGET-EMFIP-AGWS-TS-00215394,Solar generation,Solar,20/06/2018,34,3840
NGET-EMFIP-AGWS-TS-00215393,Wind generation,Wind Onshore,20/06/2018,33,3236.476
NGET-EMFIP-AGWS-TS-00215392,Wind generation,Wind Offshore,20/06/2018,33,2691.216
NGET-EMFIP-AGWS-TS-00215391,Solar generation,Solar,20/06/2018,33,4010
NGET-EMFIP-AGWS-TS-00215393,Wind generation,Wind Onshore,20/06/2018,,3625.6765
NGET-EMFIP-AGWS-TS-00215392,Wind generation,Wind Offshore,20/06/2018,,2729.4425
NGET-EMFIP-AGWS-TS-00215391,Solar generation,Solar,20/06/2018,,4230
NGET-EMFIP-AGWS-TS-00215387,Wind generation,Wind Onshore,20/06/2018,31,4014.877
NGET-EMFIP-AGWS-TS-00215386,Wind generation,Wind Offshore,20/06/2018,31,2767.669
NGET-EMFIP-AGWS-TS-00215385,Solar generation,Solar,20/06/2018,31,4450
NGET-EMFIP-AGWS-TS-00215384,Wind generation,Wind Onshore,20/06/2018,30,3908.924
NGET-EMFIP-AGWS-TS-00215383,Wind generation,Wind Offshore,20/06/2018,30,2809.066
NGET-EMFIP-AGWS-TS-00215382,Solar generation,Solar,20/06/2018,30,4580
NGET-EMFIP-AGWS-TS-00215381,Wind generation,Wind Onshore,20/06/2018,29,3843.499
NGET-EMFIP-AGWS-TS-00215380,Wind generation,Wind Offshore,20/06/2018,29,2882.871
NGET-EMFIP-AGWS-TS-00215379,Solar generation,Solar,20/06/2018,29,4646
NGET-EMFIP-AGWS-TS-00215370,Wind generation,Wind Onshore,20/06/2018,28,3887.951
NGET-EMFIP-AGWS-TS-00215369,Wind generation,Wind Offshore,20/06/2018,28,2777.996
NGET-EMFIP-AGWS-TS-00215368,Solar generation,Solar,20/06/2018,28,4840
NGET-EMFIP-AGWS-TS-00215367,Wind generation,Wind Onshore,20/06/2018,27,3988.283
NGET-EMFIP-AGWS-TS-00215366,Wind generation,Wind Offshore,20/06/2018,27,2776.134
NGET-EMFIP-AGWS-TS-00215365,Solar generation,Solar,20/06/2018,27,4710
NGET-EMFIP-AGWS-TS-00215364,Wind generation,Wind Onshore,20/06/2018,26,4253.942
NGET-EMFIP-AGWS-TS-00215363,Wind generation,Wind Offshore,20/06/2018,26,2673.441
NGET-EMFIP-AGWS-TS-00215362,Solar generation,Solar,20/06/2018,26,4530
NGET-EMFIP-AGWS-TS-00215361,Wind generation,Wind Onshore,20/06/2018,25,4190.875
NGET-EMFIP-AGWS-TS-00215360,Wind generation,Wind Offshore,20/06/2018,25,2638.629
NGET-EMFIP-AGWS-TS-00215359,Solar generation,Solar,20/06/2018,25,4450
NGET-EMFIP-AGWS-TS-00215353,Wind generation,Wind Onshore,20/06/2018,24,4121.904
NGET-EMFIP-AGWS-TS-00215352,Wind generation,Wind Offshore,20/06/2018,24,2849.427
NGET-EMFIP-AGWS-TS-00215351,Solar generation,Solar,20/06/2018,24,4320
NGET-EMFIP-AGWS-TS-00215350,Wind generation,Wind Onshore,20/06/2018,23,4275.04
NGET-EMFIP-AGWS-TS-00215349,Wind generation,Wind Offshore,20/06/2018,23,2970.774
NGET-EMFIP-AGWS-TS-00215348,Solar generation,Solar,20/06/2018,23,4060
NGET-EMFIP-AGWS-TS-00215347,Wind generation,Wind Onshore,20/06/2018,22,4309.784
NGET-EMFIP-AGWS-TS-00215346,Wind generation,Wind Offshore,20/06/2018,22,2698.764
NGET-EMFIP-AGWS-TS-00215345,Solar generation,Solar,20/06/2018,22,3530
NGET-EMFIP-AGWS-TS-00215344,Wind generation,Wind Onshore,20/06/2018,21,4186.221
NGET-EMFIP-AGWS-TS-00215343,Wind generation,Wind Offshore,20/06/2018,21,2840.164
NGET-EMFIP-AGWS-TS-00215342,Solar generation,Solar,20/06/2018,21,3100
NGET-EMFIP-AGWS-TS-00215341,Wind generation,Wind Onshore,20/06/2018,20,3849.007
NGET-EMFIP-AGWS-TS-00215340,Wind generation,Wind Offshore,20/06/2018,20,2884.839
NGET-EMFIP-AGWS-TS-00215339,Solar generation,Solar,20/06/2018,20,2830
NGET-EMFIP-AGWS-TS-00215337,Wind generation,Wind Onshore,20/06/2018,19,3881.822
NGET-EMFIP-AGWS-TS-00215336,Wind generation,Wind Offshore,20/06/2018,19,2867.482
NGET-EMFIP-AGWS-TS-00215335,Solar generation,Solar,20/06/2018,19,2490
NGET-EMFIP-AGWS-TS-00215334,Wind generation,Wind Onshore,20/06/2018,18,3776.589
NGET-EMFIP-AGWS-TS-00215333,Wind generation,Wind Offshore,20/06/2018,18,2922.386
NGET-EMFIP-AGWS-TS-00215332,Solar generation,Solar,20/06/2018,18,2010
NGET-EMFIP-AGWS-TS-00215331,Wind generation,Wind Onshore,20/06/2018,17,1718.34
NGET-EMFIP-AGWS-TS-00215330,Wind generation,Wind Offshore,20/06/2018,17,85.441
NGET-EMFIP-AGWS-TS-00215329,Solar generation,Solar,20/06/2018,17,1907
NGET-EMFIP-AGWS-TS-00215328,Wind generation,Wind Onshore,20/06/2018,16,3894.563
NGET-EMFIP-AGWS-TS-00215327,Wind generation,Wind Offshore,20/06/2018,16,2944.732
NGET-EMFIP-AGWS-TS-00215326,Solar generation,Solar,20/06/2018,16,1110
NGET-EMFIP-AGWS-TS-00215325,Wind generation,Wind Onshore,20/06/2018,15,3694.984
NGET-EMFIP-AGWS-TS-00215324,Wind generation,Wind Offshore,20/06/2018,15,3046.204
NGET-EMFIP-AGWS-TS-00215323,Solar generation,Solar,20/06/2018,15,773
NGET-EMFIP-AGWS-TS-00215322,Wind generation,Wind Onshore,20/06/2018,14,3746.66
NGET-EMFIP-AGWS-TS-00215321,Wind generation,Wind Offshore,20/06/2018,14,2977.436
NGET-EMFIP-AGWS-TS-00215320,Solar generation,Solar,20/06/2018,14,500
NGET-EMFIP-AGWS-TS-00215319,Wind generation,Wind Onshore,20/06/2018,13,3867.32
NGET-EMFIP-AGWS-TS-00215318,Wind generation,Wind Offshore,20/06/2018,13,2915.241
NGET-EMFIP-AGWS-TS-00215317,Solar generation,Solar,20/06/2018,13,270
NGET-EMFIP-AGWS-TS-00215316,Wind generation,Wind Onshore,20/06/2018,12,3387.968
NGET-EMFIP-AGWS-TS-00215315,Wind generation,Wind Offshore,20/06/2018,12,2895.767
NGET-EMFIP-AGWS-TS-00215314,Solar generation,Solar,20/06/2018,12,126
NGET-EMFIP-AGWS-TS-00215313,Wind generation,Wind Onshore,20/06/2018,11,2949.396
NGET-EMFIP-AGWS-TS-00215312,Wind generation,Wind Offshore,20/06/2018,11,2892.68
NGET-EMFIP-AGWS-TS-00215311,Solar generation,Solar,20/06/2018,11,28
NGET-EMFIP-AGWS-TS-00215310,Wind generation,Wind Onshore,20/06/2018,10,3126.974
NGET-EMFIP-AGWS-TS-00215309,Wind generation,Wind Offshore,20/06/2018,10,2896.365
NGET-EMFIP-AGWS-TS-00215308,Solar generation,Solar,20/06/2018,10,2
NGET-EMFIP-AGWS-TS-00215307,Wind generation,Wind Onshore,20/06/2018,9,3284.765
NGET-EMFIP-AGWS-TS-00215306,Wind generation,Wind Offshore,20/06/2018,9,2775.176
NGET-EMFIP-AGWS-TS-00215305,Solar generation,Solar,20/06/2018,9,1
NGET-EMFIP-AGWS-TS-00215304,Wind generation,Wind Onshore,20/06/2018,8,3363.841
NGET-EMFIP-AGWS-TS-00215303,Wind generation,Wind Offshore,20/06/2018,8,2801.611
NGET-EMFIP-AGWS-TS-00215302,Solar generation,Solar,20/06/2018,8,1
NGET-EMFIP-AGWS-TS-00215301,Wind generation,Wind Onshore,20/06/2018,7,1619.514
NGET-EMFIP-AGWS-TS-00215300,Wind generation,Wind Offshore,20/06/2018,7,101.136
NGET-EMFIP-AGWS-TS-00215299,Solar generation,Solar,20/06/2018,7,0
NGET-EMFIP-AGWS-TS-00215294,Wind generation,Wind Onshore,20/06/2018,6,3307.487
NGET-EMFIP-AGWS-TS-00215293,Wind generation,Wind Offshore,20/06/2018,6,2808.037
NGET-EMFIP-AGWS-TS-00215292,Solar generation,Solar,20/06/2018,6,1
NGET-EMFIP-AGWS-TS-00215291,Wind generation,Wind Onshore,20/06/2018,5,3299.804
NGET-EMFIP-AGWS-TS-00215290,Wind generation,Wind Offshore,20/06/2018,5,2718.057
NGET-EMFIP-AGWS-TS-00215289,Solar generation,Solar,20/06/2018,5,1
NGET-EMFIP-AGWS-TS-00215288,Wind generation,Wind Onshore,20/06/2018,4,3027.367
NGET-EMFIP-AGWS-TS-00215287,Wind generation,Wind Offshore,20/06/2018,4,2708.976
NGET-EMFIP-AGWS-TS-00215286,Solar generation,Solar,20/06/2018,4,0
NGET-EMFIP-AGWS-TS-00215285,Wind generation,Wind Onshore,20/06/2018,3,3044.846
NGET-EMFIP-AGWS-TS-00215284,Wind generation,Wind Offshore,20/06/2018,3,2739.811
NGET-EMFIP-AGWS-TS-00215283,Solar generation,Solar,20/06/2018,3,0
NGET-EMFIP-AGWS-TS-00215282,Wind generation,Wind Onshore,20/06/2018,2,3108.992
NGET-EMFIP-AGWS-TS-00215281,Wind generation,Wind Offshore,20/06/2018,2,2880.142
NGET-EMFIP-AGWS-TS-00215280,Solar generation,Solar,20/06/2018,2,0
NGET-EMFIP-AGWS-TS-00215279,Wind generation,Wind Onshore,20/06/2018,1,3081.036
NGET-EMFIP-AGWS-TS-00215278,Wind generation,Wind Offshore,20/06/2018,1,2846.51
NGET-EMFIP-AGWS-TS-00215277,Solar generation,Solar,20/06/2018,1,0
