Actual Or Estimated Wind And Solar Power Generation (B1630)
Time Series ID,Business Type,PSR Type,Settlement  Date,Settlement Period,Quantity (MW)
NGET-EMFIP-AGWS-TS-00204884,Wind generation,"Wind Onshore",2018-04-17,48,5139.878
NGET-EMFIP-AGWS-TS-00204883,Wind generation,"Wind Offshore",2018-04-17,48,2717.393
NGET-EMFIP-AGWS-TS-00204882,Solar generation,"Solar",2018-04-17,48,0
NGET-EMFIP-AGWS-TS-00204881,Wind generation,"Wind Onshore",2018-04-17,47,5232.893
NGET-EMFIP-AGWS-TS-00204880,Wind generation,"Wind Offshore",2018-04-17,47,2654.802
NGET-EMFIP-AGWS-TS-00204879,Solar generation,"Solar",2018-04-17,47,0
NGET-EMFIP-AGWS-TS-00204878,Wind generation,"Wind Onshore",2018-04-17,46,5441.494
NGET-EMFIP-AGWS-TS-00204877,Wind generation,"Wind Offshore",2018-04-17,46,2607.048
NGET-EMFIP-AGWS-TS-00204876,Solar generation,"Solar",2018-04-17,46,0
NGET-EMFIP-AGWS-TS-00204875,Wind generation,"Wind Onshore",2018-04-17,45,2140.695
NGET-EMFIP-AGWS-TS-00204874,Wind generation,"Wind Offshore",2018-04-17,45,117.542
NGET-EMFIP-AGWS-TS-00204873,Solar generation,"Solar",2018-04-17,45,0
NGET-EMFIP-AGWS-TS-00204872,Wind generation,"Wind Onshore",2018-04-17,44,6064.137
NGET-EMFIP-AGWS-TS-00204871,Wind generation,"Wind Offshore",2018-04-17,44,2707.064
NGET-EMFIP-AGWS-TS-00204870,Solar generation,"Solar",2018-04-17,44,6
NGET-EMFIP-AGWS-TS-00204869,Wind generation,"Wind Onshore",2018-04-17,43,6169.306
NGET-EMFIP-AGWS-TS-00204868,Wind generation,"Wind Offshore",2018-04-17,43,2913.228
NGET-EMFIP-AGWS-TS-00204867,Solar generation,"Solar",2018-04-17,43,2
NGET-EMFIP-AGWS-TS-00204866,Wind generation,"Wind Onshore",2018-04-17,42,6348.024
NGET-EMFIP-AGWS-TS-00204865,Wind generation,"Wind Offshore",2018-04-17,42,3126.268
NGET-EMFIP-AGWS-TS-00204864,Solar generation,"Solar",2018-04-17,42,2
NGET-EMFIP-AGWS-TS-00204863,Wind generation,"Wind Onshore",2018-04-17,41,6357.039
NGET-EMFIP-AGWS-TS-00204862,Wind generation,"Wind Offshore",2018-04-17,41,3219.307
NGET-EMFIP-AGWS-TS-00204861,Solar generation,"Solar",2018-04-17,41,7
NGET-EMFIP-AGWS-TS-00204860,Wind generation,"Wind Onshore",2018-04-17,40,6284.298
NGET-EMFIP-AGWS-TS-00204859,Wind generation,"Wind Offshore",2018-04-17,40,3348.257
NGET-EMFIP-AGWS-TS-00204858,Solar generation,"Solar",2018-04-17,40,29
NGET-EMFIP-AGWS-TS-00204857,Wind generation,"Wind Onshore",2018-04-17,39,6426.873
NGET-EMFIP-AGWS-TS-00204856,Wind generation,"Wind Offshore",2018-04-17,39,3439.541
NGET-EMFIP-AGWS-TS-00204855,Solar generation,"Solar",2018-04-17,39,158
NGET-EMFIP-AGWS-TS-00204854,Wind generation,"Wind Onshore",2018-04-17,38,6533.905
NGET-EMFIP-AGWS-TS-00204853,Wind generation,"Wind Offshore",2018-04-17,38,3521.271
NGET-EMFIP-AGWS-TS-00204852,Solar generation,"Solar",2018-04-17,38,392
NGET-EMFIP-AGWS-TS-00204851,Wind generation,"Wind Onshore",2018-04-17,37,6534.165
NGET-EMFIP-AGWS-TS-00204850,Wind generation,"Wind Offshore",2018-04-17,37,3580.838
NGET-EMFIP-AGWS-TS-00204849,Solar generation,"Solar",2018-04-17,37,720
NGET-EMFIP-AGWS-TS-00204848,Wind generation,"Wind Onshore",2018-04-17,36,6672.692
NGET-EMFIP-AGWS-TS-00204847,Wind generation,"Wind Offshore",2018-04-17,36,3606.602
NGET-EMFIP-AGWS-TS-00204846,Solar generation,"Solar",2018-04-17,36,957
NGET-EMFIP-AGWS-TS-00204845,Wind generation,"Wind Onshore",2018-04-17,35,6557.279
NGET-EMFIP-AGWS-TS-00204844,Wind generation,"Wind Offshore",2018-04-17,35,3684.791
NGET-EMFIP-AGWS-TS-00204843,Solar generation,"Solar",2018-04-17,35,1330
NGET-EMFIP-AGWS-TS-00204842,Wind generation,"Wind Onshore",2018-04-17,34,6602.999
NGET-EMFIP-AGWS-TS-00204841,Wind generation,"Wind Offshore",2018-04-17,34,3680.042
NGET-EMFIP-AGWS-TS-00204840,Solar generation,"Solar",2018-04-17,34,1610
NGET-EMFIP-AGWS-TS-00204839,Wind generation,"Wind Onshore",2018-04-17,33,6630.326
NGET-EMFIP-AGWS-TS-00204838,Wind generation,"Wind Offshore",2018-04-17,33,3607.264
NGET-EMFIP-AGWS-TS-00204837,Solar generation,"Solar",2018-04-17,33,2080
NGET-EMFIP-AGWS-TS-00204836,Wind generation,"Wind Onshore",2018-04-17,32,6768.698
NGET-EMFIP-AGWS-TS-00204835,Wind generation,"Wind Offshore",2018-04-17,32,3637.058
NGET-EMFIP-AGWS-TS-00204834,Solar generation,"Solar",2018-04-17,32,2490
NGET-EMFIP-AGWS-TS-00204833,Wind generation,"Wind Onshore",2018-04-17,31,6875.105
NGET-EMFIP-AGWS-TS-00204832,Wind generation,"Wind Offshore",2018-04-17,31,3666.373
NGET-EMFIP-AGWS-TS-00204831,Solar generation,"Solar",2018-04-17,31,2870
NGET-EMFIP-AGWS-TS-00204830,Wind generation,"Wind Onshore",2018-04-17,30,6976.516
NGET-EMFIP-AGWS-TS-00204829,Wind generation,"Wind Offshore",2018-04-17,30,3682.374
NGET-EMFIP-AGWS-TS-00204828,Solar generation,"Solar",2018-04-17,30,3230
NGET-EMFIP-AGWS-TS-00204827,Wind generation,"Wind Onshore",2018-04-17,29,7191.496
NGET-EMFIP-AGWS-TS-00204826,Wind generation,"Wind Offshore",2018-04-17,29,3654.937
NGET-EMFIP-AGWS-TS-00204825,Solar generation,"Solar",2018-04-17,29,3984
NGET-EMFIP-AGWS-TS-00204824,Wind generation,"Wind Onshore",2018-04-17,28,7144.766
NGET-EMFIP-AGWS-TS-00204823,Wind generation,"Wind Offshore",2018-04-17,28,3688.393
NGET-EMFIP-AGWS-TS-00204822,Solar generation,"Solar",2018-04-17,28,3630
NGET-EMFIP-AGWS-TS-00204821,Wind generation,"Wind Onshore",2018-04-17,27,7160.576
NGET-EMFIP-AGWS-TS-00204820,Wind generation,"Wind Offshore",2018-04-17,27,3719.56
NGET-EMFIP-AGWS-TS-00204819,Solar generation,"Solar",2018-04-17,27,3820
NGET-EMFIP-AGWS-TS-00204809,Wind generation,"Wind Onshore",2018-04-17,26,6884.484
NGET-EMFIP-AGWS-TS-00204808,Wind generation,"Wind Offshore",2018-04-17,26,3683.702
NGET-EMFIP-AGWS-TS-00204807,Solar generation,"Solar",2018-04-17,26,3710
NGET-EMFIP-AGWS-TS-00204806,Wind generation,"Wind Onshore",2018-04-17,25,6776.918
NGET-EMFIP-AGWS-TS-00204805,Wind generation,"Wind Offshore",2018-04-17,25,3728.951
NGET-EMFIP-AGWS-TS-00204804,Solar generation,"Solar",2018-04-17,25,3560
NGET-EMFIP-AGWS-TS-00204803,Wind generation,"Wind Onshore",2018-04-17,24,6615.768
NGET-EMFIP-AGWS-TS-00204802,Wind generation,"Wind Offshore",2018-04-17,24,3565.441
NGET-EMFIP-AGWS-TS-00204801,Solar generation,"Solar",2018-04-17,24,3350
NGET-EMFIP-AGWS-TS-00204800,Wind generation,"Wind Onshore",2018-04-17,23,6688.025
NGET-EMFIP-AGWS-TS-00204799,Wind generation,"Wind Offshore",2018-04-17,23,3547.603
NGET-EMFIP-AGWS-TS-00204798,Solar generation,"Solar",2018-04-17,23,3100
NGET-EMFIP-AGWS-TS-00204797,Wind generation,"Wind Onshore",2018-04-17,22,6587.108
NGET-EMFIP-AGWS-TS-00204796,Wind generation,"Wind Offshore",2018-04-17,22,3552.356
NGET-EMFIP-AGWS-TS-00204795,Solar generation,"Solar",2018-04-17,22,2780
NGET-EMFIP-AGWS-TS-00204794,Wind generation,"Wind Onshore",2018-04-17,21,6593.909
NGET-EMFIP-AGWS-TS-00204793,Wind generation,"Wind Offshore",2018-04-17,21,3512.196
NGET-EMFIP-AGWS-TS-00204792,Solar generation,"Solar",2018-04-17,21,2440
NGET-EMFIP-AGWS-TS-00204791,Wind generation,"Wind Onshore",2018-04-17,20,6491.122
NGET-EMFIP-AGWS-TS-00204790,Wind generation,"Wind Offshore",2018-04-17,20,3571.641
NGET-EMFIP-AGWS-TS-00204789,Solar generation,"Solar",2018-04-17,20,2010
NGET-EMFIP-AGWS-TS-00204788,Wind generation,"Wind Onshore",2018-04-17,19,6566.734
NGET-EMFIP-AGWS-TS-00204787,Wind generation,"Wind Offshore",2018-04-17,19,3596.691
NGET-EMFIP-AGWS-TS-00204786,Solar generation,"Solar",2018-04-17,19,1600
NGET-EMFIP-AGWS-TS-00204785,Wind generation,"Wind Onshore",2018-04-17,18,6515.783
NGET-EMFIP-AGWS-TS-00204784,Wind generation,"Wind Offshore",2018-04-17,18,3614.489
NGET-EMFIP-AGWS-TS-00204783,Solar generation,"Solar",2018-04-17,18,1270
NGET-EMFIP-AGWS-TS-00204782,Wind generation,"Wind Onshore",2018-04-17,17,6800.879
NGET-EMFIP-AGWS-TS-00204781,Wind generation,"Wind Offshore",2018-04-17,17,3625.56
NGET-EMFIP-AGWS-TS-00204780,Solar generation,"Solar",2018-04-17,17,930
NGET-EMFIP-AGWS-TS-00204779,Wind generation,"Wind Onshore",2018-04-17,16,6472.484
NGET-EMFIP-AGWS-TS-00204778,Wind generation,"Wind Offshore",2018-04-17,16,3623.434
NGET-EMFIP-AGWS-TS-00204777,Solar generation,"Solar",2018-04-17,16,575
NGET-EMFIP-AGWS-TS-00204776,Wind generation,"Wind Onshore",2018-04-17,15,6298.734
NGET-EMFIP-AGWS-TS-00204775,Wind generation,"Wind Offshore",2018-04-17,15,3716.051
NGET-EMFIP-AGWS-TS-00204774,Solar generation,"Solar",2018-04-17,15,300
NGET-EMFIP-AGWS-TS-00204773,Wind generation,"Wind Onshore",2018-04-17,14,6045.154
NGET-EMFIP-AGWS-TS-00204772,Wind generation,"Wind Offshore",2018-04-17,14,3571.179
NGET-EMFIP-AGWS-TS-00204771,Solar generation,"Solar",2018-04-17,14,99
NGET-EMFIP-AGWS-TS-00204770,Wind generation,"Wind Onshore",2018-04-17,13,6162.346
NGET-EMFIP-AGWS-TS-00204769,Wind generation,"Wind Offshore",2018-04-17,13,3411.904
NGET-EMFIP-AGWS-TS-00204768,Solar generation,"Solar",2018-04-17,13,10
NGET-EMFIP-AGWS-TS-00204767,Wind generation,"Wind Onshore",2018-04-17,12,5876.071
NGET-EMFIP-AGWS-TS-00204766,Wind generation,"Wind Offshore",2018-04-17,12,3435.939
NGET-EMFIP-AGWS-TS-00204765,Solar generation,"Solar",2018-04-17,12,0
NGET-EMFIP-AGWS-TS-00204764,Wind generation,"Wind Onshore",2018-04-17,11,5857.197
NGET-EMFIP-AGWS-TS-00204763,Wind generation,"Wind Offshore",2018-04-17,11,3415.995
NGET-EMFIP-AGWS-TS-00204762,Solar generation,"Solar",2018-04-17,11,0
NGET-EMFIP-AGWS-TS-00204761,Wind generation,"Wind Onshore",2018-04-17,10,5674.049
NGET-EMFIP-AGWS-TS-00204760,Wind generation,"Wind Offshore",2018-04-17,10,3616.522
NGET-EMFIP-AGWS-TS-00204759,Solar generation,"Solar",2018-04-17,10,1
NGET-EMFIP-AGWS-TS-00204742,Wind generation,"Wind Onshore",2018-04-17,9,2265.094
NGET-EMFIP-AGWS-TS-00204741,Wind generation,"Wind Offshore",2018-04-17,9,140.787
NGET-EMFIP-AGWS-TS-00204740,Solar generation,"Solar",2018-04-17,9,0
NGET-EMFIP-AGWS-TS-00204739,Wind generation,"Wind Onshore",2018-04-17,8,5671.304
NGET-EMFIP-AGWS-TS-00204738,Wind generation,"Wind Offshore",2018-04-17,8,3639.101
NGET-EMFIP-AGWS-TS-00204737,Solar generation,"Solar",2018-04-17,8,0
NGET-EMFIP-AGWS-TS-00204736,Wind generation,"Wind Onshore",2018-04-17,7,5689.945
NGET-EMFIP-AGWS-TS-00204735,Wind generation,"Wind Offshore",2018-04-17,7,3526.732
NGET-EMFIP-AGWS-TS-00204734,Solar generation,"Solar",2018-04-17,7,0
NGET-EMFIP-AGWS-TS-00204733,Wind generation,"Wind Onshore",2018-04-17,6,5619.751
NGET-EMFIP-AGWS-TS-00204732,Wind generation,"Wind Offshore",2018-04-17,6,3452.741
NGET-EMFIP-AGWS-TS-00204731,Solar generation,"Solar",2018-04-17,6,0
NGET-EMFIP-AGWS-TS-00204730,Wind generation,"Wind Onshore",2018-04-17,5,5551.467
NGET-EMFIP-AGWS-TS-00204729,Wind generation,"Wind Offshore",2018-04-17,5,3329.748
NGET-EMFIP-AGWS-TS-00204728,Solar generation,"Solar",2018-04-17,5,0
NGET-EMFIP-AGWS-TS-00204727,Wind generation,"Wind Onshore",2018-04-17,4,5846.766
NGET-EMFIP-AGWS-TS-00204726,Wind generation,"Wind Offshore",2018-04-17,4,3051.558
NGET-EMFIP-AGWS-TS-00204725,Solar generation,"Solar",2018-04-17,4,0
NGET-EMFIP-AGWS-TS-00204724,Wind generation,"Wind Onshore",2018-04-17,3,5706.004
NGET-EMFIP-AGWS-TS-00204723,Wind generation,"Wind Offshore",2018-04-17,3,2820.384
NGET-EMFIP-AGWS-TS-00204722,Solar generation,"Solar",2018-04-17,3,0
NGET-EMFIP-AGWS-TS-00204721,Wind generation,"Wind Onshore",2018-04-17,2,5280.2
NGET-EMFIP-AGWS-TS-00204720,Wind generation,"Wind Offshore",2018-04-17,2,2788.705
NGET-EMFIP-AGWS-TS-00204719,Solar generation,"Solar",2018-04-17,2,0
NGET-EMFIP-AGWS-TS-00204716,Wind generation,"Wind Onshore",2018-04-17,1,5183.139
NGET-EMFIP-AGWS-TS-00204715,Wind generation,"Wind Offshore",2018-04-17,1,2917.727
NGET-EMFIP-AGWS-TS-00204714,Solar generation,"Solar",2018-04-17,1,0