Actual Or Estimated Wind And Solar Power Generation (B1630)
Time Series ID,Business Type,PSR Type,Settlement  Date,Settlement Period,Quantity (MW)
NGET-EMFIP-AGWS-TS-00204199,Wind generation,"Wind Onshore",2018-04-13,48,567.086
NGET-EMFIP-AGWS-TS-00204198,Wind generation,"Wind Offshore",2018-04-13,48,286.366
NGET-EMFIP-AGWS-TS-00204197,Solar generation,"Solar",2018-04-13,48,0
NGET-EMFIP-AGWS-TS-00204196,Wind generation,"Wind Onshore",2018-04-13,47,575.61
NGET-EMFIP-AGWS-TS-00204195,Wind generation,"Wind Offshore",2018-04-13,47,273.429
NGET-EMFIP-AGWS-TS-00204194,Solar generation,"Solar",2018-04-13,47,0
NGET-EMFIP-AGWS-TS-00204193,Wind generation,"Wind Onshore",2018-04-13,46,570.386
NGET-EMFIP-AGWS-TS-00204192,Wind generation,"Wind Offshore",2018-04-13,46,276.928
NGET-EMFIP-AGWS-TS-00204191,Solar generation,"Solar",2018-04-13,46,0
NGET-EMFIP-AGWS-TS-00204190,Wind generation,"Wind Onshore",2018-04-13,45,535.49
NGET-EMFIP-AGWS-TS-00204189,Wind generation,"Wind Offshore",2018-04-13,45,346.219
NGET-EMFIP-AGWS-TS-00204188,Solar generation,"Solar",2018-04-13,45,0
NGET-EMFIP-AGWS-TS-00204187,Wind generation,"Wind Onshore",2018-04-13,44,547.582
NGET-EMFIP-AGWS-TS-00204186,Wind generation,"Wind Offshore",2018-04-13,44,243.18
NGET-EMFIP-AGWS-TS-00204185,Solar generation,"Solar",2018-04-13,44,0
NGET-EMFIP-AGWS-TS-00204184,Wind generation,"Wind Onshore",2018-04-13,43,598.806
NGET-EMFIP-AGWS-TS-00204183,Wind generation,"Wind Offshore",2018-04-13,43,140.155
NGET-EMFIP-AGWS-TS-00204182,Solar generation,"Solar",2018-04-13,43,2
NGET-EMFIP-AGWS-TS-00204181,Wind generation,"Wind Onshore",2018-04-13,42,654.546
NGET-EMFIP-AGWS-TS-00204180,Wind generation,"Wind Offshore",2018-04-13,42,171.899
NGET-EMFIP-AGWS-TS-00204179,Solar generation,"Solar",2018-04-13,42,3
NGET-EMFIP-AGWS-TS-00204178,Wind generation,"Wind Onshore",2018-04-13,41,637.159
NGET-EMFIP-AGWS-TS-00204177,Wind generation,"Wind Offshore",2018-04-13,41,146.327
NGET-EMFIP-AGWS-TS-00204176,Solar generation,"Solar",2018-04-13,41,0
NGET-EMFIP-AGWS-TS-00204175,Wind generation,"Wind Onshore",2018-04-13,40,736.775
NGET-EMFIP-AGWS-TS-00204174,Wind generation,"Wind Offshore",2018-04-13,40,121.765
NGET-EMFIP-AGWS-TS-00204173,Solar generation,"Solar",2018-04-13,40,10
NGET-EMFIP-AGWS-TS-00204172,Wind generation,"Wind Onshore",2018-04-13,39,845.314
NGET-EMFIP-AGWS-TS-00204171,Wind generation,"Wind Offshore",2018-04-13,39,127.625
NGET-EMFIP-AGWS-TS-00204170,Solar generation,"Solar",2018-04-13,39,125
NGET-EMFIP-AGWS-TS-00204169,Wind generation,"Wind Onshore",2018-04-13,38,993.71
NGET-EMFIP-AGWS-TS-00204168,Wind generation,"Wind Offshore",2018-04-13,38,131.258
NGET-EMFIP-AGWS-TS-00204167,Solar generation,"Solar",2018-04-13,38,306
NGET-EMFIP-AGWS-TS-00204166,Wind generation,"Wind Onshore",2018-04-13,37,1043.633
NGET-EMFIP-AGWS-TS-00204165,Wind generation,"Wind Offshore",2018-04-13,37,146.603
NGET-EMFIP-AGWS-TS-00204164,Solar generation,"Solar",2018-04-13,37,514
NGET-EMFIP-AGWS-TS-00204163,Wind generation,"Wind Onshore",2018-04-13,36,995.051
NGET-EMFIP-AGWS-TS-00204162,Wind generation,"Wind Offshore",2018-04-13,36,236.751
NGET-EMFIP-AGWS-TS-00204161,Solar generation,"Solar",2018-04-13,36,736
NGET-EMFIP-AGWS-TS-00204160,Wind generation,"Wind Onshore",2018-04-13,35,997.893
NGET-EMFIP-AGWS-TS-00204159,Wind generation,"Wind Offshore",2018-04-13,35,242.88
NGET-EMFIP-AGWS-TS-00204158,Solar generation,"Solar",2018-04-13,35,941
NGET-EMFIP-AGWS-TS-00204157,Wind generation,"Wind Onshore",2018-04-13,34,1028.293
NGET-EMFIP-AGWS-TS-00204156,Wind generation,"Wind Offshore",2018-04-13,34,276.869
NGET-EMFIP-AGWS-TS-00204155,Solar generation,"Solar",2018-04-13,34,1140
NGET-EMFIP-AGWS-TS-00204154,Wind generation,"Wind Onshore",2018-04-13,33,1051.019
NGET-EMFIP-AGWS-TS-00204153,Wind generation,"Wind Offshore",2018-04-13,33,354.711
NGET-EMFIP-AGWS-TS-00204152,Solar generation,"Solar",2018-04-13,33,1280
NGET-EMFIP-AGWS-TS-00204151,Wind generation,"Wind Onshore",2018-04-13,32,1066.684
NGET-EMFIP-AGWS-TS-00204150,Wind generation,"Wind Offshore",2018-04-13,32,413.079
NGET-EMFIP-AGWS-TS-00204149,Solar generation,"Solar",2018-04-13,32,1410
NGET-EMFIP-AGWS-TS-00204148,Wind generation,"Wind Onshore",2018-04-13,31,1195.327
NGET-EMFIP-AGWS-TS-00204147,Wind generation,"Wind Offshore",2018-04-13,31,386.067
NGET-EMFIP-AGWS-TS-00204146,Solar generation,"Solar",2018-04-13,31,1630
NGET-EMFIP-AGWS-TS-00204145,Wind generation,"Wind Onshore",2018-04-13,30,1334.055
NGET-EMFIP-AGWS-TS-00204144,Wind generation,"Wind Offshore",2018-04-13,30,263.41
NGET-EMFIP-AGWS-TS-00204143,Solar generation,"Solar",2018-04-13,30,1820
NGET-EMFIP-AGWS-TS-00204142,Wind generation,"Wind Onshore",2018-04-13,29,1385.021
NGET-EMFIP-AGWS-TS-00204141,Wind generation,"Wind Offshore",2018-04-13,29,198.58
NGET-EMFIP-AGWS-TS-00204140,Solar generation,"Solar",2018-04-13,29,1870
NGET-EMFIP-AGWS-TS-00204139,Wind generation,"Wind Onshore",2018-04-13,28,1416.887
NGET-EMFIP-AGWS-TS-00204138,Wind generation,"Wind Offshore",2018-04-13,28,192.509
NGET-EMFIP-AGWS-TS-00204137,Solar generation,"Solar",2018-04-13,28,1870
NGET-EMFIP-AGWS-TS-00204136,Wind generation,"Wind Onshore",2018-04-13,27,1452.669
NGET-EMFIP-AGWS-TS-00204135,Wind generation,"Wind Offshore",2018-04-13,27,197.039
NGET-EMFIP-AGWS-TS-00204134,Solar generation,"Solar",2018-04-13,27,1890
NGET-EMFIP-AGWS-TS-00204133,Wind generation,"Wind Onshore",2018-04-13,26,1482.275
NGET-EMFIP-AGWS-TS-00204132,Wind generation,"Wind Offshore",2018-04-13,26,234.128
NGET-EMFIP-AGWS-TS-00204131,Solar generation,"Solar",2018-04-13,26,1820
NGET-EMFIP-AGWS-TS-00204130,Wind generation,"Wind Onshore",2018-04-13,25,1634.913
NGET-EMFIP-AGWS-TS-00204129,Wind generation,"Wind Offshore",2018-04-13,25,224.416
NGET-EMFIP-AGWS-TS-00204128,Solar generation,"Solar",2018-04-13,25,1790
NGET-EMFIP-AGWS-TS-00204127,Wind generation,"Wind Onshore",2018-04-13,24,1634.602
NGET-EMFIP-AGWS-TS-00204126,Wind generation,"Wind Offshore",2018-04-13,24,202.896
NGET-EMFIP-AGWS-TS-00204125,Solar generation,"Solar",2018-04-13,24,1670
NGET-EMFIP-AGWS-TS-00204124,Wind generation,"Wind Onshore",2018-04-13,23,1780.916
NGET-EMFIP-AGWS-TS-00204123,Wind generation,"Wind Offshore",2018-04-13,23,198.291
NGET-EMFIP-AGWS-TS-00204122,Solar generation,"Solar",2018-04-13,23,1530
NGET-EMFIP-AGWS-TS-00204121,Wind generation,"Wind Onshore",2018-04-13,22,1886.945
NGET-EMFIP-AGWS-TS-00204120,Wind generation,"Wind Offshore",2018-04-13,22,150.062
NGET-EMFIP-AGWS-TS-00204119,Solar generation,"Solar",2018-04-13,22,1310
NGET-EMFIP-AGWS-TS-00204116,Wind generation,"Wind Onshore",2018-04-13,21,2004.113
NGET-EMFIP-AGWS-TS-00204115,Wind generation,"Wind Offshore",2018-04-13,21,126.049
NGET-EMFIP-AGWS-TS-00204114,Solar generation,"Solar",2018-04-13,21,1080
NGET-EMFIP-AGWS-TS-00204113,Wind generation,"Wind Onshore",2018-04-13,20,2016.045
NGET-EMFIP-AGWS-TS-00204112,Wind generation,"Wind Offshore",2018-04-13,20,130.485
NGET-EMFIP-AGWS-TS-00204111,Solar generation,"Solar",2018-04-13,20,896
NGET-EMFIP-AGWS-TS-00204110,Wind generation,"Wind Onshore",2018-04-13,19,2029.132
NGET-EMFIP-AGWS-TS-00204109,Wind generation,"Wind Offshore",2018-04-13,19,126.856
NGET-EMFIP-AGWS-TS-00204108,Solar generation,"Solar",2018-04-13,19,728
NGET-EMFIP-AGWS-TS-00204107,Wind generation,"Wind Onshore",2018-04-13,18,2156.596
NGET-EMFIP-AGWS-TS-00204106,Wind generation,"Wind Offshore",2018-04-13,18,146.008
NGET-EMFIP-AGWS-TS-00204105,Solar generation,"Solar",2018-04-13,18,547
NGET-EMFIP-AGWS-TS-00204104,Wind generation,"Wind Onshore",2018-04-13,17,2090.079
NGET-EMFIP-AGWS-TS-00204103,Wind generation,"Wind Offshore",2018-04-13,17,131.938
NGET-EMFIP-AGWS-TS-00204102,Solar generation,"Solar",2018-04-13,17,349
NGET-EMFIP-AGWS-TS-00204101,Wind generation,"Wind Onshore",2018-04-13,16,2029.329
NGET-EMFIP-AGWS-TS-00204100,Wind generation,"Wind Offshore",2018-04-13,16,124.302
NGET-EMFIP-AGWS-TS-00204099,Solar generation,"Solar",2018-04-13,16,185
NGET-EMFIP-AGWS-TS-00204098,Wind generation,"Wind Onshore",2018-04-13,15,2069.559
NGET-EMFIP-AGWS-TS-00204097,Wind generation,"Wind Offshore",2018-04-13,15,119.759
NGET-EMFIP-AGWS-TS-00204096,Solar generation,"Solar",2018-04-13,15,65
NGET-EMFIP-AGWS-TS-00204095,Wind generation,"Wind Onshore",2018-04-13,14,2127.219
NGET-EMFIP-AGWS-TS-00204094,Wind generation,"Wind Offshore",2018-04-13,14,143.105
NGET-EMFIP-AGWS-TS-00204093,Solar generation,"Solar",2018-04-13,14,9
NGET-EMFIP-AGWS-TS-00204092,Wind generation,"Wind Onshore",2018-04-13,13,2082.215
NGET-EMFIP-AGWS-TS-00204091,Wind generation,"Wind Offshore",2018-04-13,13,134.022
NGET-EMFIP-AGWS-TS-00204090,Solar generation,"Solar",2018-04-13,13,2
NGET-EMFIP-AGWS-TS-00204089,Wind generation,"Wind Onshore",2018-04-13,12,2127.509
NGET-EMFIP-AGWS-TS-00204088,Wind generation,"Wind Offshore",2018-04-13,12,157.454
NGET-EMFIP-AGWS-TS-00204087,Solar generation,"Solar",2018-04-13,12,1
NGET-EMFIP-AGWS-TS-00204086,Wind generation,"Wind Onshore",2018-04-13,11,2162.528
NGET-EMFIP-AGWS-TS-00204085,Wind generation,"Wind Offshore",2018-04-13,11,165.099
NGET-EMFIP-AGWS-TS-00204084,Solar generation,"Solar",2018-04-13,11,0
NGET-EMFIP-AGWS-TS-00204083,Wind generation,"Wind Onshore",2018-04-13,10,2197.897
NGET-EMFIP-AGWS-TS-00204082,Wind generation,"Wind Offshore",2018-04-13,10,203.982
NGET-EMFIP-AGWS-TS-00204081,Solar generation,"Solar",2018-04-13,10,0
NGET-EMFIP-AGWS-TS-00204080,Wind generation,"Wind Onshore",2018-04-13,9,2224.552
NGET-EMFIP-AGWS-TS-00204079,Wind generation,"Wind Offshore",2018-04-13,9,239.075
NGET-EMFIP-AGWS-TS-00204078,Solar generation,"Solar",2018-04-13,9,0
NGET-EMFIP-AGWS-TS-00204077,Wind generation,"Wind Onshore",2018-04-13,8,2372.273
NGET-EMFIP-AGWS-TS-00204076,Wind generation,"Wind Offshore",2018-04-13,8,230.805
NGET-EMFIP-AGWS-TS-00204075,Solar generation,"Solar",2018-04-13,8,0
NGET-EMFIP-AGWS-TS-00204074,Wind generation,"Wind Onshore",2018-04-13,7,2309.3
NGET-EMFIP-AGWS-TS-00204073,Wind generation,"Wind Offshore",2018-04-13,7,275.45
NGET-EMFIP-AGWS-TS-00204072,Solar generation,"Solar",2018-04-13,7,0
NGET-EMFIP-AGWS-TS-00204071,Wind generation,"Wind Onshore",2018-04-13,6,2673.112
NGET-EMFIP-AGWS-TS-00204070,Wind generation,"Wind Offshore",2018-04-13,6,311.965
NGET-EMFIP-AGWS-TS-00204069,Solar generation,"Solar",2018-04-13,6,0
NGET-EMFIP-AGWS-TS-00204068,Wind generation,"Wind Onshore",2018-04-13,5,1065.786
NGET-EMFIP-AGWS-TS-00204067,Wind generation,"Wind Offshore",2018-04-13,5,42.409
NGET-EMFIP-AGWS-TS-00204066,Solar generation,"Solar",2018-04-13,5,0
NGET-EMFIP-AGWS-TS-00204065,Wind generation,"Wind Onshore",2018-04-13,4,2860.749
NGET-EMFIP-AGWS-TS-00204064,Wind generation,"Wind Offshore",2018-04-13,4,477.72
NGET-EMFIP-AGWS-TS-00204063,Solar generation,"Solar",2018-04-13,4,0
NGET-EMFIP-AGWS-TS-00204062,Wind generation,"Wind Onshore",2018-04-13,3,2848.765
NGET-EMFIP-AGWS-TS-00204061,Wind generation,"Wind Offshore",2018-04-13,3,551.631
NGET-EMFIP-AGWS-TS-00204060,Solar generation,"Solar",2018-04-13,3,0
NGET-EMFIP-AGWS-TS-00204059,Wind generation,"Wind Onshore",2018-04-13,2,2963.891
NGET-EMFIP-AGWS-TS-00204058,Wind generation,"Wind Offshore",2018-04-13,2,615.644
NGET-EMFIP-AGWS-TS-00204057,Solar generation,"Solar",2018-04-13,2,0
NGET-EMFIP-AGWS-TS-00204056,Wind generation,"Wind Onshore",2018-04-13,1,2995.227
NGET-EMFIP-AGWS-TS-00204055,Wind generation,"Wind Offshore",2018-04-13,1,705.646
NGET-EMFIP-AGWS-TS-00204054,Solar generation,"Solar",2018-04-13,1,0