Actual Or Estimated Wind And Solar Power Generation (B1630)
Time Series ID,Business Type,PSR Type,Settlement  Date,Settlement Period,Quantity (MW)
NGET-EMFIP-AGWS-TS-00203873,Wind generation,"Wind Onshore",2018-04-11,48,3557.198
NGET-EMFIP-AGWS-TS-00203872,Wind generation,"Wind Offshore",2018-04-11,48,981.668
NGET-EMFIP-AGWS-TS-00203871,Solar generation,"Solar",2018-04-11,48,0
NGET-EMFIP-AGWS-TS-00203870,Wind generation,"Wind Onshore",2018-04-11,47,3612.807
NGET-EMFIP-AGWS-TS-00203869,Wind generation,"Wind Offshore",2018-04-11,47,943.922
NGET-EMFIP-AGWS-TS-00203868,Solar generation,"Solar",2018-04-11,47,0
NGET-EMFIP-AGWS-TS-00203867,Wind generation,"Wind Onshore",2018-04-11,46,3619.655
NGET-EMFIP-AGWS-TS-00203866,Wind generation,"Wind Offshore",2018-04-11,46,1051.288
NGET-EMFIP-AGWS-TS-00203865,Solar generation,"Solar",2018-04-11,46,0
NGET-EMFIP-AGWS-TS-00203864,Wind generation,"Wind Onshore",2018-04-11,45,3601.027
NGET-EMFIP-AGWS-TS-00203863,Wind generation,"Wind Offshore",2018-04-11,45,1130.342
NGET-EMFIP-AGWS-TS-00203862,Solar generation,"Solar",2018-04-11,45,0
NGET-EMFIP-AGWS-TS-00203861,Wind generation,"Wind Onshore",2018-04-11,44,3580.112
NGET-EMFIP-AGWS-TS-00203860,Wind generation,"Wind Offshore",2018-04-11,44,1094.693
NGET-EMFIP-AGWS-TS-00203859,Solar generation,"Solar",2018-04-11,44,0
NGET-EMFIP-AGWS-TS-00203853,Wind generation,"Wind Onshore",2018-04-11,43,1489.907
NGET-EMFIP-AGWS-TS-00203852,Wind generation,"Wind Offshore",2018-04-11,43,90.773
NGET-EMFIP-AGWS-TS-00203851,Solar generation,"Solar",2018-04-11,43,1
NGET-EMFIP-AGWS-TS-00203850,Wind generation,"Wind Onshore",2018-04-11,42,3659.653
NGET-EMFIP-AGWS-TS-00203849,Wind generation,"Wind Offshore",2018-04-11,42,957.077
NGET-EMFIP-AGWS-TS-00203848,Solar generation,"Solar",2018-04-11,42,2
NGET-EMFIP-AGWS-TS-00203847,Wind generation,"Wind Onshore",2018-04-11,41,3542.358
NGET-EMFIP-AGWS-TS-00203846,Wind generation,"Wind Offshore",2018-04-11,41,958.691
NGET-EMFIP-AGWS-TS-00203845,Solar generation,"Solar",2018-04-11,41,0
NGET-EMFIP-AGWS-TS-00203844,Wind generation,"Wind Onshore",2018-04-11,40,3526.567
NGET-EMFIP-AGWS-TS-00203843,Wind generation,"Wind Offshore",2018-04-11,40,958.114
NGET-EMFIP-AGWS-TS-00203842,Solar generation,"Solar",2018-04-11,40,6
NGET-EMFIP-AGWS-TS-00203841,Wind generation,"Wind Onshore",2018-04-11,39,3506.518
NGET-EMFIP-AGWS-TS-00203840,Wind generation,"Wind Offshore",2018-04-11,39,1090.345
NGET-EMFIP-AGWS-TS-00203839,Solar generation,"Solar",2018-04-11,39,68
NGET-EMFIP-AGWS-TS-00203838,Wind generation,"Wind Onshore",2018-04-11,38,3533.904
NGET-EMFIP-AGWS-TS-00203837,Wind generation,"Wind Offshore",2018-04-11,38,1114.699
NGET-EMFIP-AGWS-TS-00203836,Solar generation,"Solar",2018-04-11,38,231
NGET-EMFIP-AGWS-TS-00203835,Wind generation,"Wind Onshore",2018-04-11,37,3439.019
NGET-EMFIP-AGWS-TS-00203834,Wind generation,"Wind Offshore",2018-04-11,37,1178.711
NGET-EMFIP-AGWS-TS-00203833,Solar generation,"Solar",2018-04-11,37,478
NGET-EMFIP-AGWS-TS-00203832,Wind generation,"Wind Onshore",2018-04-11,36,3365.006
NGET-EMFIP-AGWS-TS-00203831,Wind generation,"Wind Offshore",2018-04-11,36,1121.552
NGET-EMFIP-AGWS-TS-00203830,Solar generation,"Solar",2018-04-11,36,761
NGET-EMFIP-AGWS-TS-00203829,Wind generation,"Wind Onshore",2018-04-11,35,3395.844
NGET-EMFIP-AGWS-TS-00203828,Wind generation,"Wind Offshore",2018-04-11,35,1122.765
NGET-EMFIP-AGWS-TS-00203827,Solar generation,"Solar",2018-04-11,35,1090
NGET-EMFIP-AGWS-TS-00203826,Wind generation,"Wind Onshore",2018-04-11,34,3559.117
NGET-EMFIP-AGWS-TS-00203825,Wind generation,"Wind Offshore",2018-04-11,34,1148.697
NGET-EMFIP-AGWS-TS-00203824,Solar generation,"Solar",2018-04-11,34,1400
NGET-EMFIP-AGWS-TS-00203823,Wind generation,"Wind Onshore",2018-04-11,33,3631.636
NGET-EMFIP-AGWS-TS-00203822,Wind generation,"Wind Offshore",2018-04-11,33,1115.377
NGET-EMFIP-AGWS-TS-00203821,Solar generation,"Solar",2018-04-11,33,1620
NGET-EMFIP-AGWS-TS-00203820,Wind generation,"Wind Onshore",2018-04-11,32,3513.456
NGET-EMFIP-AGWS-TS-00203819,Wind generation,"Wind Offshore",2018-04-11,32,1064.267
NGET-EMFIP-AGWS-TS-00203818,Solar generation,"Solar",2018-04-11,32,1910
NGET-EMFIP-AGWS-TS-00203817,Wind generation,"Wind Onshore",2018-04-11,31,3477.536
NGET-EMFIP-AGWS-TS-00203816,Wind generation,"Wind Offshore",2018-04-11,31,1038.379
NGET-EMFIP-AGWS-TS-00203815,Solar generation,"Solar",2018-04-11,31,2080
NGET-EMFIP-AGWS-TS-00203814,Wind generation,"Wind Onshore",2018-04-11,30,3399.46
NGET-EMFIP-AGWS-TS-00203813,Wind generation,"Wind Offshore",2018-04-11,30,1127.714
NGET-EMFIP-AGWS-TS-00203812,Solar generation,"Solar",2018-04-11,30,2210
NGET-EMFIP-AGWS-TS-00203811,Wind generation,"Wind Onshore",2018-04-11,29,3560.23
NGET-EMFIP-AGWS-TS-00203810,Wind generation,"Wind Offshore",2018-04-11,29,1147.289
NGET-EMFIP-AGWS-TS-00203809,Solar generation,"Solar",2018-04-11,29,3884
NGET-EMFIP-AGWS-TS-00203808,Wind generation,"Wind Onshore",2018-04-11,28,3549.36
NGET-EMFIP-AGWS-TS-00203807,Wind generation,"Wind Offshore",2018-04-11,28,1152.524
NGET-EMFIP-AGWS-TS-00203806,Solar generation,"Solar",2018-04-11,28,2220
NGET-EMFIP-AGWS-TS-00203805,Wind generation,"Wind Onshore",2018-04-11,27,3594.825
NGET-EMFIP-AGWS-TS-00203804,Wind generation,"Wind Offshore",2018-04-11,27,1212.927
NGET-EMFIP-AGWS-TS-00203803,Solar generation,"Solar",2018-04-11,27,2260
NGET-EMFIP-AGWS-TS-00203802,Wind generation,"Wind Onshore",2018-04-11,26,3590.75
NGET-EMFIP-AGWS-TS-00203801,Wind generation,"Wind Offshore",2018-04-11,26,1164.097
NGET-EMFIP-AGWS-TS-00203800,Solar generation,"Solar",2018-04-11,26,2130
NGET-EMFIP-AGWS-TS-00203799,Wind generation,"Wind Onshore",2018-04-11,25,3808.554
NGET-EMFIP-AGWS-TS-00203798,Wind generation,"Wind Offshore",2018-04-11,25,1336.722
NGET-EMFIP-AGWS-TS-00203797,Solar generation,"Solar",2018-04-11,25,2110
NGET-EMFIP-AGWS-TS-00203796,Wind generation,"Wind Onshore",2018-04-11,24,3705.139
NGET-EMFIP-AGWS-TS-00203795,Wind generation,"Wind Offshore",2018-04-11,24,1490.836
NGET-EMFIP-AGWS-TS-00203794,Solar generation,"Solar",2018-04-11,24,1910
NGET-EMFIP-AGWS-TS-00203793,Wind generation,"Wind Onshore",2018-04-11,23,3652.412
NGET-EMFIP-AGWS-TS-00203792,Wind generation,"Wind Offshore",2018-04-11,23,1782.007
NGET-EMFIP-AGWS-TS-00203791,Solar generation,"Solar",2018-04-11,23,1740
NGET-EMFIP-AGWS-TS-00203790,Wind generation,"Wind Onshore",2018-04-11,22,3414.133
NGET-EMFIP-AGWS-TS-00203789,Wind generation,"Wind Offshore",2018-04-11,22,1668.025
NGET-EMFIP-AGWS-TS-00203788,Solar generation,"Solar",2018-04-11,22,1500
NGET-EMFIP-AGWS-TS-00203787,Wind generation,"Wind Onshore",2018-04-11,21,3228.012
NGET-EMFIP-AGWS-TS-00203786,Wind generation,"Wind Offshore",2018-04-11,21,1373.923
NGET-EMFIP-AGWS-TS-00203785,Solar generation,"Solar",2018-04-11,21,1290
NGET-EMFIP-AGWS-TS-00203784,Wind generation,"Wind Onshore",2018-04-11,20,3026.409
NGET-EMFIP-AGWS-TS-00203783,Wind generation,"Wind Offshore",2018-04-11,20,1159.709
NGET-EMFIP-AGWS-TS-00203782,Solar generation,"Solar",2018-04-11,20,1060
NGET-EMFIP-AGWS-TS-00203781,Wind generation,"Wind Onshore",2018-04-11,19,2911.104
NGET-EMFIP-AGWS-TS-00203780,Wind generation,"Wind Offshore",2018-04-11,19,1026.511
NGET-EMFIP-AGWS-TS-00203779,Solar generation,"Solar",2018-04-11,19,841
NGET-EMFIP-AGWS-TS-00203771,Wind generation,"Wind Onshore",2018-04-11,18,2787.685
NGET-EMFIP-AGWS-TS-00203770,Wind generation,"Wind Offshore",2018-04-11,18,781.735
NGET-EMFIP-AGWS-TS-00203769,Solar generation,"Solar",2018-04-11,18,632
NGET-EMFIP-AGWS-TS-00203768,Wind generation,"Wind Onshore",2018-04-11,17,2782.577
NGET-EMFIP-AGWS-TS-00203767,Wind generation,"Wind Offshore",2018-04-11,17,855.541
NGET-EMFIP-AGWS-TS-00203766,Solar generation,"Solar",2018-04-11,17,397
NGET-EMFIP-AGWS-TS-00203765,Wind generation,"Wind Onshore",2018-04-11,16,2712.627
NGET-EMFIP-AGWS-TS-00203764,Wind generation,"Wind Offshore",2018-04-11,16,954.77
NGET-EMFIP-AGWS-TS-00203763,Solar generation,"Solar",2018-04-11,16,208
NGET-EMFIP-AGWS-TS-00203762,Wind generation,"Wind Onshore",2018-04-11,15,2690.912
NGET-EMFIP-AGWS-TS-00203761,Wind generation,"Wind Offshore",2018-04-11,15,1086.924
NGET-EMFIP-AGWS-TS-00203760,Solar generation,"Solar",2018-04-11,15,78
NGET-EMFIP-AGWS-TS-00203759,Wind generation,"Wind Onshore",2018-04-11,14,2570.239
NGET-EMFIP-AGWS-TS-00203758,Wind generation,"Wind Offshore",2018-04-11,14,1285.008
NGET-EMFIP-AGWS-TS-00203757,Solar generation,"Solar",2018-04-11,14,12
NGET-EMFIP-AGWS-TS-00203756,Wind generation,"Wind Onshore",2018-04-11,13,2442.214
NGET-EMFIP-AGWS-TS-00203755,Wind generation,"Wind Offshore",2018-04-11,13,1318.338
NGET-EMFIP-AGWS-TS-00203754,Solar generation,"Solar",2018-04-11,13,0
NGET-EMFIP-AGWS-TS-00203753,Wind generation,"Wind Onshore",2018-04-11,12,2390.39
NGET-EMFIP-AGWS-TS-00203752,Wind generation,"Wind Offshore",2018-04-11,12,1145.944
NGET-EMFIP-AGWS-TS-00203751,Solar generation,"Solar",2018-04-11,12,1
NGET-EMFIP-AGWS-TS-00203750,Wind generation,"Wind Onshore",2018-04-11,11,2388.322
NGET-EMFIP-AGWS-TS-00203749,Wind generation,"Wind Offshore",2018-04-11,11,968.534
NGET-EMFIP-AGWS-TS-00203748,Solar generation,"Solar",2018-04-11,11,0
NGET-EMFIP-AGWS-TS-00203747,Wind generation,"Wind Onshore",2018-04-11,10,2453.521
NGET-EMFIP-AGWS-TS-00203746,Wind generation,"Wind Offshore",2018-04-11,10,974.467
NGET-EMFIP-AGWS-TS-00203745,Solar generation,"Solar",2018-04-11,10,0
NGET-EMFIP-AGWS-TS-00203744,Wind generation,"Wind Onshore",2018-04-11,9,2400.528
NGET-EMFIP-AGWS-TS-00203743,Wind generation,"Wind Offshore",2018-04-11,9,810.266
NGET-EMFIP-AGWS-TS-00203742,Solar generation,"Solar",2018-04-11,9,0
NGET-EMFIP-AGWS-TS-00203741,Wind generation,"Wind Onshore",2018-04-11,8,2507.534
NGET-EMFIP-AGWS-TS-00203740,Wind generation,"Wind Offshore",2018-04-11,8,812.495
NGET-EMFIP-AGWS-TS-00203739,Solar generation,"Solar",2018-04-11,8,0
NGET-EMFIP-AGWS-TS-00203727,Wind generation,"Wind Onshore",2018-04-11,7,2544.738
NGET-EMFIP-AGWS-TS-00203726,Wind generation,"Wind Offshore",2018-04-11,7,1111.943
NGET-EMFIP-AGWS-TS-00203725,Solar generation,"Solar",2018-04-11,7,0
NGET-EMFIP-AGWS-TS-00203724,Wind generation,"Wind Onshore",2018-04-11,6,2701.99
NGET-EMFIP-AGWS-TS-00203723,Wind generation,"Wind Offshore",2018-04-11,6,1226.933
NGET-EMFIP-AGWS-TS-00203722,Solar generation,"Solar",2018-04-11,6,0
NGET-EMFIP-AGWS-TS-00203721,Wind generation,"Wind Onshore",2018-04-11,5,2983.338
NGET-EMFIP-AGWS-TS-00203720,Wind generation,"Wind Offshore",2018-04-11,5,1355.186
NGET-EMFIP-AGWS-TS-00203719,Solar generation,"Solar",2018-04-11,5,0
NGET-EMFIP-AGWS-TS-00203718,Wind generation,"Wind Onshore",2018-04-11,4,2795.97
NGET-EMFIP-AGWS-TS-00203717,Wind generation,"Wind Offshore",2018-04-11,4,1174.15
NGET-EMFIP-AGWS-TS-00203716,Solar generation,"Solar",2018-04-11,4,0
NGET-EMFIP-AGWS-TS-00203715,Wind generation,"Wind Onshore",2018-04-11,3,2861.123
NGET-EMFIP-AGWS-TS-00203714,Wind generation,"Wind Offshore",2018-04-11,3,940.345
NGET-EMFIP-AGWS-TS-00203713,Solar generation,"Solar",2018-04-11,3,0
NGET-EMFIP-AGWS-TS-00203712,Wind generation,"Wind Onshore",2018-04-11,2,3046.931
NGET-EMFIP-AGWS-TS-00203711,Wind generation,"Wind Offshore",2018-04-11,2,1019.039
NGET-EMFIP-AGWS-TS-00203710,Solar generation,"Solar",2018-04-11,2,0
NGET-EMFIP-AGWS-TS-00203709,Wind generation,"Wind Onshore",2018-04-11,1,3133.08
NGET-EMFIP-AGWS-TS-00203708,Wind generation,"Wind Offshore",2018-04-11,1,960.533
NGET-EMFIP-AGWS-TS-00203707,Solar generation,"Solar",2018-04-11,1,0