Actual Or Estimated Wind And Solar Power Generation (B1630)
Time Series ID,Business Type,PSR Type,Settlement  Date,Settlement Period,Quantity (MW)
NGET-EMFIP-AGWS-TS-00206187,Wind generation,"Wind Onshore",2018-04-25,48,4669.262
NGET-EMFIP-AGWS-TS-00206186,Wind generation,"Wind Offshore",2018-04-25,48,2980.073
NGET-EMFIP-AGWS-TS-00206185,Solar generation,"Solar",2018-04-25,48,0
NGET-EMFIP-AGWS-TS-00206184,Wind generation,"Wind Onshore",2018-04-25,47,4292.544
NGET-EMFIP-AGWS-TS-00206183,Wind generation,"Wind Offshore",2018-04-25,47,2416.829
NGET-EMFIP-AGWS-TS-00206182,Solar generation,"Solar",2018-04-25,47,0
NGET-EMFIP-AGWS-TS-00206181,Wind generation,"Wind Onshore",2018-04-25,46,4025.258
NGET-EMFIP-AGWS-TS-00206180,Wind generation,"Wind Offshore",2018-04-25,46,2250.736
NGET-EMFIP-AGWS-TS-00206179,Solar generation,"Solar",2018-04-25,46,0
NGET-EMFIP-AGWS-TS-00206178,Wind generation,"Wind Onshore",2018-04-25,45,4205.097
NGET-EMFIP-AGWS-TS-00206177,Wind generation,"Wind Offshore",2018-04-25,45,2718.391
NGET-EMFIP-AGWS-TS-00206176,Solar generation,"Solar",2018-04-25,45,0
NGET-EMFIP-AGWS-TS-00206175,Wind generation,"Wind Onshore",2018-04-25,44,3834.527
NGET-EMFIP-AGWS-TS-00206174,Wind generation,"Wind Offshore",2018-04-25,44,2698.232
NGET-EMFIP-AGWS-TS-00206173,Solar generation,"Solar",2018-04-25,44,1
NGET-EMFIP-AGWS-TS-00206172,Wind generation,"Wind Onshore",2018-04-25,43,3755.796
NGET-EMFIP-AGWS-TS-00206171,Wind generation,"Wind Offshore",2018-04-25,43,2819.092
NGET-EMFIP-AGWS-TS-00206170,Solar generation,"Solar",2018-04-25,43,53
NGET-EMFIP-AGWS-TS-00206169,Wind generation,"Wind Onshore",2018-04-25,42,3798.506
NGET-EMFIP-AGWS-TS-00206168,Wind generation,"Wind Offshore",2018-04-25,42,2590.965
NGET-EMFIP-AGWS-TS-00206167,Solar generation,"Solar",2018-04-25,42,22
NGET-EMFIP-AGWS-TS-00206166,Wind generation,"Wind Onshore",2018-04-25,41,3771.107
NGET-EMFIP-AGWS-TS-00206165,Wind generation,"Wind Offshore",2018-04-25,41,3060.225
NGET-EMFIP-AGWS-TS-00206164,Solar generation,"Solar",2018-04-25,41,38
NGET-EMFIP-AGWS-TS-00206163,Wind generation,"Wind Onshore",2018-04-25,40,4201.233
NGET-EMFIP-AGWS-TS-00206162,Wind generation,"Wind Offshore",2018-04-25,40,2595.004
NGET-EMFIP-AGWS-TS-00206161,Solar generation,"Solar",2018-04-25,40,291
NGET-EMFIP-AGWS-TS-00206160,Wind generation,"Wind Onshore",2018-04-25,39,1965.038
NGET-EMFIP-AGWS-TS-00206159,Wind generation,"Wind Offshore",2018-04-25,39,107.976
NGET-EMFIP-AGWS-TS-00206158,Solar generation,"Solar",2018-04-25,39,767
NGET-EMFIP-AGWS-TS-00206157,Wind generation,"Wind Onshore",2018-04-25,38,4620.11
NGET-EMFIP-AGWS-TS-00206156,Wind generation,"Wind Offshore",2018-04-25,38,2762.535
NGET-EMFIP-AGWS-TS-00206155,Solar generation,"Solar",2018-04-25,38,1310
NGET-EMFIP-AGWS-TS-00206154,Wind generation,"Wind Onshore",2018-04-25,37,4868.924
NGET-EMFIP-AGWS-TS-00206153,Wind generation,"Wind Offshore",2018-04-25,37,2935.329
NGET-EMFIP-AGWS-TS-00206152,Solar generation,"Solar",2018-04-25,37,1890
NGET-EMFIP-AGWS-TS-00206151,Wind generation,"Wind Onshore",2018-04-25,36,5108.624
NGET-EMFIP-AGWS-TS-00206150,Wind generation,"Wind Offshore",2018-04-25,36,2963.353
NGET-EMFIP-AGWS-TS-00206149,Solar generation,"Solar",2018-04-25,36,2460
NGET-EMFIP-AGWS-TS-00206148,Wind generation,"Wind Onshore",2018-04-25,35,5356.01
NGET-EMFIP-AGWS-TS-00206147,Wind generation,"Wind Offshore",2018-04-25,35,3332.005
NGET-EMFIP-AGWS-TS-00206146,Solar generation,"Solar",2018-04-25,35,3090
NGET-EMFIP-AGWS-TS-00206145,Wind generation,"Wind Onshore",2018-04-25,34,5038.336
NGET-EMFIP-AGWS-TS-00206144,Wind generation,"Wind Offshore",2018-04-25,34,2985.001
NGET-EMFIP-AGWS-TS-00206143,Solar generation,"Solar",2018-04-25,34,3590
NGET-EMFIP-AGWS-TS-00206142,Wind generation,"Wind Onshore",2018-04-25,33,5396.326
NGET-EMFIP-AGWS-TS-00206141,Wind generation,"Wind Offshore",2018-04-25,33,3132.189
NGET-EMFIP-AGWS-TS-00206140,Solar generation,"Solar",2018-04-25,33,4080
NGET-EMFIP-AGWS-TS-00206139,Wind generation,"Wind Onshore",2018-04-25,32,5319.058
NGET-EMFIP-AGWS-TS-00206138,Wind generation,"Wind Offshore",2018-04-25,32,2806.338
NGET-EMFIP-AGWS-TS-00206137,Solar generation,"Solar",2018-04-25,32,4960
NGET-EMFIP-AGWS-TS-00206136,Wind generation,"Wind Onshore",2018-04-25,31,5415.765
NGET-EMFIP-AGWS-TS-00206135,Wind generation,"Wind Offshore",2018-04-25,31,2945.914
NGET-EMFIP-AGWS-TS-00206134,Solar generation,"Solar",2018-04-25,31,5280
NGET-EMFIP-AGWS-TS-00206133,Wind generation,"Wind Onshore",2018-04-25,30,5211.64
NGET-EMFIP-AGWS-TS-00206132,Wind generation,"Wind Offshore",2018-04-25,30,3100.442
NGET-EMFIP-AGWS-TS-00206131,Solar generation,"Solar",2018-04-25,30,5640
NGET-EMFIP-AGWS-TS-00206130,Wind generation,"Wind Onshore",2018-04-25,29,5143.441
NGET-EMFIP-AGWS-TS-00206129,Wind generation,"Wind Offshore",2018-04-25,29,2561.494
NGET-EMFIP-AGWS-TS-00206128,Solar generation,"Solar",2018-04-25,29,5042
NGET-EMFIP-AGWS-TS-00206127,Wind generation,"Wind Onshore",2018-04-25,28,5050.522
NGET-EMFIP-AGWS-TS-00206126,Wind generation,"Wind Offshore",2018-04-25,28,2257.762
NGET-EMFIP-AGWS-TS-00206125,Solar generation,"Solar",2018-04-25,28,5980
NGET-EMFIP-AGWS-TS-00206124,Wind generation,"Wind Onshore",2018-04-25,27,5011.344
NGET-EMFIP-AGWS-TS-00206123,Wind generation,"Wind Offshore",2018-04-25,27,2368.435
NGET-EMFIP-AGWS-TS-00206122,Solar generation,"Solar",2018-04-25,27,6150
NGET-EMFIP-AGWS-TS-00206121,Wind generation,"Wind Onshore",2018-04-25,26,4901.838
NGET-EMFIP-AGWS-TS-00206120,Wind generation,"Wind Offshore",2018-04-25,26,2525.358
NGET-EMFIP-AGWS-TS-00206119,Solar generation,"Solar",2018-04-25,26,6000
NGET-EMFIP-AGWS-TS-00206118,Wind generation,"Wind Onshore",2018-04-25,25,4831.6
NGET-EMFIP-AGWS-TS-00206117,Wind generation,"Wind Offshore",2018-04-25,25,2542.513
NGET-EMFIP-AGWS-TS-00206116,Solar generation,"Solar",2018-04-25,25,5890
NGET-EMFIP-AGWS-TS-00206115,Wind generation,"Wind Onshore",2018-04-25,24,4759.681
NGET-EMFIP-AGWS-TS-00206114,Wind generation,"Wind Offshore",2018-04-25,24,2777.444
NGET-EMFIP-AGWS-TS-00206113,Solar generation,"Solar",2018-04-25,24,5650
NGET-EMFIP-AGWS-TS-00206112,Wind generation,"Wind Onshore",2018-04-25,23,2120.752
NGET-EMFIP-AGWS-TS-00206111,Wind generation,"Wind Offshore",2018-04-25,23,111.661
NGET-EMFIP-AGWS-TS-00206110,Solar generation,"Solar",2018-04-25,23,5490
NGET-EMFIP-AGWS-TS-00206109,Wind generation,"Wind Onshore",2018-04-25,22,4416.125
NGET-EMFIP-AGWS-TS-00206108,Wind generation,"Wind Offshore",2018-04-25,22,2534.586
NGET-EMFIP-AGWS-TS-00206107,Solar generation,"Solar",2018-04-25,22,4880
NGET-EMFIP-AGWS-TS-00206106,Wind generation,"Wind Onshore",2018-04-25,21,4463.335
NGET-EMFIP-AGWS-TS-00206105,Wind generation,"Wind Offshore",2018-04-25,21,2442.556
NGET-EMFIP-AGWS-TS-00206104,Solar generation,"Solar",2018-04-25,21,4490
NGET-EMFIP-AGWS-TS-00206103,Wind generation,"Wind Onshore",2018-04-25,20,4104.546
NGET-EMFIP-AGWS-TS-00206102,Wind generation,"Wind Offshore",2018-04-25,20,2159.184
NGET-EMFIP-AGWS-TS-00206101,Solar generation,"Solar",2018-04-25,20,4070
NGET-EMFIP-AGWS-TS-00206100,Wind generation,"Wind Onshore",2018-04-25,19,4003.854
NGET-EMFIP-AGWS-TS-00206099,Wind generation,"Wind Offshore",2018-04-25,19,2189.139
NGET-EMFIP-AGWS-TS-00206098,Solar generation,"Solar",2018-04-25,19,3670
NGET-EMFIP-AGWS-TS-00206097,Wind generation,"Wind Onshore",2018-04-25,18,3634.651
NGET-EMFIP-AGWS-TS-00206096,Wind generation,"Wind Offshore",2018-04-25,18,2275.827
NGET-EMFIP-AGWS-TS-00206095,Solar generation,"Solar",2018-04-25,18,3050
NGET-EMFIP-AGWS-TS-00206094,Wind generation,"Wind Onshore",2018-04-25,17,3614.611
NGET-EMFIP-AGWS-TS-00206093,Wind generation,"Wind Offshore",2018-04-25,17,2477.057
NGET-EMFIP-AGWS-TS-00206092,Solar generation,"Solar",2018-04-25,17,1708
NGET-EMFIP-AGWS-TS-00206091,Wind generation,"Wind Onshore",2018-04-25,16,1497.783
NGET-EMFIP-AGWS-TS-00206090,Wind generation,"Wind Offshore",2018-04-25,16,95.719
NGET-EMFIP-AGWS-TS-00206089,Solar generation,"Solar",2018-04-25,16,1720
NGET-EMFIP-AGWS-TS-00206088,Wind generation,"Wind Onshore",2018-04-25,15,3295.676
NGET-EMFIP-AGWS-TS-00206087,Wind generation,"Wind Offshore",2018-04-25,15,2406.601
NGET-EMFIP-AGWS-TS-00206086,Solar generation,"Solar",2018-04-25,15,1080
NGET-EMFIP-AGWS-TS-00206085,Wind generation,"Wind Onshore",2018-04-25,14,3255.55
NGET-EMFIP-AGWS-TS-00206084,Wind generation,"Wind Offshore",2018-04-25,14,1992.733
NGET-EMFIP-AGWS-TS-00206083,Solar generation,"Solar",2018-04-25,14,504
NGET-EMFIP-AGWS-TS-00206082,Wind generation,"Wind Onshore",2018-04-25,13,3345.003
NGET-EMFIP-AGWS-TS-00206081,Wind generation,"Wind Offshore",2018-04-25,13,2024.2
NGET-EMFIP-AGWS-TS-00206080,Solar generation,"Solar",2018-04-25,13,113
NGET-EMFIP-AGWS-TS-00206079,Wind generation,"Wind Onshore",2018-04-25,12,1418.056
NGET-EMFIP-AGWS-TS-00206078,Wind generation,"Wind Offshore",2018-04-25,12,107.778
NGET-EMFIP-AGWS-TS-00206077,Solar generation,"Solar",2018-04-25,12,2
NGET-EMFIP-AGWS-TS-00206076,Wind generation,"Wind Onshore",2018-04-25,11,3286.74
NGET-EMFIP-AGWS-TS-00206075,Wind generation,"Wind Offshore",2018-04-25,11,2379.328
NGET-EMFIP-AGWS-TS-00206074,Solar generation,"Solar",2018-04-25,11,0
NGET-EMFIP-AGWS-TS-00206073,Wind generation,"Wind Onshore",2018-04-25,10,1383.26
NGET-EMFIP-AGWS-TS-00206072,Wind generation,"Wind Offshore",2018-04-25,10,112.115
NGET-EMFIP-AGWS-TS-00206071,Solar generation,"Solar",2018-04-25,10,0
NGET-EMFIP-AGWS-TS-00206070,Wind generation,"Wind Onshore",2018-04-25,9,1383.26
NGET-EMFIP-AGWS-TS-00206069,Wind generation,"Wind Offshore",2018-04-25,9,112.115
NGET-EMFIP-AGWS-TS-00206068,Solar generation,"Solar",2018-04-25,9,0
NGET-EMFIP-AGWS-TS-00206067,Wind generation,"Wind Onshore",2018-04-25,8,3208.151
NGET-EMFIP-AGWS-TS-00206066,Wind generation,"Wind Offshore",2018-04-25,8,2595.674
NGET-EMFIP-AGWS-TS-00206065,Solar generation,"Solar",2018-04-25,8,0
NGET-EMFIP-AGWS-TS-00206064,Wind generation,"Wind Onshore",2018-04-25,7,3098.728
NGET-EMFIP-AGWS-TS-00206063,Wind generation,"Wind Offshore",2018-04-25,7,2663.102
NGET-EMFIP-AGWS-TS-00206062,Solar generation,"Solar",2018-04-25,7,0
NGET-EMFIP-AGWS-TS-00206061,Wind generation,"Wind Onshore",2018-04-25,6,3206.457
NGET-EMFIP-AGWS-TS-00206060,Wind generation,"Wind Offshore",2018-04-25,6,2726.968
NGET-EMFIP-AGWS-TS-00206059,Solar generation,"Solar",2018-04-25,6,0
NGET-EMFIP-AGWS-TS-00206048,Wind generation,"Wind Onshore",2018-04-25,5,3031.121
NGET-EMFIP-AGWS-TS-00206047,Wind generation,"Wind Offshore",2018-04-25,5,2701.563
NGET-EMFIP-AGWS-TS-00206046,Solar generation,"Solar",2018-04-25,5,0
NGET-EMFIP-AGWS-TS-00206045,Wind generation,"Wind Onshore",2018-04-25,4,2984.292
NGET-EMFIP-AGWS-TS-00206044,Wind generation,"Wind Offshore",2018-04-25,4,2526.142
NGET-EMFIP-AGWS-TS-00206043,Solar generation,"Solar",2018-04-25,4,0
NGET-EMFIP-AGWS-TS-00206042,Wind generation,"Wind Onshore",2018-04-25,3,3034.438
NGET-EMFIP-AGWS-TS-00206041,Wind generation,"Wind Offshore",2018-04-25,3,2727.037
NGET-EMFIP-AGWS-TS-00206040,Solar generation,"Solar",2018-04-25,3,0
NGET-EMFIP-AGWS-TS-00206039,Wind generation,"Wind Onshore",2018-04-25,2,2938.015
NGET-EMFIP-AGWS-TS-00206038,Wind generation,"Wind Offshore",2018-04-25,2,2923.515
NGET-EMFIP-AGWS-TS-00206037,Solar generation,"Solar",2018-04-25,2,0
NGET-EMFIP-AGWS-TS-00206036,Wind generation,"Wind Onshore",2018-04-25,1,2749.874
NGET-EMFIP-AGWS-TS-00206035,Wind generation,"Wind Offshore",2018-04-25,1,2805.465
NGET-EMFIP-AGWS-TS-00206034,Solar generation,"Solar",2018-04-25,1,0