Actual Or Estimated Wind And Solar Power Generation (B1630)
Time Series ID,Business Type,PSR Type,Settlement  Date,Settlement Period,Quantity (MW)
NGET-EMFIP-AGWS-TS-00206033,Wind generation,"Wind Onshore",2018-04-24,48,2506.216
NGET-EMFIP-AGWS-TS-00206032,Wind generation,"Wind Offshore",2018-04-24,48,2617.769
NGET-EMFIP-AGWS-TS-00206031,Solar generation,"Solar",2018-04-24,48,0
NGET-EMFIP-AGWS-TS-00206030,Wind generation,"Wind Onshore",2018-04-24,47,2342.094
NGET-EMFIP-AGWS-TS-00206029,Wind generation,"Wind Offshore",2018-04-24,47,2564.76
NGET-EMFIP-AGWS-TS-00206028,Solar generation,"Solar",2018-04-24,47,0
NGET-EMFIP-AGWS-TS-00206027,Wind generation,"Wind Onshore",2018-04-24,46,2155.01
NGET-EMFIP-AGWS-TS-00206026,Wind generation,"Wind Offshore",2018-04-24,46,2412.686
NGET-EMFIP-AGWS-TS-00206025,Solar generation,"Solar",2018-04-24,46,0
NGET-EMFIP-AGWS-TS-00206024,Wind generation,"Wind Onshore",2018-04-24,45,2162.093
NGET-EMFIP-AGWS-TS-00206023,Wind generation,"Wind Offshore",2018-04-24,45,2358.305
NGET-EMFIP-AGWS-TS-00206022,Solar generation,"Solar",2018-04-24,45,0
NGET-EMFIP-AGWS-TS-00206021,Wind generation,"Wind Onshore",2018-04-24,44,2112.095
NGET-EMFIP-AGWS-TS-00206020,Wind generation,"Wind Offshore",2018-04-24,44,2406.633
NGET-EMFIP-AGWS-TS-00206019,Solar generation,"Solar",2018-04-24,44,0
NGET-EMFIP-AGWS-TS-00206001,Wind generation,"Wind Onshore",2018-04-24,43,2061.299
NGET-EMFIP-AGWS-TS-00206000,Wind generation,"Wind Offshore",2018-04-24,43,2343.451
NGET-EMFIP-AGWS-TS-00205999,Solar generation,"Solar",2018-04-24,43,2
NGET-EMFIP-AGWS-TS-00205993,Wind generation,"Wind Onshore",2018-04-24,42,2074.539
NGET-EMFIP-AGWS-TS-00205992,Wind generation,"Wind Offshore",2018-04-24,42,2283.265
NGET-EMFIP-AGWS-TS-00205991,Solar generation,"Solar",2018-04-24,42,3
NGET-EMFIP-AGWS-TS-00205990,Wind generation,"Wind Onshore",2018-04-24,41,2094.31
NGET-EMFIP-AGWS-TS-00205989,Wind generation,"Wind Offshore",2018-04-24,41,2021.94
NGET-EMFIP-AGWS-TS-00205988,Solar generation,"Solar",2018-04-24,41,10
NGET-EMFIP-AGWS-TS-00205987,Wind generation,"Wind Onshore",2018-04-24,40,2247.444
NGET-EMFIP-AGWS-TS-00205986,Wind generation,"Wind Offshore",2018-04-24,40,1879.679
NGET-EMFIP-AGWS-TS-00205985,Solar generation,"Solar",2018-04-24,40,52
NGET-EMFIP-AGWS-TS-00205984,Wind generation,"Wind Onshore",2018-04-24,39,1252.623
NGET-EMFIP-AGWS-TS-00205983,Wind generation,"Wind Offshore",2018-04-24,39,113.723
NGET-EMFIP-AGWS-TS-00205982,Solar generation,"Solar",2018-04-24,39,136
NGET-EMFIP-AGWS-TS-00205981,Wind generation,"Wind Onshore",2018-04-24,38,2743.902
NGET-EMFIP-AGWS-TS-00205980,Wind generation,"Wind Offshore",2018-04-24,38,1514.168
NGET-EMFIP-AGWS-TS-00205979,Solar generation,"Solar",2018-04-24,38,257
NGET-EMFIP-AGWS-TS-00205978,Wind generation,"Wind Onshore",2018-04-24,37,2986.971
NGET-EMFIP-AGWS-TS-00205977,Wind generation,"Wind Offshore",2018-04-24,37,1527.807
NGET-EMFIP-AGWS-TS-00205976,Solar generation,"Solar",2018-04-24,37,417
NGET-EMFIP-AGWS-TS-00205975,Wind generation,"Wind Onshore",2018-04-24,36,3152.983
NGET-EMFIP-AGWS-TS-00205974,Wind generation,"Wind Offshore",2018-04-24,36,1497.323
NGET-EMFIP-AGWS-TS-00205973,Solar generation,"Solar",2018-04-24,36,600
NGET-EMFIP-AGWS-TS-00205972,Wind generation,"Wind Onshore",2018-04-24,35,3281.056
NGET-EMFIP-AGWS-TS-00205971,Wind generation,"Wind Offshore",2018-04-24,35,1432.376
NGET-EMFIP-AGWS-TS-00205970,Solar generation,"Solar",2018-04-24,35,811
NGET-EMFIP-AGWS-TS-00205969,Wind generation,"Wind Onshore",2018-04-24,34,3440.093
NGET-EMFIP-AGWS-TS-00205968,Wind generation,"Wind Offshore",2018-04-24,34,1329.114
NGET-EMFIP-AGWS-TS-00205967,Solar generation,"Solar",2018-04-24,34,980
NGET-EMFIP-AGWS-TS-00205966,Wind generation,"Wind Onshore",2018-04-24,33,3553.326
NGET-EMFIP-AGWS-TS-00205965,Wind generation,"Wind Offshore",2018-04-24,33,1223.547
NGET-EMFIP-AGWS-TS-00205964,Solar generation,"Solar",2018-04-24,33,1110
NGET-EMFIP-AGWS-TS-00205963,Wind generation,"Wind Onshore",2018-04-24,32,3713.487
NGET-EMFIP-AGWS-TS-00205962,Wind generation,"Wind Offshore",2018-04-24,32,1120.285
NGET-EMFIP-AGWS-TS-00205961,Solar generation,"Solar",2018-04-24,32,1270
NGET-EMFIP-AGWS-TS-00205960,Wind generation,"Wind Onshore",2018-04-24,31,3719.751
NGET-EMFIP-AGWS-TS-00205959,Wind generation,"Wind Offshore",2018-04-24,31,1059.024
NGET-EMFIP-AGWS-TS-00205958,Solar generation,"Solar",2018-04-24,31,1500
NGET-EMFIP-AGWS-TS-00205957,Wind generation,"Wind Onshore",2018-04-24,30,4007.843
NGET-EMFIP-AGWS-TS-00205956,Wind generation,"Wind Offshore",2018-04-24,30,1027.489
NGET-EMFIP-AGWS-TS-00205955,Solar generation,"Solar",2018-04-24,30,1740
NGET-EMFIP-AGWS-TS-00205954,Wind generation,"Wind Onshore",2018-04-24,29,1677.165
NGET-EMFIP-AGWS-TS-00205953,Wind generation,"Wind Offshore",2018-04-24,29,80.108
NGET-EMFIP-AGWS-TS-00205952,Solar generation,"Solar",2018-04-24,29,1813
NGET-EMFIP-AGWS-TS-00205951,Wind generation,"Wind Onshore",2018-04-24,28,4289.225
NGET-EMFIP-AGWS-TS-00205950,Wind generation,"Wind Offshore",2018-04-24,28,1091.703
NGET-EMFIP-AGWS-TS-00205949,Solar generation,"Solar",2018-04-24,28,2563
NGET-EMFIP-AGWS-TS-00205948,Wind generation,"Wind Onshore",2018-04-24,27,4496.373
NGET-EMFIP-AGWS-TS-00205947,Wind generation,"Wind Offshore",2018-04-24,27,1198.898
NGET-EMFIP-AGWS-TS-00205946,Solar generation,"Solar",2018-04-24,27,2420
NGET-EMFIP-AGWS-TS-00205945,Wind generation,"Wind Onshore",2018-04-24,26,4695.417
NGET-EMFIP-AGWS-TS-00205944,Wind generation,"Wind Offshore",2018-04-24,26,1391.293
NGET-EMFIP-AGWS-TS-00205943,Solar generation,"Solar",2018-04-24,26,2720
NGET-EMFIP-AGWS-TS-00205942,Wind generation,"Wind Onshore",2018-04-24,25,4888.701
NGET-EMFIP-AGWS-TS-00205941,Wind generation,"Wind Offshore",2018-04-24,25,1592.233
NGET-EMFIP-AGWS-TS-00205940,Solar generation,"Solar",2018-04-24,25,2890
NGET-EMFIP-AGWS-TS-00205939,Wind generation,"Wind Onshore",2018-04-24,24,4878.507
NGET-EMFIP-AGWS-TS-00205938,Wind generation,"Wind Offshore",2018-04-24,24,1683.316
NGET-EMFIP-AGWS-TS-00205937,Solar generation,"Solar",2018-04-24,24,2830
NGET-EMFIP-AGWS-TS-00205936,Wind generation,"Wind Onshore",2018-04-24,23,4810.772
NGET-EMFIP-AGWS-TS-00205935,Wind generation,"Wind Offshore",2018-04-24,23,1554.619
NGET-EMFIP-AGWS-TS-00205934,Solar generation,"Solar",2018-04-24,23,2880
NGET-EMFIP-AGWS-TS-00205933,Wind generation,"Wind Onshore",2018-04-24,22,4935.564
NGET-EMFIP-AGWS-TS-00205932,Wind generation,"Wind Offshore",2018-04-24,22,1703.716
NGET-EMFIP-AGWS-TS-00205931,Solar generation,"Solar",2018-04-24,22,2670
NGET-EMFIP-AGWS-TS-00205930,Wind generation,"Wind Onshore",2018-04-24,21,4980.272
NGET-EMFIP-AGWS-TS-00205929,Wind generation,"Wind Offshore",2018-04-24,21,1843.233
NGET-EMFIP-AGWS-TS-00205928,Solar generation,"Solar",2018-04-24,21,2450
NGET-EMFIP-AGWS-TS-00205927,Wind generation,"Wind Onshore",2018-04-24,20,5092.823
NGET-EMFIP-AGWS-TS-00205926,Wind generation,"Wind Offshore",2018-04-24,20,2164.758
NGET-EMFIP-AGWS-TS-00205925,Solar generation,"Solar",2018-04-24,20,2100
NGET-EMFIP-AGWS-TS-00205924,Wind generation,"Wind Onshore",2018-04-24,19,5267.731
NGET-EMFIP-AGWS-TS-00205923,Wind generation,"Wind Offshore",2018-04-24,19,2331.037
NGET-EMFIP-AGWS-TS-00205922,Solar generation,"Solar",2018-04-24,19,1720
NGET-EMFIP-AGWS-TS-00205921,Wind generation,"Wind Onshore",2018-04-24,18,5296.138
NGET-EMFIP-AGWS-TS-00205920,Wind generation,"Wind Offshore",2018-04-24,18,2323.016
NGET-EMFIP-AGWS-TS-00205919,Solar generation,"Solar",2018-04-24,18,1390
NGET-EMFIP-AGWS-TS-00205907,Wind generation,"Wind Onshore",2018-04-24,17,5369.404
NGET-EMFIP-AGWS-TS-00205906,Wind generation,"Wind Offshore",2018-04-24,17,2414.645
NGET-EMFIP-AGWS-TS-00205905,Solar generation,"Solar",2018-04-24,17,904
NGET-EMFIP-AGWS-TS-00205904,Wind generation,"Wind Onshore",2018-04-24,16,4966.853
NGET-EMFIP-AGWS-TS-00205903,Wind generation,"Wind Offshore",2018-04-24,16,2594.881
NGET-EMFIP-AGWS-TS-00205902,Solar generation,"Solar",2018-04-24,16,780
NGET-EMFIP-AGWS-TS-00205901,Wind generation,"Wind Onshore",2018-04-24,15,4799.528
NGET-EMFIP-AGWS-TS-00205900,Wind generation,"Wind Offshore",2018-04-24,15,2887.042
NGET-EMFIP-AGWS-TS-00205899,Solar generation,"Solar",2018-04-24,15,450
NGET-EMFIP-AGWS-TS-00205898,Wind generation,"Wind Onshore",2018-04-24,14,5025.838
NGET-EMFIP-AGWS-TS-00205897,Wind generation,"Wind Offshore",2018-04-24,14,2930.303
NGET-EMFIP-AGWS-TS-00205896,Solar generation,"Solar",2018-04-24,14,181
NGET-EMFIP-AGWS-TS-00205895,Wind generation,"Wind Onshore",2018-04-24,13,4717.539
NGET-EMFIP-AGWS-TS-00205894,Wind generation,"Wind Offshore",2018-04-24,13,2903.009
NGET-EMFIP-AGWS-TS-00205893,Solar generation,"Solar",2018-04-24,13,28
NGET-EMFIP-AGWS-TS-00205892,Wind generation,"Wind Onshore",2018-04-24,12,2003.528
NGET-EMFIP-AGWS-TS-00205891,Wind generation,"Wind Offshore",2018-04-24,12,122.634
NGET-EMFIP-AGWS-TS-00205890,Solar generation,"Solar",2018-04-24,12,1
NGET-EMFIP-AGWS-TS-00205889,Wind generation,"Wind Onshore",2018-04-24,11,4758.558
NGET-EMFIP-AGWS-TS-00205888,Wind generation,"Wind Offshore",2018-04-24,11,3195.221
NGET-EMFIP-AGWS-TS-00205887,Solar generation,"Solar",2018-04-24,11,1
NGET-EMFIP-AGWS-TS-00205886,Wind generation,"Wind Onshore",2018-04-24,10,2087.236
NGET-EMFIP-AGWS-TS-00205885,Wind generation,"Wind Offshore",2018-04-24,10,125.913
NGET-EMFIP-AGWS-TS-00205884,Solar generation,"Solar",2018-04-24,10,1
NGET-EMFIP-AGWS-TS-00205883,Wind generation,"Wind Onshore",2018-04-24,9,2087.236
NGET-EMFIP-AGWS-TS-00205882,Wind generation,"Wind Offshore",2018-04-24,9,125.913
NGET-EMFIP-AGWS-TS-00205881,Solar generation,"Solar",2018-04-24,9,2
NGET-EMFIP-AGWS-TS-00205880,Wind generation,"Wind Onshore",2018-04-24,8,4843.236
NGET-EMFIP-AGWS-TS-00205879,Wind generation,"Wind Offshore",2018-04-24,8,3279.257
NGET-EMFIP-AGWS-TS-00205878,Solar generation,"Solar",2018-04-24,8,0
NGET-EMFIP-AGWS-TS-00205877,Wind generation,"Wind Onshore",2018-04-24,7,4854.709
NGET-EMFIP-AGWS-TS-00205876,Wind generation,"Wind Offshore",2018-04-24,7,3331.118
NGET-EMFIP-AGWS-TS-00205875,Solar generation,"Solar",2018-04-24,7,0
NGET-EMFIP-AGWS-TS-00205874,Wind generation,"Wind Onshore",2018-04-24,6,4746.049
NGET-EMFIP-AGWS-TS-00205873,Wind generation,"Wind Offshore",2018-04-24,6,3469.957
NGET-EMFIP-AGWS-TS-00205872,Solar generation,"Solar",2018-04-24,6,0
NGET-EMFIP-AGWS-TS-00205871,Wind generation,"Wind Onshore",2018-04-24,5,4754.895
NGET-EMFIP-AGWS-TS-00205870,Wind generation,"Wind Offshore",2018-04-24,5,3451.104
NGET-EMFIP-AGWS-TS-00205869,Solar generation,"Solar",2018-04-24,5,0
NGET-EMFIP-AGWS-TS-00205868,Wind generation,"Wind Onshore",2018-04-24,4,5137.973
NGET-EMFIP-AGWS-TS-00205867,Wind generation,"Wind Offshore",2018-04-24,4,3295.041
NGET-EMFIP-AGWS-TS-00205866,Solar generation,"Solar",2018-04-24,4,0
NGET-EMFIP-AGWS-TS-00205865,Wind generation,"Wind Onshore",2018-04-24,3,5141.478
NGET-EMFIP-AGWS-TS-00205864,Wind generation,"Wind Offshore",2018-04-24,3,3269.382
NGET-EMFIP-AGWS-TS-00205863,Solar generation,"Solar",2018-04-24,3,0
NGET-EMFIP-AGWS-TS-00205862,Wind generation,"Wind Onshore",2018-04-24,2,5143.389
NGET-EMFIP-AGWS-TS-00205861,Wind generation,"Wind Offshore",2018-04-24,2,3139.038
NGET-EMFIP-AGWS-TS-00205860,Solar generation,"Solar",2018-04-24,2,0
NGET-EMFIP-AGWS-TS-00205859,Wind generation,"Wind Onshore",2018-04-24,1,5202.831
NGET-EMFIP-AGWS-TS-00205858,Wind generation,"Wind Offshore",2018-04-24,1,3321.779
NGET-EMFIP-AGWS-TS-00205857,Solar generation,"Solar",2018-04-24,1,0