Actual Or Estimated Wind And Solar Power Generation (B1630)
Time Series ID,Business Type,PSR Type,Settlement  Date,Settlement Period,Quantity (MW)
NGET-EMFIP-AGWS-TS-00206671,Wind generation,"Wind Onshore",2018-04-28,48,955.564
NGET-EMFIP-AGWS-TS-00206670,Wind generation,"Wind Offshore",2018-04-28,48,1425.575
NGET-EMFIP-AGWS-TS-00206669,Solar generation,"Solar",2018-04-28,48,0
NGET-EMFIP-AGWS-TS-00206668,Wind generation,"Wind Onshore",2018-04-28,47,997.151
NGET-EMFIP-AGWS-TS-00206667,Wind generation,"Wind Offshore",2018-04-28,47,1461.503
NGET-EMFIP-AGWS-TS-00206666,Solar generation,"Solar",2018-04-28,47,0
NGET-EMFIP-AGWS-TS-00206665,Wind generation,"Wind Onshore",2018-04-28,46,980.067
NGET-EMFIP-AGWS-TS-00206664,Wind generation,"Wind Offshore",2018-04-28,46,1402.953
NGET-EMFIP-AGWS-TS-00206663,Solar generation,"Solar",2018-04-28,46,0
NGET-EMFIP-AGWS-TS-00206662,Wind generation,"Wind Onshore",2018-04-28,45,972.046
NGET-EMFIP-AGWS-TS-00206661,Wind generation,"Wind Offshore",2018-04-28,45,1476.011
NGET-EMFIP-AGWS-TS-00206660,Solar generation,"Solar",2018-04-28,45,0
NGET-EMFIP-AGWS-TS-00206659,Wind generation,"Wind Onshore",2018-04-28,44,1017.666
NGET-EMFIP-AGWS-TS-00206658,Wind generation,"Wind Offshore",2018-04-28,44,1664.216
NGET-EMFIP-AGWS-TS-00206657,Solar generation,"Solar",2018-04-28,44,0
NGET-EMFIP-AGWS-TS-00206656,Wind generation,"Wind Onshore",2018-04-28,43,976.81
NGET-EMFIP-AGWS-TS-00206655,Wind generation,"Wind Offshore",2018-04-28,43,1501.315
NGET-EMFIP-AGWS-TS-00206654,Solar generation,"Solar",2018-04-28,43,49
NGET-EMFIP-AGWS-TS-00206653,Wind generation,"Wind Onshore",2018-04-28,42,990.636
NGET-EMFIP-AGWS-TS-00206652,Wind generation,"Wind Offshore",2018-04-28,42,1436.947
NGET-EMFIP-AGWS-TS-00206651,Solar generation,"Solar",2018-04-28,42,5
NGET-EMFIP-AGWS-TS-00206650,Wind generation,"Wind Onshore",2018-04-28,41,1074.215
NGET-EMFIP-AGWS-TS-00206649,Wind generation,"Wind Offshore",2018-04-28,41,1507.682
NGET-EMFIP-AGWS-TS-00206648,Solar generation,"Solar",2018-04-28,41,26
NGET-EMFIP-AGWS-TS-00206647,Wind generation,"Wind Onshore",2018-04-28,40,780.606
NGET-EMFIP-AGWS-TS-00206646,Wind generation,"Wind Offshore",2018-04-28,40,48.454
NGET-EMFIP-AGWS-TS-00206645,Solar generation,"Solar",2018-04-28,40,155
NGET-EMFIP-AGWS-TS-00206644,Wind generation,"Wind Onshore",2018-04-28,39,780.606
NGET-EMFIP-AGWS-TS-00206643,Wind generation,"Wind Offshore",2018-04-28,39,48.454
NGET-EMFIP-AGWS-TS-00206642,Solar generation,"Solar",2018-04-28,39,342
NGET-EMFIP-AGWS-TS-00206641,Wind generation,"Wind Onshore",2018-04-28,38,1306.103
NGET-EMFIP-AGWS-TS-00206640,Wind generation,"Wind Offshore",2018-04-28,38,1231.941
NGET-EMFIP-AGWS-TS-00206639,Solar generation,"Solar",2018-04-28,38,625
NGET-EMFIP-AGWS-TS-00206638,Wind generation,"Wind Onshore",2018-04-28,37,1232.721
NGET-EMFIP-AGWS-TS-00206637,Wind generation,"Wind Offshore",2018-04-28,37,1217.087
NGET-EMFIP-AGWS-TS-00206636,Solar generation,"Solar",2018-04-28,37,939
NGET-EMFIP-AGWS-TS-00206635,Wind generation,"Wind Onshore",2018-04-28,36,1212.337
NGET-EMFIP-AGWS-TS-00206634,Wind generation,"Wind Offshore",2018-04-28,36,1240.138
NGET-EMFIP-AGWS-TS-00206633,Solar generation,"Solar",2018-04-28,36,1250
NGET-EMFIP-AGWS-TS-00206632,Wind generation,"Wind Onshore",2018-04-28,35,1243.419
NGET-EMFIP-AGWS-TS-00206631,Wind generation,"Wind Offshore",2018-04-28,35,1137.362
NGET-EMFIP-AGWS-TS-00206630,Solar generation,"Solar",2018-04-28,35,1630
NGET-EMFIP-AGWS-TS-00206629,Wind generation,"Wind Onshore",2018-04-28,34,1230.324
NGET-EMFIP-AGWS-TS-00206628,Wind generation,"Wind Offshore",2018-04-28,34,1095.812
NGET-EMFIP-AGWS-TS-00206627,Solar generation,"Solar",2018-04-28,34,1990
NGET-EMFIP-AGWS-TS-00206626,Wind generation,"Wind Onshore",2018-04-28,33,1203.073
NGET-EMFIP-AGWS-TS-00206625,Wind generation,"Wind Offshore",2018-04-28,33,1087.195
NGET-EMFIP-AGWS-TS-00206624,Solar generation,"Solar",2018-04-28,33,2150
NGET-EMFIP-AGWS-TS-00206623,Wind generation,"Wind Onshore",2018-04-28,32,1151.626
NGET-EMFIP-AGWS-TS-00206622,Wind generation,"Wind Offshore",2018-04-28,32,1111.192
NGET-EMFIP-AGWS-TS-00206621,Solar generation,"Solar",2018-04-28,32,2280
NGET-EMFIP-AGWS-TS-00206620,Wind generation,"Wind Onshore",2018-04-28,31,1163.822
NGET-EMFIP-AGWS-TS-00206619,Wind generation,"Wind Offshore",2018-04-28,31,1124.5
NGET-EMFIP-AGWS-TS-00206618,Solar generation,"Solar",2018-04-28,31,2430
NGET-EMFIP-AGWS-TS-00206617,Wind generation,"Wind Onshore",2018-04-28,30,1085.127
NGET-EMFIP-AGWS-TS-00206616,Wind generation,"Wind Offshore",2018-04-28,30,1148.637
NGET-EMFIP-AGWS-TS-00206615,Solar generation,"Solar",2018-04-28,30,2630
NGET-EMFIP-AGWS-TS-00206614,Wind generation,"Wind Onshore",2018-04-28,29,954.649
NGET-EMFIP-AGWS-TS-00206613,Wind generation,"Wind Offshore",2018-04-28,29,1200.584
NGET-EMFIP-AGWS-TS-00206612,Solar generation,"Solar",2018-04-28,29,2454
NGET-EMFIP-AGWS-TS-00206611,Wind generation,"Wind Onshore",2018-04-28,28,996.024
NGET-EMFIP-AGWS-TS-00206610,Wind generation,"Wind Offshore",2018-04-28,28,1202.544
NGET-EMFIP-AGWS-TS-00206609,Solar generation,"Solar",2018-04-28,28,2600
NGET-EMFIP-AGWS-TS-00206608,Wind generation,"Wind Onshore",2018-04-28,27,974.672
NGET-EMFIP-AGWS-TS-00206607,Wind generation,"Wind Offshore",2018-04-28,27,1177.552
NGET-EMFIP-AGWS-TS-00206606,Solar generation,"Solar",2018-04-28,27,2650
NGET-EMFIP-AGWS-TS-00206605,Wind generation,"Wind Onshore",2018-04-28,26,970.033
NGET-EMFIP-AGWS-TS-00206604,Wind generation,"Wind Offshore",2018-04-28,26,1225.471
NGET-EMFIP-AGWS-TS-00206603,Solar generation,"Solar",2018-04-28,26,2620
NGET-EMFIP-AGWS-TS-00206602,Wind generation,"Wind Onshore",2018-04-28,25,920.037
NGET-EMFIP-AGWS-TS-00206601,Wind generation,"Wind Offshore",2018-04-28,25,1250.602
NGET-EMFIP-AGWS-TS-00206600,Solar generation,"Solar",2018-04-28,25,2620
NGET-EMFIP-AGWS-TS-00206599,Wind generation,"Wind Onshore",2018-04-28,24,886.683
NGET-EMFIP-AGWS-TS-00206598,Wind generation,"Wind Offshore",2018-04-28,24,1234.399
NGET-EMFIP-AGWS-TS-00206597,Solar generation,"Solar",2018-04-28,24,2490
NGET-EMFIP-AGWS-TS-00206596,Wind generation,"Wind Onshore",2018-04-28,23,887.316
NGET-EMFIP-AGWS-TS-00206595,Wind generation,"Wind Offshore",2018-04-28,23,1355.754
NGET-EMFIP-AGWS-TS-00206594,Solar generation,"Solar",2018-04-28,23,2430
NGET-EMFIP-AGWS-TS-00206593,Wind generation,"Wind Onshore",2018-04-28,22,852.696
NGET-EMFIP-AGWS-TS-00206592,Wind generation,"Wind Offshore",2018-04-28,22,1345.017
NGET-EMFIP-AGWS-TS-00206591,Solar generation,"Solar",2018-04-28,22,2240
NGET-EMFIP-AGWS-TS-00206590,Wind generation,"Wind Onshore",2018-04-28,21,861.516
NGET-EMFIP-AGWS-TS-00206589,Wind generation,"Wind Offshore",2018-04-28,21,1309.342
NGET-EMFIP-AGWS-TS-00206588,Solar generation,"Solar",2018-04-28,21,2120
NGET-EMFIP-AGWS-TS-00206587,Wind generation,"Wind Onshore",2018-04-28,20,797.09
NGET-EMFIP-AGWS-TS-00206586,Wind generation,"Wind Offshore",2018-04-28,20,1280.59
NGET-EMFIP-AGWS-TS-00206585,Solar generation,"Solar",2018-04-28,20,1940
NGET-EMFIP-AGWS-TS-00206584,Wind generation,"Wind Onshore",2018-04-28,19,773.525
NGET-EMFIP-AGWS-TS-00206583,Wind generation,"Wind Offshore",2018-04-28,19,1269.215
NGET-EMFIP-AGWS-TS-00206582,Solar generation,"Solar",2018-04-28,19,1660
NGET-EMFIP-AGWS-TS-00206581,Wind generation,"Wind Onshore",2018-04-28,18,719.508
NGET-EMFIP-AGWS-TS-00206580,Wind generation,"Wind Offshore",2018-04-28,18,1091.555
NGET-EMFIP-AGWS-TS-00206579,Solar generation,"Solar",2018-04-28,18,1390
NGET-EMFIP-AGWS-TS-00206565,Wind generation,"Wind Onshore",2018-04-28,16,664.999
NGET-EMFIP-AGWS-TS-00206564,Wind generation,"Wind Offshore",2018-04-28,16,1149.579
NGET-EMFIP-AGWS-TS-00206563,Solar generation,"Solar",2018-04-28,16,708
NGET-EMFIP-AGWS-TS-00206562,Wind generation,"Wind Onshore",2018-04-28,15,694.299
NGET-EMFIP-AGWS-TS-00206561,Wind generation,"Wind Offshore",2018-04-28,15,1117.644
NGET-EMFIP-AGWS-TS-00206560,Solar generation,"Solar",2018-04-28,15,420
NGET-EMFIP-AGWS-TS-00206559,Wind generation,"Wind Onshore",2018-04-28,14,697.706
NGET-EMFIP-AGWS-TS-00206558,Wind generation,"Wind Offshore",2018-04-28,14,1089.864
NGET-EMFIP-AGWS-TS-00206557,Solar generation,"Solar",2018-04-28,14,187
NGET-EMFIP-AGWS-TS-00206556,Wind generation,"Wind Onshore",2018-04-28,13,687.259
NGET-EMFIP-AGWS-TS-00206555,Wind generation,"Wind Offshore",2018-04-28,13,1075.031
NGET-EMFIP-AGWS-TS-00206554,Solar generation,"Solar",2018-04-28,13,40
NGET-EMFIP-AGWS-TS-00206553,Wind generation,"Wind Onshore",2018-04-28,12,702.364
NGET-EMFIP-AGWS-TS-00206552,Wind generation,"Wind Offshore",2018-04-28,12,1079.845
NGET-EMFIP-AGWS-TS-00206551,Solar generation,"Solar",2018-04-28,12,3
NGET-EMFIP-AGWS-TS-00206550,Wind generation,"Wind Onshore",2018-04-28,11,603.251
NGET-EMFIP-AGWS-TS-00206549,Wind generation,"Wind Offshore",2018-04-28,11,38.601
NGET-EMFIP-AGWS-TS-00206548,Solar generation,"Solar",2018-04-28,11,0
NGET-EMFIP-AGWS-TS-00206547,Wind generation,"Wind Onshore",2018-04-28,10,604.963
NGET-EMFIP-AGWS-TS-00206546,Wind generation,"Wind Offshore",2018-04-28,10,34.244
NGET-EMFIP-AGWS-TS-00206545,Solar generation,"Solar",2018-04-28,10,0
NGET-EMFIP-AGWS-TS-00206544,Wind generation,"Wind Onshore",2018-04-28,9,604.963
NGET-EMFIP-AGWS-TS-00206543,Wind generation,"Wind Offshore",2018-04-28,9,34.244
NGET-EMFIP-AGWS-TS-00206542,Solar generation,"Solar",2018-04-28,9,0
NGET-EMFIP-AGWS-TS-00206541,Wind generation,"Wind Onshore",2018-04-28,8,865.78
NGET-EMFIP-AGWS-TS-00206540,Wind generation,"Wind Offshore",2018-04-28,8,1178.268
NGET-EMFIP-AGWS-TS-00206539,Solar generation,"Solar",2018-04-28,8,0
NGET-EMFIP-AGWS-TS-00206534,Wind generation,"Wind Onshore",2018-04-28,7,782.161
NGET-EMFIP-AGWS-TS-00206533,Wind generation,"Wind Offshore",2018-04-28,7,1200.405
NGET-EMFIP-AGWS-TS-00206532,Solar generation,"Solar",2018-04-28,7,0
NGET-EMFIP-AGWS-TS-00206531,Wind generation,"Wind Onshore",2018-04-28,6,814.189
NGET-EMFIP-AGWS-TS-00206530,Wind generation,"Wind Offshore",2018-04-28,6,1371.662
NGET-EMFIP-AGWS-TS-00206529,Solar generation,"Solar",2018-04-28,6,0
NGET-EMFIP-AGWS-TS-00206528,Wind generation,"Wind Onshore",2018-04-28,5,842.603
NGET-EMFIP-AGWS-TS-00206527,Wind generation,"Wind Offshore",2018-04-28,5,1256.153
NGET-EMFIP-AGWS-TS-00206526,Solar generation,"Solar",2018-04-28,5,0
NGET-EMFIP-AGWS-TS-00206525,Wind generation,"Wind Onshore",2018-04-28,4,910.763
NGET-EMFIP-AGWS-TS-00206524,Wind generation,"Wind Offshore",2018-04-28,4,1274.672
NGET-EMFIP-AGWS-TS-00206523,Solar generation,"Solar",2018-04-28,4,0
NGET-EMFIP-AGWS-TS-00206522,Wind generation,"Wind Onshore",2018-04-28,3,883.461
NGET-EMFIP-AGWS-TS-00206521,Wind generation,"Wind Offshore",2018-04-28,3,1257.84
NGET-EMFIP-AGWS-TS-00206520,Solar generation,"Solar",2018-04-28,3,0
NGET-EMFIP-AGWS-TS-00206519,Wind generation,"Wind Onshore",2018-04-28,2,900.852
NGET-EMFIP-AGWS-TS-00206518,Wind generation,"Wind Offshore",2018-04-28,2,1094.741
NGET-EMFIP-AGWS-TS-00206517,Solar generation,"Solar",2018-04-28,2,0
NGET-EMFIP-AGWS-TS-00206516,Wind generation,"Wind Onshore",2018-04-28,1,813.665
NGET-EMFIP-AGWS-TS-00206515,Wind generation,"Wind Offshore",2018-04-28,1,1015.767
NGET-EMFIP-AGWS-TS-00206514,Solar generation,"Solar",2018-04-28,1,0