Actual Or Estimated Wind And Solar Power Generation (B1630)
Time Series ID,Business Type,PSR Type,Settlement  Date,Settlement Period,Quantity (MW)
NGET-EMFIP-AGWS-TS-00207134,Wind generation,"Wind Onshore",2018-05-01,48,2429.424
NGET-EMFIP-AGWS-TS-00207133,Wind generation,"Wind Offshore",2018-05-01,48,146.673
NGET-EMFIP-AGWS-TS-00207132,Solar generation,"Solar",2018-05-01,48,0
NGET-EMFIP-AGWS-TS-00207131,Wind generation,"Wind Onshore",2018-05-01,47,5850.488
NGET-EMFIP-AGWS-TS-00207130,Wind generation,"Wind Offshore",2018-05-01,47,3434.274
NGET-EMFIP-AGWS-TS-00207129,Solar generation,"Solar",2018-05-01,47,0
NGET-EMFIP-AGWS-TS-00207128,Wind generation,"Wind Onshore",2018-05-01,46,6055.476
NGET-EMFIP-AGWS-TS-00207127,Wind generation,"Wind Offshore",2018-05-01,46,3451.147
NGET-EMFIP-AGWS-TS-00207126,Solar generation,"Solar",2018-05-01,46,0
NGET-EMFIP-AGWS-TS-00207125,Wind generation,"Wind Onshore",2018-05-01,45,2484.394
NGET-EMFIP-AGWS-TS-00207124,Wind generation,"Wind Offshore",2018-05-01,45,143.418
NGET-EMFIP-AGWS-TS-00207123,Solar generation,"Solar",2018-05-01,45,0
NGET-EMFIP-AGWS-TS-00207122,Wind generation,"Wind Onshore",2018-05-01,44,2501.41
NGET-EMFIP-AGWS-TS-00207121,Wind generation,"Wind Offshore",2018-05-01,44,146.628
NGET-EMFIP-AGWS-TS-00207120,Solar generation,"Solar",2018-05-01,44,0
NGET-EMFIP-AGWS-TS-00207119,Wind generation,"Wind Onshore",2018-05-01,43,2513.748
NGET-EMFIP-AGWS-TS-00207118,Wind generation,"Wind Offshore",2018-05-01,43,151.743
NGET-EMFIP-AGWS-TS-00207117,Solar generation,"Solar",2018-05-01,43,46
NGET-EMFIP-AGWS-TS-00207116,Wind generation,"Wind Onshore",2018-05-01,42,2512.673
NGET-EMFIP-AGWS-TS-00207115,Wind generation,"Wind Offshore",2018-05-01,42,149.892
NGET-EMFIP-AGWS-TS-00207114,Solar generation,"Solar",2018-05-01,42,46
NGET-EMFIP-AGWS-TS-00207113,Wind generation,"Wind Onshore",2018-05-01,41,2512.673
NGET-EMFIP-AGWS-TS-00207112,Wind generation,"Wind Offshore",2018-05-01,41,149.892
NGET-EMFIP-AGWS-TS-00207111,Solar generation,"Solar",2018-05-01,41,345
NGET-EMFIP-AGWS-TS-00207110,Wind generation,"Wind Onshore",2018-05-01,40,6006.151
NGET-EMFIP-AGWS-TS-00207109,Wind generation,"Wind Offshore",2018-05-01,40,3482.963
NGET-EMFIP-AGWS-TS-00207108,Solar generation,"Solar",2018-05-01,40,345
NGET-EMFIP-AGWS-TS-00207107,Wind generation,"Wind Onshore",2018-05-01,39,2569.589
NGET-EMFIP-AGWS-TS-00207106,Wind generation,"Wind Offshore",2018-05-01,39,152.443
NGET-EMFIP-AGWS-TS-00207105,Solar generation,"Solar",2018-05-01,39,1070
NGET-EMFIP-AGWS-TS-00207104,Wind generation,"Wind Onshore",2018-05-01,38,6218.445
NGET-EMFIP-AGWS-TS-00207103,Wind generation,"Wind Offshore",2018-05-01,38,3369.184
NGET-EMFIP-AGWS-TS-00207102,Solar generation,"Solar",2018-05-01,38,1070
NGET-EMFIP-AGWS-TS-00207101,Wind generation,"Wind Onshore",2018-05-01,37,2631.707
NGET-EMFIP-AGWS-TS-00207100,Wind generation,"Wind Offshore",2018-05-01,37,153.897
NGET-EMFIP-AGWS-TS-00207099,Solar generation,"Solar",2018-05-01,37,2044
NGET-EMFIP-AGWS-TS-00207098,Wind generation,"Wind Onshore",2018-05-01,36,2608.305
NGET-EMFIP-AGWS-TS-00207097,Wind generation,"Wind Offshore",2018-05-01,36,150.802
NGET-EMFIP-AGWS-TS-00207096,Solar generation,"Solar",2018-05-01,36,2044
NGET-EMFIP-AGWS-TS-00207095,Wind generation,"Wind Onshore",2018-05-01,35,6209.683
NGET-EMFIP-AGWS-TS-00207094,Wind generation,"Wind Offshore",2018-05-01,35,2939.323
NGET-EMFIP-AGWS-TS-00207093,Solar generation,"Solar",2018-05-01,35,3154
NGET-EMFIP-AGWS-TS-00207092,Wind generation,"Wind Onshore",2018-05-01,34,5979.968
NGET-EMFIP-AGWS-TS-00207091,Wind generation,"Wind Offshore",2018-05-01,34,2872.749
NGET-EMFIP-AGWS-TS-00207090,Solar generation,"Solar",2018-05-01,34,3154
NGET-EMFIP-AGWS-TS-00207089,Wind generation,"Wind Onshore",2018-05-01,33,5805.053
NGET-EMFIP-AGWS-TS-00207088,Wind generation,"Wind Offshore",2018-05-01,33,2879.108
NGET-EMFIP-AGWS-TS-00207087,Solar generation,"Solar",2018-05-01,33,4117
NGET-EMFIP-AGWS-TS-00207086,Wind generation,"Wind Onshore",2018-05-01,32,5849.71
NGET-EMFIP-AGWS-TS-00207085,Wind generation,"Wind Offshore",2018-05-01,32,2484.531
NGET-EMFIP-AGWS-TS-00207084,Solar generation,"Solar",2018-05-01,32,4117
NGET-EMFIP-AGWS-TS-00207083,Wind generation,"Wind Onshore",2018-05-01,31,5948.49
NGET-EMFIP-AGWS-TS-00207082,Wind generation,"Wind Offshore",2018-05-01,31,2209.852
NGET-EMFIP-AGWS-TS-00207081,Solar generation,"Solar",2018-05-01,31,5080
NGET-EMFIP-AGWS-TS-00207080,Wind generation,"Wind Onshore",2018-05-01,30,5848.7
NGET-EMFIP-AGWS-TS-00207079,Wind generation,"Wind Offshore",2018-05-01,30,2075.191
NGET-EMFIP-AGWS-TS-00207078,Solar generation,"Solar",2018-05-01,30,5080
NGET-EMFIP-AGWS-TS-00207077,Wind generation,"Wind Onshore",2018-05-01,29,5797.811
NGET-EMFIP-AGWS-TS-00207076,Wind generation,"Wind Offshore",2018-05-01,29,2303.919
NGET-EMFIP-AGWS-TS-00207075,Solar generation,"Solar",2018-05-01,29,5965
NGET-EMFIP-AGWS-TS-00207074,Wind generation,"Wind Onshore",2018-05-01,28,5670.245
NGET-EMFIP-AGWS-TS-00207073,Wind generation,"Wind Offshore",2018-05-01,28,2112.515
NGET-EMFIP-AGWS-TS-00207072,Solar generation,"Solar",2018-05-01,28,6230
NGET-EMFIP-AGWS-TS-00207071,Wind generation,"Wind Onshore",2018-05-01,27,5706.606
NGET-EMFIP-AGWS-TS-00207070,Wind generation,"Wind Offshore",2018-05-01,27,2083.301
NGET-EMFIP-AGWS-TS-00207069,Solar generation,"Solar",2018-05-01,27,6570
NGET-EMFIP-AGWS-TS-00207068,Wind generation,"Wind Onshore",2018-05-01,26,6011.71
NGET-EMFIP-AGWS-TS-00207067,Wind generation,"Wind Offshore",2018-05-01,26,1807.519
NGET-EMFIP-AGWS-TS-00207066,Solar generation,"Solar",2018-05-01,26,6780
NGET-EMFIP-AGWS-TS-00207065,Wind generation,"Wind Onshore",2018-05-01,25,5569.972
NGET-EMFIP-AGWS-TS-00207064,Wind generation,"Wind Offshore",2018-05-01,25,1742.882
NGET-EMFIP-AGWS-TS-00207063,Solar generation,"Solar",2018-05-01,25,6960
NGET-EMFIP-AGWS-TS-00207062,Wind generation,"Wind Onshore",2018-05-01,24,1863.226
NGET-EMFIP-AGWS-TS-00207061,Wind generation,"Wind Offshore",2018-05-01,24,80.568
NGET-EMFIP-AGWS-TS-00207060,Solar generation,"Solar",2018-05-01,24,6900
NGET-EMFIP-AGWS-TS-00207059,Wind generation,"Wind Onshore",2018-05-01,23,1863.226
NGET-EMFIP-AGWS-TS-00207058,Wind generation,"Wind Offshore",2018-05-01,23,80.568
NGET-EMFIP-AGWS-TS-00207057,Solar generation,"Solar",2018-05-01,23,6820
NGET-EMFIP-AGWS-TS-00207056,Wind generation,"Wind Onshore",2018-05-01,22,1554.822
NGET-EMFIP-AGWS-TS-00207055,Wind generation,"Wind Offshore",2018-05-01,22,87.293
NGET-EMFIP-AGWS-TS-00207054,Solar generation,"Solar",2018-05-01,22,6590
NGET-EMFIP-AGWS-TS-00207053,Wind generation,"Wind Onshore",2018-05-01,21,3933.507
NGET-EMFIP-AGWS-TS-00207052,Wind generation,"Wind Offshore",2018-05-01,21,1794.637
NGET-EMFIP-AGWS-TS-00207051,Solar generation,"Solar",2018-05-01,21,5980
NGET-EMFIP-AGWS-TS-00207050,Wind generation,"Wind Onshore",2018-05-01,20,3239.692
NGET-EMFIP-AGWS-TS-00207049,Wind generation,"Wind Offshore",2018-05-01,20,1860.882
NGET-EMFIP-AGWS-TS-00207048,Solar generation,"Solar",2018-05-01,20,5390
NGET-EMFIP-AGWS-TS-00207047,Wind generation,"Wind Onshore",2018-05-01,19,2965.646
NGET-EMFIP-AGWS-TS-00207046,Wind generation,"Wind Offshore",2018-05-01,19,1927.334
NGET-EMFIP-AGWS-TS-00207045,Solar generation,"Solar",2018-05-01,19,4610
NGET-EMFIP-AGWS-TS-00207044,Wind generation,"Wind Onshore",2018-05-01,18,2339.097
NGET-EMFIP-AGWS-TS-00207043,Wind generation,"Wind Offshore",2018-05-01,18,2113.976
NGET-EMFIP-AGWS-TS-00207042,Solar generation,"Solar",2018-05-01,18,3830
NGET-EMFIP-AGWS-TS-00207041,Wind generation,"Wind Onshore",2018-05-01,17,2025.087
NGET-EMFIP-AGWS-TS-00207040,Wind generation,"Wind Offshore",2018-05-01,17,2135.53
NGET-EMFIP-AGWS-TS-00207039,Solar generation,"Solar",2018-05-01,17,2287
NGET-EMFIP-AGWS-TS-00207025,Wind generation,"Wind Onshore",2018-05-01,16,1961.767
NGET-EMFIP-AGWS-TS-00207024,Wind generation,"Wind Offshore",2018-05-01,16,2348.715
NGET-EMFIP-AGWS-TS-00207023,Solar generation,"Solar",2018-05-01,16,2180
NGET-EMFIP-AGWS-TS-00207022,Wind generation,"Wind Onshore",2018-05-01,15,1980.962
NGET-EMFIP-AGWS-TS-00207021,Wind generation,"Wind Offshore",2018-05-01,15,2402.874
NGET-EMFIP-AGWS-TS-00207020,Solar generation,"Solar",2018-05-01,15,1500
NGET-EMFIP-AGWS-TS-00207019,Wind generation,"Wind Onshore",2018-05-01,14,1895.715
NGET-EMFIP-AGWS-TS-00207018,Wind generation,"Wind Offshore",2018-05-01,14,2325.136
NGET-EMFIP-AGWS-TS-00207017,Solar generation,"Solar",2018-05-01,14,831
NGET-EMFIP-AGWS-TS-00207016,Wind generation,"Wind Onshore",2018-05-01,13,1884.179
NGET-EMFIP-AGWS-TS-00207015,Wind generation,"Wind Offshore",2018-05-01,13,2475.945
NGET-EMFIP-AGWS-TS-00207014,Solar generation,"Solar",2018-05-01,13,269
NGET-EMFIP-AGWS-TS-00207013,Wind generation,"Wind Onshore",2018-05-01,12,953.414
NGET-EMFIP-AGWS-TS-00207012,Wind generation,"Wind Offshore",2018-05-01,12,122.827
NGET-EMFIP-AGWS-TS-00207011,Solar generation,"Solar",2018-05-01,12,16
NGET-EMFIP-AGWS-TS-00207010,Wind generation,"Wind Onshore",2018-05-01,11,1618.195
NGET-EMFIP-AGWS-TS-00207009,Wind generation,"Wind Offshore",2018-05-01,11,1533.662
NGET-EMFIP-AGWS-TS-00207008,Solar generation,"Solar",2018-05-01,11,0
NGET-EMFIP-AGWS-TS-00207007,Wind generation,"Wind Onshore",2018-05-01,10,901.096
NGET-EMFIP-AGWS-TS-00207006,Wind generation,"Wind Offshore",2018-05-01,10,126.484
NGET-EMFIP-AGWS-TS-00207005,Solar generation,"Solar",2018-05-01,10,1
NGET-EMFIP-AGWS-TS-00207004,Wind generation,"Wind Onshore",2018-05-01,9,901.096
NGET-EMFIP-AGWS-TS-00207003,Wind generation,"Wind Offshore",2018-05-01,9,126.484
NGET-EMFIP-AGWS-TS-00207002,Solar generation,"Solar",2018-05-01,9,2
NGET-EMFIP-AGWS-TS-00207001,Wind generation,"Wind Onshore",2018-05-01,8,1530.531
NGET-EMFIP-AGWS-TS-00207000,Wind generation,"Wind Offshore",2018-05-01,8,2834.629
NGET-EMFIP-AGWS-TS-00206999,Solar generation,"Solar",2018-05-01,8,1
NGET-EMFIP-AGWS-TS-00206994,Wind generation,"Wind Onshore",2018-05-01,7,1541.233
NGET-EMFIP-AGWS-TS-00206993,Wind generation,"Wind Offshore",2018-05-01,7,2995.018
NGET-EMFIP-AGWS-TS-00206992,Solar generation,"Solar",2018-05-01,7,1
NGET-EMFIP-AGWS-TS-00206991,Wind generation,"Wind Onshore",2018-05-01,6,884.924
NGET-EMFIP-AGWS-TS-00206990,Wind generation,"Wind Offshore",2018-05-01,6,133.795
NGET-EMFIP-AGWS-TS-00206989,Solar generation,"Solar",2018-05-01,6,1
NGET-EMFIP-AGWS-TS-00206988,Wind generation,"Wind Onshore",2018-05-01,5,1746.438
NGET-EMFIP-AGWS-TS-00206987,Wind generation,"Wind Offshore",2018-05-01,5,3105.944
NGET-EMFIP-AGWS-TS-00206986,Solar generation,"Solar",2018-05-01,5,1
NGET-EMFIP-AGWS-TS-00206985,Wind generation,"Wind Onshore",2018-05-01,4,1652.684
NGET-EMFIP-AGWS-TS-00206984,Wind generation,"Wind Offshore",2018-05-01,4,3112.764
NGET-EMFIP-AGWS-TS-00206983,Solar generation,"Solar",2018-05-01,4,0
NGET-EMFIP-AGWS-TS-00206982,Wind generation,"Wind Onshore",2018-05-01,3,1614.877
NGET-EMFIP-AGWS-TS-00206981,Wind generation,"Wind Offshore",2018-05-01,3,2989.397
NGET-EMFIP-AGWS-TS-00206980,Solar generation,"Solar",2018-05-01,3,0
NGET-EMFIP-AGWS-TS-00206979,Wind generation,"Wind Onshore",2018-05-01,2,1621.192
NGET-EMFIP-AGWS-TS-00206978,Wind generation,"Wind Offshore",2018-05-01,2,3026.965
NGET-EMFIP-AGWS-TS-00206977,Solar generation,"Solar",2018-05-01,2,0
NGET-EMFIP-AGWS-TS-00206976,Wind generation,"Wind Onshore",2018-05-01,1,1585.769
NGET-EMFIP-AGWS-TS-00206975,Wind generation,"Wind Offshore",2018-05-01,1,3013.634
NGET-EMFIP-AGWS-TS-00206974,Solar generation,"Solar",2018-05-01,1,0