Actual Or Estimated Wind And Solar Power Generation (B1630)
Time Series ID,Business Type,PSR Type,Settlement  Date,Settlement Period,Quantity (MW)
NGET-EMFIP-AGWS-TS-00192890,Wind generation,"Wind Onshore",2018-02-02,48,852.355
NGET-EMFIP-AGWS-TS-00192889,Wind generation,"Wind Offshore",2018-02-02,48,646.099
NGET-EMFIP-AGWS-TS-00192888,Solar generation,"Solar",2018-02-02,48,0
NGET-EMFIP-AGWS-TS-00192887,Wind generation,"Wind Onshore",2018-02-02,47,818.86
NGET-EMFIP-AGWS-TS-00192886,Wind generation,"Wind Offshore",2018-02-02,47,552.172
NGET-EMFIP-AGWS-TS-00192885,Solar generation,"Solar",2018-02-02,47,0
NGET-EMFIP-AGWS-TS-00192884,Wind generation,"Wind Onshore",2018-02-02,46,802.19
NGET-EMFIP-AGWS-TS-00192883,Wind generation,"Wind Offshore",2018-02-02,46,569.552
NGET-EMFIP-AGWS-TS-00192882,Solar generation,"Solar",2018-02-02,46,0
NGET-EMFIP-AGWS-TS-00192881,Wind generation,"Wind Onshore",2018-02-02,45,789.126
NGET-EMFIP-AGWS-TS-00192880,Wind generation,"Wind Offshore",2018-02-02,45,571.132
NGET-EMFIP-AGWS-TS-00192879,Solar generation,"Solar",2018-02-02,45,0
NGET-EMFIP-AGWS-TS-00192867,Wind generation,"Wind Onshore",2018-02-02,44,778.636
NGET-EMFIP-AGWS-TS-00192866,Wind generation,"Wind Offshore",2018-02-02,44,554.406
NGET-EMFIP-AGWS-TS-00192865,Solar generation,"Solar",2018-02-02,44,0
NGET-EMFIP-AGWS-TS-00192864,Wind generation,"Wind Onshore",2018-02-02,43,746.044
NGET-EMFIP-AGWS-TS-00192863,Wind generation,"Wind Offshore",2018-02-02,43,688.942
NGET-EMFIP-AGWS-TS-00192862,Solar generation,"Solar",2018-02-02,43,0
NGET-EMFIP-AGWS-TS-00192861,Wind generation,"Wind Onshore",2018-02-02,42,721.925
NGET-EMFIP-AGWS-TS-00192860,Wind generation,"Wind Offshore",2018-02-02,42,684.222
NGET-EMFIP-AGWS-TS-00192859,Solar generation,"Solar",2018-02-02,42,0
NGET-EMFIP-AGWS-TS-00192858,Wind generation,"Wind Onshore",2018-02-02,41,713.903
NGET-EMFIP-AGWS-TS-00192857,Wind generation,"Wind Offshore",2018-02-02,41,677.65
NGET-EMFIP-AGWS-TS-00192856,Solar generation,"Solar",2018-02-02,41,0
NGET-EMFIP-AGWS-TS-00192855,Wind generation,"Wind Onshore",2018-02-02,40,723.579
NGET-EMFIP-AGWS-TS-00192854,Wind generation,"Wind Offshore",2018-02-02,40,690.616
NGET-EMFIP-AGWS-TS-00192853,Solar generation,"Solar",2018-02-02,40,0
NGET-EMFIP-AGWS-TS-00192852,Wind generation,"Wind Onshore",2018-02-02,39,693.214
NGET-EMFIP-AGWS-TS-00192851,Wind generation,"Wind Offshore",2018-02-02,39,701.041
NGET-EMFIP-AGWS-TS-00192850,Solar generation,"Solar",2018-02-02,39,0
NGET-EMFIP-AGWS-TS-00192849,Wind generation,"Wind Onshore",2018-02-02,38,797.927
NGET-EMFIP-AGWS-TS-00192848,Wind generation,"Wind Offshore",2018-02-02,38,925.234
NGET-EMFIP-AGWS-TS-00192847,Solar generation,"Solar",2018-02-02,38,0
NGET-EMFIP-AGWS-TS-00192846,Wind generation,"Wind Onshore",2018-02-02,37,795.067
NGET-EMFIP-AGWS-TS-00192845,Wind generation,"Wind Offshore",2018-02-02,37,915.532
NGET-EMFIP-AGWS-TS-00192844,Solar generation,"Solar",2018-02-02,37,3
NGET-EMFIP-AGWS-TS-00192843,Wind generation,"Wind Onshore",2018-02-02,36,852.595
NGET-EMFIP-AGWS-TS-00192842,Wind generation,"Wind Offshore",2018-02-02,36,1014.781
NGET-EMFIP-AGWS-TS-00192841,Solar generation,"Solar",2018-02-02,36,4
NGET-EMFIP-AGWS-TS-00192840,Wind generation,"Wind Onshore",2018-02-02,35,869.588
NGET-EMFIP-AGWS-TS-00192839,Wind generation,"Wind Offshore",2018-02-02,35,1115.823
NGET-EMFIP-AGWS-TS-00192838,Solar generation,"Solar",2018-02-02,35,6
NGET-EMFIP-AGWS-TS-00192837,Wind generation,"Wind Onshore",2018-02-02,34,938.479
NGET-EMFIP-AGWS-TS-00192836,Wind generation,"Wind Offshore",2018-02-02,34,1200.849
NGET-EMFIP-AGWS-TS-00192835,Solar generation,"Solar",2018-02-02,34,33
NGET-EMFIP-AGWS-TS-00192834,Wind generation,"Wind Onshore",2018-02-02,33,977.262
NGET-EMFIP-AGWS-TS-00192833,Wind generation,"Wind Offshore",2018-02-02,33,1259.787
NGET-EMFIP-AGWS-TS-00192832,Solar generation,"Solar",2018-02-02,33,338
NGET-EMFIP-AGWS-TS-00192831,Wind generation,"Wind Onshore",2018-02-02,32,1103.26
NGET-EMFIP-AGWS-TS-00192830,Wind generation,"Wind Offshore",2018-02-02,32,1460.811
NGET-EMFIP-AGWS-TS-00192829,Solar generation,"Solar",2018-02-02,32,847
NGET-EMFIP-AGWS-TS-00192828,Wind generation,"Wind Onshore",2018-02-02,31,1169.04
NGET-EMFIP-AGWS-TS-00192827,Wind generation,"Wind Offshore",2018-02-02,31,1457.772
NGET-EMFIP-AGWS-TS-00192826,Solar generation,"Solar",2018-02-02,31,1430
NGET-EMFIP-AGWS-TS-00192825,Wind generation,"Wind Onshore",2018-02-02,30,1328.767
NGET-EMFIP-AGWS-TS-00192824,Wind generation,"Wind Offshore",2018-02-02,30,1804.558
NGET-EMFIP-AGWS-TS-00192823,Solar generation,"Solar",2018-02-02,30,2040
NGET-EMFIP-AGWS-TS-00192822,Wind generation,"Wind Onshore",2018-02-02,29,1398.56
NGET-EMFIP-AGWS-TS-00192821,Wind generation,"Wind Offshore",2018-02-02,29,2056.506
NGET-EMFIP-AGWS-TS-00192820,Solar generation,"Solar",2018-02-02,29,2460
NGET-EMFIP-AGWS-TS-00192819,Wind generation,"Wind Onshore",2018-02-02,28,1587.195
NGET-EMFIP-AGWS-TS-00192818,Wind generation,"Wind Offshore",2018-02-02,28,1942.884
NGET-EMFIP-AGWS-TS-00192817,Solar generation,"Solar",2018-02-02,28,2850
NGET-EMFIP-AGWS-TS-00192816,Wind generation,"Wind Onshore",2018-02-02,27,1567.89
NGET-EMFIP-AGWS-TS-00192815,Wind generation,"Wind Offshore",2018-02-02,27,1854.175
NGET-EMFIP-AGWS-TS-00192814,Solar generation,"Solar",2018-02-02,27,3327
NGET-EMFIP-AGWS-TS-00192813,Wind generation,"Wind Onshore",2018-02-02,26,1705.715
NGET-EMFIP-AGWS-TS-00192812,Wind generation,"Wind Offshore",2018-02-02,26,1988.283
NGET-EMFIP-AGWS-TS-00192811,Solar generation,"Solar",2018-02-02,26,3420
NGET-EMFIP-AGWS-TS-00192810,Wind generation,"Wind Onshore",2018-02-02,25,1752.772
NGET-EMFIP-AGWS-TS-00192809,Wind generation,"Wind Offshore",2018-02-02,25,2172.072
NGET-EMFIP-AGWS-TS-00192808,Solar generation,"Solar",2018-02-02,25,3740
NGET-EMFIP-AGWS-TS-00192807,Wind generation,"Wind Onshore",2018-02-02,24,1914.128
NGET-EMFIP-AGWS-TS-00192806,Wind generation,"Wind Offshore",2018-02-02,24,2391.235
NGET-EMFIP-AGWS-TS-00192805,Solar generation,"Solar",2018-02-02,24,3940
NGET-EMFIP-AGWS-TS-00192804,Wind generation,"Wind Onshore",2018-02-02,23,1980.401
NGET-EMFIP-AGWS-TS-00192803,Wind generation,"Wind Offshore",2018-02-02,23,2491.05
NGET-EMFIP-AGWS-TS-00192802,Solar generation,"Solar",2018-02-02,23,3700
NGET-EMFIP-AGWS-TS-00192801,Wind generation,"Wind Onshore",2018-02-02,22,2211.142
NGET-EMFIP-AGWS-TS-00192800,Wind generation,"Wind Offshore",2018-02-02,22,2619.127
NGET-EMFIP-AGWS-TS-00192799,Solar generation,"Solar",2018-02-02,22,3190
NGET-EMFIP-AGWS-TS-00192789,Wind generation,"Wind Onshore",2018-02-02,21,2262.625
NGET-EMFIP-AGWS-TS-00192788,Wind generation,"Wind Offshore",2018-02-02,21,2547.439
NGET-EMFIP-AGWS-TS-00192787,Solar generation,"Solar",2018-02-02,21,2550
NGET-EMFIP-AGWS-TS-00192786,Wind generation,"Wind Onshore",2018-02-02,20,2591.925
NGET-EMFIP-AGWS-TS-00192785,Wind generation,"Wind Offshore",2018-02-02,20,2522.263
NGET-EMFIP-AGWS-TS-00192784,Solar generation,"Solar",2018-02-02,20,1900
NGET-EMFIP-AGWS-TS-00192783,Wind generation,"Wind Onshore",2018-02-02,19,2654.981
NGET-EMFIP-AGWS-TS-00192782,Wind generation,"Wind Offshore",2018-02-02,19,2487.669
NGET-EMFIP-AGWS-TS-00192781,Solar generation,"Solar",2018-02-02,19,1190
NGET-EMFIP-AGWS-TS-00192780,Wind generation,"Wind Onshore",2018-02-02,18,2821.068
NGET-EMFIP-AGWS-TS-00192779,Wind generation,"Wind Offshore",2018-02-02,18,2502.415
NGET-EMFIP-AGWS-TS-00192778,Solar generation,"Solar",2018-02-02,18,582
NGET-EMFIP-AGWS-TS-00192777,Wind generation,"Wind Onshore",2018-02-02,17,3026.121
NGET-EMFIP-AGWS-TS-00192776,Wind generation,"Wind Offshore",2018-02-02,17,2706.158
NGET-EMFIP-AGWS-TS-00192775,Solar generation,"Solar",2018-02-02,17,149
NGET-EMFIP-AGWS-TS-00192774,Wind generation,"Wind Onshore",2018-02-02,16,3272.07
NGET-EMFIP-AGWS-TS-00192773,Wind generation,"Wind Offshore",2018-02-02,16,2790.579
NGET-EMFIP-AGWS-TS-00192772,Solar generation,"Solar",2018-02-02,16,5
NGET-EMFIP-AGWS-TS-00192771,Wind generation,"Wind Onshore",2018-02-02,15,3603.193
NGET-EMFIP-AGWS-TS-00192770,Wind generation,"Wind Offshore",2018-02-02,15,2766.044
NGET-EMFIP-AGWS-TS-00192769,Solar generation,"Solar",2018-02-02,15,0
NGET-EMFIP-AGWS-TS-00192768,Wind generation,"Wind Onshore",2018-02-02,14,3950.435
NGET-EMFIP-AGWS-TS-00192767,Wind generation,"Wind Offshore",2018-02-02,14,2837.653
NGET-EMFIP-AGWS-TS-00192766,Solar generation,"Solar",2018-02-02,14,1
NGET-EMFIP-AGWS-TS-00192765,Wind generation,"Wind Onshore",2018-02-02,13,4284.072
NGET-EMFIP-AGWS-TS-00192764,Wind generation,"Wind Offshore",2018-02-02,13,3058.569
NGET-EMFIP-AGWS-TS-00192763,Solar generation,"Solar",2018-02-02,13,2
NGET-EMFIP-AGWS-TS-00192762,Wind generation,"Wind Onshore",2018-02-02,12,4320.984
NGET-EMFIP-AGWS-TS-00192761,Wind generation,"Wind Offshore",2018-02-02,12,3217.45
NGET-EMFIP-AGWS-TS-00192760,Solar generation,"Solar",2018-02-02,12,0
NGET-EMFIP-AGWS-TS-00192759,Wind generation,"Wind Onshore",2018-02-02,11,4321.589
NGET-EMFIP-AGWS-TS-00192758,Wind generation,"Wind Offshore",2018-02-02,11,3201.357
NGET-EMFIP-AGWS-TS-00192757,Solar generation,"Solar",2018-02-02,11,0
NGET-EMFIP-AGWS-TS-00192756,Wind generation,"Wind Onshore",2018-02-02,10,4563.996
NGET-EMFIP-AGWS-TS-00192755,Wind generation,"Wind Offshore",2018-02-02,10,3255.219
NGET-EMFIP-AGWS-TS-00192754,Solar generation,"Solar",2018-02-02,10,0
NGET-EMFIP-AGWS-TS-00192753,Wind generation,"Wind Onshore",2018-02-02,9,4588.936
NGET-EMFIP-AGWS-TS-00192752,Wind generation,"Wind Offshore",2018-02-02,9,3251.18
NGET-EMFIP-AGWS-TS-00192751,Solar generation,"Solar",2018-02-02,9,0
NGET-EMFIP-AGWS-TS-00192750,Wind generation,"Wind Onshore",2018-02-02,8,4896.329
NGET-EMFIP-AGWS-TS-00192749,Wind generation,"Wind Offshore",2018-02-02,8,3342.511
NGET-EMFIP-AGWS-TS-00192748,Solar generation,"Solar",2018-02-02,8,0
NGET-EMFIP-AGWS-TS-00192747,Wind generation,"Wind Onshore",2018-02-02,7,5008.115
NGET-EMFIP-AGWS-TS-00192746,Wind generation,"Wind Offshore",2018-02-02,7,3405.817
NGET-EMFIP-AGWS-TS-00192745,Solar generation,"Solar",2018-02-02,7,0
NGET-EMFIP-AGWS-TS-00192744,Wind generation,"Wind Onshore",2018-02-02,6,5174.414
NGET-EMFIP-AGWS-TS-00192743,Wind generation,"Wind Offshore",2018-02-02,6,3391.753
NGET-EMFIP-AGWS-TS-00192742,Solar generation,"Solar",2018-02-02,6,0
NGET-EMFIP-AGWS-TS-00192741,Wind generation,"Wind Onshore",2018-02-02,5,5232.201
NGET-EMFIP-AGWS-TS-00192740,Wind generation,"Wind Offshore",2018-02-02,5,3373.056
NGET-EMFIP-AGWS-TS-00192739,Solar generation,"Solar",2018-02-02,5,0
NGET-EMFIP-AGWS-TS-00192738,Wind generation,"Wind Onshore",2018-02-02,4,5348.462
NGET-EMFIP-AGWS-TS-00192737,Wind generation,"Wind Offshore",2018-02-02,4,3441.938
NGET-EMFIP-AGWS-TS-00192736,Solar generation,"Solar",2018-02-02,4,0
NGET-EMFIP-AGWS-TS-00192735,Wind generation,"Wind Onshore",2018-02-02,3,5603.864
NGET-EMFIP-AGWS-TS-00192734,Wind generation,"Wind Offshore",2018-02-02,3,3468.103
NGET-EMFIP-AGWS-TS-00192733,Solar generation,"Solar",2018-02-02,3,0
NGET-EMFIP-AGWS-TS-00192732,Wind generation,"Wind Onshore",2018-02-02,2,5711.1
NGET-EMFIP-AGWS-TS-00192731,Wind generation,"Wind Offshore",2018-02-02,2,3425.345
NGET-EMFIP-AGWS-TS-00192730,Solar generation,"Solar",2018-02-02,2,0
NGET-EMFIP-AGWS-TS-00192729,Wind generation,"Wind Onshore",2018-02-02,1,5737.653
NGET-EMFIP-AGWS-TS-00192728,Wind generation,"Wind Offshore",2018-02-02,1,3327.832
NGET-EMFIP-AGWS-TS-00192727,Solar generation,"Solar",2018-02-02,1,0