Actual Or Estimated Wind And Solar Power Generation (B1630)
Time Series ID,Business Type,PSR Type,Settlement  Date,Settlement Period,Quantity (MW)
NGET-EMFIP-AGWS-TS-00195162,Wind generation,"Wind Onshore",2018-02-16,48,4134.77
NGET-EMFIP-AGWS-TS-00195161,Wind generation,"Wind Offshore",2018-02-16,48,1639.395
NGET-EMFIP-AGWS-TS-00195160,Solar generation,"Solar",2018-02-16,48,0
NGET-EMFIP-AGWS-TS-00195159,Wind generation,"Wind Onshore",2018-02-16,47,4412.31
NGET-EMFIP-AGWS-TS-00195158,Wind generation,"Wind Offshore",2018-02-16,47,1702.382
NGET-EMFIP-AGWS-TS-00195157,Solar generation,"Solar",2018-02-16,47,0
NGET-EMFIP-AGWS-TS-00195156,Wind generation,"Wind Onshore",2018-02-16,46,4645.56
NGET-EMFIP-AGWS-TS-00195155,Wind generation,"Wind Offshore",2018-02-16,46,1526.104
NGET-EMFIP-AGWS-TS-00195154,Solar generation,"Solar",2018-02-16,46,0
NGET-EMFIP-AGWS-TS-00195153,Wind generation,"Wind Onshore",2018-02-16,45,4712.887
NGET-EMFIP-AGWS-TS-00195152,Wind generation,"Wind Offshore",2018-02-16,45,1543.359
NGET-EMFIP-AGWS-TS-00195151,Solar generation,"Solar",2018-02-16,45,0
NGET-EMFIP-AGWS-TS-00195150,Wind generation,"Wind Onshore",2018-02-16,44,4562.875
NGET-EMFIP-AGWS-TS-00195149,Wind generation,"Wind Offshore",2018-02-16,44,1489.525
NGET-EMFIP-AGWS-TS-00195148,Solar generation,"Solar",2018-02-16,44,0
NGET-EMFIP-AGWS-TS-00195147,Wind generation,"Wind Onshore",2018-02-16,43,4644.245
NGET-EMFIP-AGWS-TS-00195146,Wind generation,"Wind Offshore",2018-02-16,43,1491.236
NGET-EMFIP-AGWS-TS-00195145,Solar generation,"Solar",2018-02-16,43,0
NGET-EMFIP-AGWS-TS-00195144,Wind generation,"Wind Onshore",2018-02-16,42,4744.123
NGET-EMFIP-AGWS-TS-00195143,Wind generation,"Wind Offshore",2018-02-16,42,1501.358
NGET-EMFIP-AGWS-TS-00195142,Solar generation,"Solar",2018-02-16,42,0
NGET-EMFIP-AGWS-TS-00195141,Wind generation,"Wind Onshore",2018-02-16,41,4641.265
NGET-EMFIP-AGWS-TS-00195140,Wind generation,"Wind Offshore",2018-02-16,41,1484.876
NGET-EMFIP-AGWS-TS-00195139,Solar generation,"Solar",2018-02-16,41,1
NGET-EMFIP-AGWS-TS-00195138,Wind generation,"Wind Onshore",2018-02-16,40,4326.994
NGET-EMFIP-AGWS-TS-00195137,Wind generation,"Wind Offshore",2018-02-16,40,1444.481
NGET-EMFIP-AGWS-TS-00195136,Solar generation,"Solar",2018-02-16,40,2
NGET-EMFIP-AGWS-TS-00195135,Wind generation,"Wind Onshore",2018-02-16,39,4177.822
NGET-EMFIP-AGWS-TS-00195134,Wind generation,"Wind Offshore",2018-02-16,39,1369.961
NGET-EMFIP-AGWS-TS-00195133,Solar generation,"Solar",2018-02-16,39,2
NGET-EMFIP-AGWS-TS-00195132,Wind generation,"Wind Onshore",2018-02-16,38,4052.934
NGET-EMFIP-AGWS-TS-00195131,Wind generation,"Wind Offshore",2018-02-16,38,1312.261
NGET-EMFIP-AGWS-TS-00195130,Solar generation,"Solar",2018-02-16,38,2
NGET-EMFIP-AGWS-TS-00195129,Wind generation,"Wind Onshore",2018-02-16,37,4020.222
NGET-EMFIP-AGWS-TS-00195128,Wind generation,"Wind Offshore",2018-02-16,37,1141.667
NGET-EMFIP-AGWS-TS-00195127,Solar generation,"Solar",2018-02-16,37,4
NGET-EMFIP-AGWS-TS-00195126,Wind generation,"Wind Onshore",2018-02-16,36,3709.7
NGET-EMFIP-AGWS-TS-00195125,Wind generation,"Wind Offshore",2018-02-16,36,1028.08
NGET-EMFIP-AGWS-TS-00195124,Solar generation,"Solar",2018-02-16,36,10
NGET-EMFIP-AGWS-TS-00195123,Wind generation,"Wind Onshore",2018-02-16,35,3532.081
NGET-EMFIP-AGWS-TS-00195122,Wind generation,"Wind Offshore",2018-02-16,35,1085.329
NGET-EMFIP-AGWS-TS-00195121,Solar generation,"Solar",2018-02-16,35,19
NGET-EMFIP-AGWS-TS-00195120,Wind generation,"Wind Onshore",2018-02-16,34,3379.141
NGET-EMFIP-AGWS-TS-00195119,Wind generation,"Wind Offshore",2018-02-16,34,1131.297
NGET-EMFIP-AGWS-TS-00195118,Solar generation,"Solar",2018-02-16,34,266
NGET-EMFIP-AGWS-TS-00195117,Wind generation,"Wind Onshore",2018-02-16,33,3422.327
NGET-EMFIP-AGWS-TS-00195116,Wind generation,"Wind Offshore",2018-02-16,33,992.033
NGET-EMFIP-AGWS-TS-00195115,Solar generation,"Solar",2018-02-16,33,825
NGET-EMFIP-AGWS-TS-00195114,Wind generation,"Wind Onshore",2018-02-16,32,3394.017
NGET-EMFIP-AGWS-TS-00195113,Wind generation,"Wind Offshore",2018-02-16,32,947.228
NGET-EMFIP-AGWS-TS-00195112,Solar generation,"Solar",2018-02-16,32,1590
NGET-EMFIP-AGWS-TS-00195111,Wind generation,"Wind Onshore",2018-02-16,31,3298.809
NGET-EMFIP-AGWS-TS-00195110,Wind generation,"Wind Offshore",2018-02-16,31,873.029
NGET-EMFIP-AGWS-TS-00195109,Solar generation,"Solar",2018-02-16,31,2370
NGET-EMFIP-AGWS-TS-00195108,Wind generation,"Wind Onshore",2018-02-16,30,3307.11
NGET-EMFIP-AGWS-TS-00195107,Wind generation,"Wind Offshore",2018-02-16,30,874.464
NGET-EMFIP-AGWS-TS-00195106,Solar generation,"Solar",2018-02-16,30,3300
NGET-EMFIP-AGWS-TS-00195105,Wind generation,"Wind Onshore",2018-02-16,29,3429.365
NGET-EMFIP-AGWS-TS-00195104,Wind generation,"Wind Offshore",2018-02-16,29,1177.654
NGET-EMFIP-AGWS-TS-00195103,Solar generation,"Solar",2018-02-16,29,4090
NGET-EMFIP-AGWS-TS-00195102,Wind generation,"Wind Onshore",2018-02-16,28,3337.267
NGET-EMFIP-AGWS-TS-00195101,Wind generation,"Wind Offshore",2018-02-16,28,1246.981
NGET-EMFIP-AGWS-TS-00195100,Solar generation,"Solar",2018-02-16,28,4630
NGET-EMFIP-AGWS-TS-00195099,Wind generation,"Wind Onshore",2018-02-16,27,3159.622
NGET-EMFIP-AGWS-TS-00195098,Wind generation,"Wind Offshore",2018-02-16,27,1080.626
NGET-EMFIP-AGWS-TS-00195097,Solar generation,"Solar",2018-02-16,27,5456
NGET-EMFIP-AGWS-TS-00195096,Wind generation,"Wind Onshore",2018-02-16,26,3276.444
NGET-EMFIP-AGWS-TS-00195095,Wind generation,"Wind Offshore",2018-02-16,26,1200.898
NGET-EMFIP-AGWS-TS-00195094,Solar generation,"Solar",2018-02-16,26,5390
NGET-EMFIP-AGWS-TS-00195093,Wind generation,"Wind Onshore",2018-02-16,25,3166.476
NGET-EMFIP-AGWS-TS-00195092,Wind generation,"Wind Offshore",2018-02-16,25,1260.079
NGET-EMFIP-AGWS-TS-00195091,Solar generation,"Solar",2018-02-16,25,5540
NGET-EMFIP-AGWS-TS-00195090,Wind generation,"Wind Onshore",2018-02-16,24,3068.446
NGET-EMFIP-AGWS-TS-00195089,Wind generation,"Wind Offshore",2018-02-16,24,1155.258
NGET-EMFIP-AGWS-TS-00195088,Solar generation,"Solar",2018-02-16,24,5580
NGET-EMFIP-AGWS-TS-00195087,Wind generation,"Wind Onshore",2018-02-16,23,2936.702
NGET-EMFIP-AGWS-TS-00195086,Wind generation,"Wind Offshore",2018-02-16,23,1127.377
NGET-EMFIP-AGWS-TS-00195085,Solar generation,"Solar",2018-02-16,23,5500
NGET-EMFIP-AGWS-TS-00195084,Wind generation,"Wind Onshore",2018-02-16,22,3050.863
NGET-EMFIP-AGWS-TS-00195083,Wind generation,"Wind Offshore",2018-02-16,22,1193.32
NGET-EMFIP-AGWS-TS-00195082,Solar generation,"Solar",2018-02-16,22,4970
NGET-EMFIP-AGWS-TS-00195081,Wind generation,"Wind Onshore",2018-02-16,21,2996.899
NGET-EMFIP-AGWS-TS-00195080,Wind generation,"Wind Offshore",2018-02-16,21,1122.56
NGET-EMFIP-AGWS-TS-00195079,Solar generation,"Solar",2018-02-16,21,4480
NGET-EMFIP-AGWS-TS-00195078,Wind generation,"Wind Onshore",2018-02-16,20,3142.184
NGET-EMFIP-AGWS-TS-00195077,Wind generation,"Wind Offshore",2018-02-16,20,1346.183
NGET-EMFIP-AGWS-TS-00195076,Solar generation,"Solar",2018-02-16,20,3780
NGET-EMFIP-AGWS-TS-00195075,Wind generation,"Wind Onshore",2018-02-16,19,3338.075
NGET-EMFIP-AGWS-TS-00195074,Wind generation,"Wind Offshore",2018-02-16,19,1705.028
NGET-EMFIP-AGWS-TS-00195073,Solar generation,"Solar",2018-02-16,19,3010
NGET-EMFIP-AGWS-TS-00195072,Wind generation,"Wind Onshore",2018-02-16,18,3503.852
NGET-EMFIP-AGWS-TS-00195071,Wind generation,"Wind Offshore",2018-02-16,18,1696.214
NGET-EMFIP-AGWS-TS-00195070,Solar generation,"Solar",2018-02-16,18,2140
NGET-EMFIP-AGWS-TS-00195069,Wind generation,"Wind Onshore",2018-02-16,17,3538.392
NGET-EMFIP-AGWS-TS-00195068,Wind generation,"Wind Offshore",2018-02-16,17,1852.229
NGET-EMFIP-AGWS-TS-00195067,Solar generation,"Solar",2018-02-16,17,1150
NGET-EMFIP-AGWS-TS-00195066,Wind generation,"Wind Onshore",2018-02-16,16,3701.591
NGET-EMFIP-AGWS-TS-00195065,Wind generation,"Wind Offshore",2018-02-16,16,1835.247
NGET-EMFIP-AGWS-TS-00195064,Solar generation,"Solar",2018-02-16,16,308
NGET-EMFIP-AGWS-TS-00195063,Wind generation,"Wind Onshore",2018-02-16,15,3780.112
NGET-EMFIP-AGWS-TS-00195062,Wind generation,"Wind Offshore",2018-02-16,15,1867.826
NGET-EMFIP-AGWS-TS-00195061,Solar generation,"Solar",2018-02-16,15,0
NGET-EMFIP-AGWS-TS-00195060,Wind generation,"Wind Onshore",2018-02-16,14,3961.079
NGET-EMFIP-AGWS-TS-00195059,Wind generation,"Wind Offshore",2018-02-16,14,1879.339
NGET-EMFIP-AGWS-TS-00195058,Solar generation,"Solar",2018-02-16,14,0
NGET-EMFIP-AGWS-TS-00195057,Wind generation,"Wind Onshore",2018-02-16,13,4011.51
NGET-EMFIP-AGWS-TS-00195056,Wind generation,"Wind Offshore",2018-02-16,13,1835.682
NGET-EMFIP-AGWS-TS-00195055,Solar generation,"Solar",2018-02-16,13,2
NGET-EMFIP-AGWS-TS-00195054,Wind generation,"Wind Onshore",2018-02-16,12,4027.07
NGET-EMFIP-AGWS-TS-00195053,Wind generation,"Wind Offshore",2018-02-16,12,2304.243
NGET-EMFIP-AGWS-TS-00195052,Solar generation,"Solar",2018-02-16,12,0
NGET-EMFIP-AGWS-TS-00195051,Wind generation,"Wind Onshore",2018-02-16,11,4079.502
NGET-EMFIP-AGWS-TS-00195050,Wind generation,"Wind Offshore",2018-02-16,11,2813.39
NGET-EMFIP-AGWS-TS-00195049,Solar generation,"Solar",2018-02-16,11,0
NGET-EMFIP-AGWS-TS-00195048,Wind generation,"Wind Onshore",2018-02-16,10,4234.751
NGET-EMFIP-AGWS-TS-00195047,Wind generation,"Wind Offshore",2018-02-16,10,2727.707
NGET-EMFIP-AGWS-TS-00195046,Solar generation,"Solar",2018-02-16,10,0
NGET-EMFIP-AGWS-TS-00195045,Wind generation,"Wind Onshore",2018-02-16,9,4329.912
NGET-EMFIP-AGWS-TS-00195044,Wind generation,"Wind Offshore",2018-02-16,9,2901.914
NGET-EMFIP-AGWS-TS-00195043,Solar generation,"Solar",2018-02-16,9,0
NGET-EMFIP-AGWS-TS-00195042,Wind generation,"Wind Onshore",2018-02-16,8,4488.146
NGET-EMFIP-AGWS-TS-00195041,Wind generation,"Wind Offshore",2018-02-16,8,3078.794
NGET-EMFIP-AGWS-TS-00195040,Solar generation,"Solar",2018-02-16,8,0
NGET-EMFIP-AGWS-TS-00195039,Wind generation,"Wind Onshore",2018-02-16,7,4730.427
NGET-EMFIP-AGWS-TS-00195038,Wind generation,"Wind Offshore",2018-02-16,7,3036.347
NGET-EMFIP-AGWS-TS-00195037,Solar generation,"Solar",2018-02-16,7,0
NGET-EMFIP-AGWS-TS-00195036,Wind generation,"Wind Onshore",2018-02-16,6,4928.221
NGET-EMFIP-AGWS-TS-00195035,Wind generation,"Wind Offshore",2018-02-16,6,3190.675
NGET-EMFIP-AGWS-TS-00195034,Solar generation,"Solar",2018-02-16,6,0
NGET-EMFIP-AGWS-TS-00195033,Wind generation,"Wind Onshore",2018-02-16,5,5135.955
NGET-EMFIP-AGWS-TS-00195032,Wind generation,"Wind Offshore",2018-02-16,5,3081.613
NGET-EMFIP-AGWS-TS-00195031,Solar generation,"Solar",2018-02-16,5,0
NGET-EMFIP-AGWS-TS-00195030,Wind generation,"Wind Onshore",2018-02-16,4,4993.838
NGET-EMFIP-AGWS-TS-00195029,Wind generation,"Wind Offshore",2018-02-16,4,3185.875
NGET-EMFIP-AGWS-TS-00195028,Solar generation,"Solar",2018-02-16,4,0
NGET-EMFIP-AGWS-TS-00195027,Wind generation,"Wind Onshore",2018-02-16,3,5104.72
NGET-EMFIP-AGWS-TS-00195026,Wind generation,"Wind Offshore",2018-02-16,3,3284.811
NGET-EMFIP-AGWS-TS-00195025,Solar generation,"Solar",2018-02-16,3,0
NGET-EMFIP-AGWS-TS-00195024,Wind generation,"Wind Onshore",2018-02-16,2,5131.94
NGET-EMFIP-AGWS-TS-00195023,Wind generation,"Wind Offshore",2018-02-16,2,3286.118
NGET-EMFIP-AGWS-TS-00195022,Solar generation,"Solar",2018-02-16,2,0
NGET-EMFIP-AGWS-TS-00195021,Wind generation,"Wind Onshore",2018-02-16,1,5288.428
NGET-EMFIP-AGWS-TS-00195020,Wind generation,"Wind Offshore",2018-02-16,1,3296.058
NGET-EMFIP-AGWS-TS-00195019,Solar generation,"Solar",2018-02-16,1,0